"id","title","company","location","salary","workType","classification","subClassification","postedAt_iso","description_text","description_html","url"
"92491426","Software Engineering Manager - Enterprise-Scale Ride Hailing Company","Adecco","South Jakarta, Jakarta","Rp 35.000.000 – Rp 40.000.000 per month","Full time","Information & Communication Technology","Engineering - Software","2026-06-03T08:07:11.000Z","We Are Hiring - Software Engineering Manager - Enterprise Scale Ride-Hailing Company Role Overview: Lead and manage team delivery, ensuring that proposed timelines are realistic and reliable, supported by thorough technical assessments prior to commitment. Quickly identify low-performing team members, provide coaching where appropriate, and make decisive actions, including personnel changes, when necessary to maintain team performance. Review system designs to ensure the right balance—avoiding both under-design (scalability risks) and over-design (inefficiencies in time and resources). Ensure that product requirements are clearly defined before sprint initiation; confidently challenge or push back on Product Managers or business stakeholders when requirements lack clarity to prevent wasted engineering effort. Closely monitor the quality of team deliverables and intervene proactively to drive immediate improvements when standards decline. Ensure adherence to agreed release windows, and exercise strong judgment in escalating issues or enabling emergency releases when required. Lead the 24/7 on-call support rotation, ensuring every incident is followed by a comprehensive Root Cause Analysis (RCA), generating actionable insights to prevent recurrence and improve early detection mechanisms. Minimum of 8 years of experience in Backend Engineering, with at least 3 years in a leadership role (Lead or Manager level). Strong technical understanding of the web, Android, iOS, and QA automation ecosystems, enabling effective cross-functional collaboration. Proven track record in managing squad delivery and coordinating complex project timelines. Hands-on experience in managing 24/7 on-call support rotations and incident management processes. Excellent assertive communication skills, with the ability to effectively negotiate and align with Product Managers and other stakeholders.","<p><strong>We Are Hiring - Software Engineering Manager - Enterprise Scale Ride-Hailing Company</strong><br><br><strong>Role Overview: </strong><br></p><ul><li><p>Lead and manage team delivery, ensuring that proposed timelines are realistic and reliable, supported by thorough technical assessments prior to commitment.</p></li><li><p>Quickly identify low-performing team members, provide coaching where appropriate, and make decisive actions, including personnel changes, when necessary to maintain team performance.</p></li><li><p>Review system designs to ensure the right balance—avoiding both under-design (scalability risks) and over-design (inefficiencies in time and resources).</p></li><li><p>Ensure that product requirements are clearly defined before sprint initiation; confidently challenge or push back on Product Managers or business stakeholders when requirements lack clarity to prevent wasted engineering effort.</p></li><li><p>Closely monitor the quality of team deliverables and intervene proactively to drive immediate improvements when standards decline.</p></li><li><p>Ensure adherence to agreed release windows, and exercise strong judgment in escalating issues or enabling emergency releases when required.</p></li><li><p>Lead the 24/7 on-call support rotation, ensuring every incident is followed by a comprehensive Root Cause Analysis (RCA), generating actionable insights to prevent recurrence and improve early detection mechanisms.</p></li><li><p>Minimum of 8 years of experience in Backend Engineering, with at least 3 years in a leadership role (Lead or Manager level).</p></li><li><p>Strong technical understanding of the web, Android, iOS, and QA automation ecosystems, enabling effective cross-functional collaboration.</p></li><li><p>Proven track record in managing squad delivery and coordinating complex project timelines.</p></li><li><p>Hands-on experience in managing 24/7 on-call support rotations and incident management processes.</p></li><li><p>Excellent assertive communication skills, with the ability to effectively negotiate and align with Product Managers and other stakeholders.</p></li></ul><p><br></p>","https://id.jobstreet.com/job/92491426"
"92306194","Software Developer (Remote)","Savant Degrees Pte Ltd","Jakarta",,"Full time","Information & Communication Technology","Developers/Programmers","2026-05-25T02:50:13.000Z","Visit our website at www.savantdegrees.com to explore our exciting innovations. We're seeking a talented software developer to join our Asia team. This full-time position offers a remote working arrangement based in Indonesia. Skills & Experience Needed Minimum 3 years of current, hands-on experience in software development Bachelors or Masters degree in Computer Science, Information Systems, or equivalent Strong Java, HTML, CSS, JavaScript skills, with knowledge on Groovy, Apache Tomcat, Python, and JSON an added advantage Experience with AI-powered development tools is a plus, including integrating AI coding assistants (e.g., Codex), and performing AI-assisted code review to improve development workflows and code quality. Proficient verbal and written English communication skills due to project requirement. Resourceful and tenacious in solving problems. Experience with at least one modern programming language with an MVC framework Proactive and able to exercise initiative in ensuring our code quality meets high standards and aligns with best practices, including security. Responsibilities include: Database design and development Coding (e.g. experience in Java, HTML, CSS, JavaScript) Assessing IT security protocols are followed using tools for performance/load testing, and vulnerability scanning Assisting in implementing tools into existing project systems such as Kibana, Katalon, and Logrocket. Integrating AI-powered development tools is a plus, including integrating AI coding assistants (e.g., Codex), and performing AI-assisted code review to improve development workflows and code quality. Supporting engineering team to develop software solutions, from software task creation, to technical documentation, and QA testing Participate in User Acceptance Testing (UAT) and help our development team with code development for bugs identified (depending on the software, could be Groovy/Stripes for applications; or HTML5/Javascript for front-end) Mentor and guide other developers to improve coding standards, best practices, and overall code quality.","<p>Visit our website at www.savantdegrees.com to explore our exciting innovations.<strong> We're seeking a talented software developer to join our Asia team. </strong>This<strong> full-time position</strong> offers a<strong> remote working arrangement based in Indonesia.</strong></p><p><strong><em>Skills &amp; Experience Needed</em></strong></p><ul><li><p><strong>Minimum 3 years of current, hands-on experience in software development</strong></p></li><li><p><strong>&nbsp;Bachelors or Masters degree </strong>in Computer Science, Information Systems, or equivalent</p></li><li><p><strong>Strong Java, HTML, CSS, JavaScript skills, with knowledge on Groovy, Apache Tomcat, Python, and JSON an added advantage</strong></p></li><li><p><strong>Experience with AI-powered development tools is a plus, including integrating AI coding assistants</strong> (e.g., Codex), and performing AI-assisted code review to improve development workflows and code quality.</p></li><li><p><strong>Proficient verbal and written English communication skills</strong> due to project requirement. Resourceful and tenacious in solving problems.</p></li><li><p>Experience with at least one modern programming language with an <strong>MVC framework</strong></p></li><li><p>Proactive and able to exercise initiative in ensuring our code quality meets high standards and aligns with <strong>best practices, including security.</strong></p></li></ul><p><strong><em>Responsibilities include:</em></strong></p><ul><li><p><strong>Database design and development</strong></p></li><li><p><strong>Coding</strong> (e.g. experience in Java, HTML, CSS, JavaScript)&nbsp;</p></li><li><p><strong>Assessing IT security protocols</strong> are followed&nbsp;using tools for performance/load testing, and vulnerability scanning</p></li><li><p>Assisting in implementing tools into existing project systems such as Kibana, Katalon, and Logrocket.</p></li><li><p>Integrating <strong>AI-powered development tools is a plus, including integrating AI coding assistants</strong> (e.g., Codex), and performing AI-assisted code review to improve development workflows and code quality.</p></li><li><p><strong>Supporting engineering team</strong> to develop software solutions, from software task creation, to technical documentation, and QA testing</p></li><li><p><strong>Participate in User Acceptance Testing (UAT)</strong> and help our development team with code development for bugs identified (depending on the software, could be Groovy/Stripes for applications; or HTML5/Javascript for front-end)</p></li><li><p><strong>Mentor</strong> and guide other developers to improve coding standards, best practices, and overall code quality.</p></li></ul><p><br></p>","https://id.jobstreet.com/job/92306194"
"92484086","SOFTWARE ENGINEER","Krea Kalyana Kaamita","Jakarta",,"Full time","Information & Communication Technology","Developers/Programmers","2026-06-03T04:21:39.000Z","Job Description: Build scalable and high-performance web applications. Solve complex technical challenges daily. Collaborate with cross-functional teams. Ship clean, well-tested code. Requirements: Minimum 3 years of professional experience. Tech Stack: React, Node.js, cloud services (AWS/GCP) and related. Strong analytical thinking and problem-solving skills and clean coding habits. Growth-oriented, proactive, and thrives under pressure, minimum supervision.","<p><strong>Job Description:</strong></p><ul><li><p>Build scalable and high-performance web applications.</p></li><li><p>Solve complex technical challenges daily.</p></li><li><p>Collaborate with cross-functional teams.</p></li><li><p>Ship clean, well-tested code.</p></li></ul><p><strong>Requirements:</strong></p><ul><li><p>Minimum 3 years of professional experience.</p></li><li><p>Tech Stack: React, Node.js, cloud services (AWS/GCP) and related.</p></li><li><p>Strong analytical thinking and problem-solving skills and clean coding habits.</p></li><li><p>Growth-oriented, proactive, and thrives under pressure, minimum supervision.</p></li></ul><p><br></p>","https://id.jobstreet.com/job/92484086"
"92484704","Software Solutions Manager","Yayasan Bina Nusantara","Jakarta",,"Full time","Information & Communication Technology","Developers/Programmers","2026-06-03T04:40:42.000Z","Job Desc: • Manage and monitor the overall software development process for related area in BINUS Business Unit and Divisions. • Manage and monitor all project documentations in Software Solutions. • Establish rules and regulation related to the overall Software Development of Software Solutions projects and activities. • Suggest development to the current system to IT Solutions & Development Senior Manager. • Ensure the implementation accomplishment and proper documentation of the overall software development of Software Solutions projects. • Collaborate with various vendors and institution to enhance service for related users. • Oversee and support the overall technology development for further implementation. • Provide advice further input for future project and business process enhancement. • Monitor software implementation to enhance operational quality in the overall project management. • Management Support Activities: o Provide Report to direct Supervisor. o Suggest improvement process related to activities in area of responsibilities (especially related to time concern, effort and cost). o Perform activities related to Quality Management System. o Perform additional tasks related to key responsibilities as required by Direct Supervisor. Requirement: • Minimum Bachelor ‘s Degree (S1) in Computer Science (or related field) • Minimum 3 years working experience in Supervisory Level, or • Minimum 7 years working experience experience in Software/Information System Development field • Special Skills: Application development, Communication & Project Management","<p>Job Desc:</p><p>• Manage and monitor the overall software development process for related area in BINUS Business Unit and Divisions.<br>• Manage and monitor all project documentations in Software Solutions.<br>• Establish rules and regulation related to the overall Software Development of Software Solutions projects and activities.<br>• Suggest development to the current system to IT Solutions &amp; Development Senior Manager.<br>• Ensure the implementation accomplishment and proper documentation of the overall software development of Software Solutions projects.<br>• Collaborate with various vendors and institution to enhance service for related users.<br>• Oversee and support the overall technology development for further implementation.<br>• Provide advice further input for future project and business process enhancement.<br>• Monitor software implementation to enhance operational quality in the overall project management.<br>• Management Support Activities:<br>o Provide Report to direct Supervisor.<br>o Suggest improvement process related to activities in area of responsibilities (especially related to time concern, effort and cost).<br>o Perform activities related to Quality Management System.<br>o Perform additional tasks related to key responsibilities as required by Direct Supervisor.</p><p><strong>Requirement:</strong></p><p>• Minimum Bachelor ‘s Degree (S1) in Computer Science (or related field)<br>• Minimum 3 years working experience in Supervisory Level, or<br>• Minimum 7 years working experience experience in Software/Information System Development field<br>• Special Skills: Application development, Communication &amp; Project Management</p>","https://id.jobstreet.com/job/92484704"
"92454531","Quality Assurance (QA) Engineer","PT Holink Solusi Digital","North Jakarta, Jakarta","Rp 7.500.000 – Rp 10.500.000 per month","Full time","Information & Communication Technology","Testing & Quality Assurance","2026-06-02T02:53:25.000Z","Role Purpose The QA Engineer is responsible for ensuring product quality by testing web and mobile features, identifying bugs, validating requirements, and helping improve the release process to reduce production issues. Key Responsibilities Review product requirements, PRDs, designs, and acceptance criteria before the testing phase. Prepare test cases, test scenarios, and test plans based on product requirements. Perform manual testing across web, mobile, API, and product features. Conduct regression testing before product release to ensure stability. Identify, document, track, and verify bugs clearly and accurately. Maintain and support automation testing where applicable. Collaborate closely with Product Managers, Frontend Engineers, Backend Engineers, QA, and Technical Support to reproduce and resolve issues. Validate bug fixes and ensure product behavior aligns with the approved requirements. Support continuous improvement of QA processes, release checklists, and testing standards. Requirements 2+ years of experience in Software Quality Assurance Strong understanding of test planning, test case design, and regression testing Experience testing Web, Mobile, API, and SaaS products Familiar with bug tracking, root cause analysis, and release validation Strong analytical thinking and attention to detail Able to collaborate closely with Product, Design, and Engineering teams Experience with Postman and API testing Experience with Selenium, Cypress, Playwright, or other automation frameworks is a plus","<h2>Role Purpose</h2><p>The QA Engineer is responsible for ensuring product quality by testing web and mobile features, identifying bugs, validating requirements, and helping improve the release process to reduce production issues.</p><p><br></p><h2>Key Responsibilities</h2><ul><li><p>Review product requirements, PRDs, designs, and acceptance criteria before the testing phase.</p></li><li><p>Prepare test cases, test scenarios, and test plans based on product requirements.</p></li><li><p>Perform manual testing across web, mobile, API, and product features.</p></li><li><p>Conduct regression testing before product release to ensure stability.</p></li><li><p>Identify, document, track, and verify bugs clearly and accurately.</p></li><li><p>Maintain and support automation testing where applicable.</p></li><li><p>Collaborate closely with Product Managers, Frontend Engineers, Backend Engineers, QA, and Technical Support to reproduce and resolve issues.</p></li><li><p>Validate bug fixes and ensure product behavior aligns with the approved requirements.</p></li><li><p>Support continuous improvement of QA processes, release checklists, and testing standards.</p></li></ul><p><br></p><h2>Requirements</h2><ul><li><p>2+ years of experience in Software Quality Assurance</p></li><li><p>Strong understanding of test planning, test case design, and regression testing</p></li><li><p>Experience testing Web, Mobile, API, and SaaS products</p></li><li><p>Familiar with bug tracking, root cause analysis, and release validation</p></li><li><p>Strong analytical thinking and attention to detail</p></li><li><p>Able to collaborate closely with Product, Design, and Engineering teams</p></li><li><p>Experience with Postman and API testing</p></li><li><p>Experience with Selenium, Cypress, Playwright, or other automation frameworks is a plus<br></p></li></ul><p><br></p>","https://id.jobstreet.com/job/92454531"
"92479117","Chief Engineering Electrical","WINGS Group","Cikarang",,"Full time","Engineering","Electrical/Electronic Engineering","2026-06-03T04:54:56.000Z","About us Wings Group adalah salah satu produsen barang terbesar di Indonesia yang berfokus pada produk kebutuhan rumah tangga, personal care, dan Food & Beverage. PT Tirta Alam Segar (WINGSFOOD) adalah perusahaan FMCG terkemuka di Indonesia yang bergerak di bidang produksi minuman dalam kemasan. PT. Tirta Alam Segar adalah salah satu perusahaan yang tergabung dalam Wings Group yang bergerak di bidang produk Makanan & Minuman. Produk kami antara lain Ale-ale, Teh Rio, Power F, Kopi Nongkrong, Olala Jelly Drink, Floridina, Teh Javana, Iso Plus, Golda Coffee, Milku, dan Aquviva . Kami telah tumbuh menjadi salah satu pemain utama di industri ini, dengan reputasi yang kuat dalam menyediakan produk berkualitas. Kami berkomitmen untuk menjadi pilihan utama bagi konsumen melalui inovasi, efisiensi, dan integritas dalam semua yang kami lakukan. Karena pertumbuhan kami yang pesat, saat ini kami membuka kesempatan bagi kandidat profesional yang kompeten dan berdedikasi untuk bergabung guna mendukung kelancaran operasional produksi perusahaan Kualifikasi: Pendidikan minimal D3/S1 Teknik Elektro atau Mekatronika Memiliki pengalaman minimal 2 tahun di bidang maintenance dan troubleshooting (Fresh Graduate dipersilakan melamar) Diutamakan memiliki pengalaman bekerja di industri manufaktur , khususnya makanan & minuman atau consumer goods Memiliki pengalaman dalam maintenance sistem otomasi dan instalasi listrik industri Diutamakan memiliki pengalaman menangani mesin injection Memahami penggunaan software PLC Rockwell Automation menjadi nilai tambah Tugas dan Tanggung Jawab: Melaksanakan perawatan preventif dan korektif terhadap mesin serta peralatan produksi Melakukan analisa dan troubleshooting sistem kelistrikan dan otomasi untuk memastikan kelancaran proses produksi Melaksanakan instalasi dan perbaikan sistem kelistrikan di area produksi (khususnya area bottle) Memastikan mesin dan peralatan dalam kondisi optimal guna meminimalkan downtime Membuat laporan pekerjaan dan hasil pemeriksaan secara berkala Keahlian Teknis : Listrik Arus Kuat (Instalasi & Troubleshooting) PLC Basic (Hardware & Software) HMI (Human Machine Interface) Sistem Kontrol Otomasi Industri SCADA IoT (Internet of Things) dalam sistem industri Benefits Opportunity to become Permanent based Employee BPJS & Health Insurance, Catering THR, Bonus allowance","<p><strong>About us</strong></p><p><strong>Wings Group</strong> adalah salah satu produsen barang terbesar di Indonesia yang berfokus pada produk kebutuhan rumah tangga, personal care, dan Food &amp; Beverage. <strong>PT Tirta Alam Segar (WINGSFOOD)</strong> adalah perusahaan FMCG terkemuka di Indonesia yang bergerak di bidang produksi minuman dalam kemasan. PT. Tirta Alam Segar adalah salah satu perusahaan yang tergabung dalam Wings Group yang bergerak di bidang produk Makanan &amp; Minuman. Produk kami antara lain <strong>Ale-ale, Teh Rio, Power F, Kopi Nongkrong, Olala Jelly Drink, Floridina, Teh Javana, Iso Plus, Golda Coffee, Milku, dan Aquviva</strong>. Kami telah tumbuh menjadi salah satu pemain utama di industri ini, dengan reputasi yang kuat dalam menyediakan produk berkualitas. Kami berkomitmen untuk menjadi pilihan utama bagi konsumen melalui inovasi, efisiensi, dan integritas dalam semua yang kami lakukan. Karena pertumbuhan kami yang pesat, saat ini kami membuka kesempatan bagi kandidat profesional yang kompeten dan berdedikasi untuk bergabung guna mendukung kelancaran operasional produksi perusahaan</p><p><br></p><p><strong>Kualifikasi:</strong></p><ol><li><p>Pendidikan minimal <strong>D3/S1 Teknik Elektro atau Mekatronika</strong></p></li><li><p>Memiliki pengalaman minimal <strong>2 tahun</strong> di bidang maintenance dan troubleshooting (Fresh Graduate dipersilakan melamar)</p></li><li><p>Diutamakan memiliki pengalaman bekerja di <strong>industri manufaktur</strong>, khususnya makanan &amp; minuman atau consumer goods</p></li><li><p>Memiliki pengalaman dalam <strong>maintenance sistem otomasi</strong> dan <strong>instalasi listrik industri</strong></p></li><li><p>Diutamakan memiliki pengalaman menangani mesin injection</p></li><li><p>Memahami penggunaan software <strong>PLC Rockwell Automation</strong> menjadi nilai tambah</p></li></ol><p><br></p><p><strong>Tugas dan Tanggung Jawab:</strong></p><ol><li><p>Melaksanakan perawatan preventif dan korektif terhadap mesin serta peralatan produksi</p></li><li><p>Melakukan analisa dan troubleshooting sistem kelistrikan dan otomasi untuk memastikan kelancaran proses produksi</p></li><li><p>Melaksanakan instalasi dan perbaikan sistem kelistrikan di area produksi (khususnya area bottle)</p></li><li><p>Memastikan mesin dan peralatan dalam kondisi optimal guna meminimalkan downtime</p></li><li><p>Membuat laporan pekerjaan dan hasil pemeriksaan secara berkala</p></li></ol><p><br></p><p><strong>Keahlian Teknis :</strong></p><ol><li><p>Listrik Arus Kuat (Instalasi &amp; Troubleshooting)</p></li><li><p>PLC Basic (Hardware &amp; Software)</p></li><li><p>HMI (Human Machine Interface)</p></li><li><p>Sistem Kontrol Otomasi Industri</p></li><li><p>SCADA</p></li><li><p>IoT (Internet of Things) dalam sistem industri</p></li></ol><p><br></p><p><strong>Benefits</strong></p><ul><li><p>Opportunity to become Permanent based Employee</p></li><li><p>BPJS &amp; Health Insurance, Catering</p></li><li><p>THR, Bonus allowance</p></li></ul><p><br></p>","https://id.jobstreet.com/job/92479117"
"92485012","Engineer (Hardware) Jakarta","Galva Galindra Multi Cipta","Central Jakarta, Jakarta","Rp 6.000.000 – Rp 7.000.000 per month","Full time","Engineering","Electrical/Electronic Engineering","2026-06-03T04:50:09.000Z","HARDWARE ENGINEER (JAKARTA) - READY TO BUILD? Location: Central Jakarta, Jakarta Calling all Electronics Engineers who are ready to design, code, and build ! Skip the boring corporate talk—we’re looking for a sharp, driven mind to join our team and make some real hardware magic happen. Fresh Grads? Don't wait—apply now! REQUIREMENTS: Your Hardware Stack If you can tick these boxes, you're the one we want: Degree: Minimum Bachelor's Degree (S1) in Electrical Engineering (or equivalent). Core Knowledge: Solid understanding of electronic components (know your resistors from your caps!). Design Tools: Expert level with electronic design software like Altium Designer or similar platforms. Coding Skills: Hands-on experience using and programming Microcontrollers , especially ESP32 , using C language or equivalent. Practical Skills: Able to perform neat, precise soldering and PCB assembly . We need clean builds! JOB DESCRIPTION: What You'll Be Building You'll be the architect and the executor, leading the process from concept to creation: Design & Layout: Create schematics and PCB layouts using electronic design software (your time to shine!). Prototype Development: Develop and thoroughly test electronic prototypes . Bring your designs to life! QC Champion: Perform essential Quality Control checks on custom devices before they ship to our clients. THE PERKS: Why You Should Join Our Circuit We value our engineers and offer benefits that actually matter: Performance & Growth: Quarterly Performance Bonus (based on your and company success) + an Attractive Career Path with personalized development plans. Next-Level Healthcare: BPJS (Health & Employment) plus Direct Inpatient and Outpatient Facilities provided by Galva (no messy third-party claims— EASY CLAIM PROCESS ). Vision & Smiles: We cover your Vision and Dental needs. Financial Extras: Religious Holiday Allowance (THR) , Pension Fund , and an Employee Savings & Loan Cooperative. Wellness Focused: Annual Medical Check-Up and a free On-Site Doctor Service twice a week. Team Vibe: Fun, Company-Sponsored Outing Events . Ready to stop sketching and start building? Send your resume and let's engineer the future together! 📩","<h2><strong>HARDWARE ENGINEER (JAKARTA) - READY TO BUILD?</strong></h2><p><br></p><p><strong>Location:</strong> Central Jakarta, Jakarta</p><p>Calling all <strong>Electronics Engineers</strong> who are ready to <strong>design, code, and build</strong>! Skip the boring corporate talk—we’re looking for a sharp, driven mind to join our team and make some real hardware magic happen. <strong>Fresh Grads? Don't wait—apply now!</strong></p><p><br></p><h2><strong><em>REQUIREMENTS: Your Hardware Stack</em></strong></h2><p>If you can tick these boxes, you're the one we want:</p><ul><li><p><strong>Degree:</strong> Minimum Bachelor's Degree (S1) in <strong>Electrical Engineering</strong> (or equivalent).</p></li><li><p><strong>Core Knowledge:</strong> Solid understanding of <strong>electronic components</strong> (know your resistors from your caps!).</p></li><li><p><strong>Design Tools:</strong> <strong>Expert level</strong> with electronic design software like <strong>Altium Designer</strong> or similar platforms.</p></li><li><p><strong>Coding Skills:</strong> Hands-on experience using and programming <strong>Microcontrollers</strong>, especially <strong>ESP32</strong>, using <strong>C language</strong> or equivalent.</p></li><li><p><strong>Practical Skills:</strong> Able to perform <strong>neat, precise soldering</strong> and <strong>PCB assembly</strong>. We need clean builds!</p></li></ul><p><br></p><h2><strong><em>JOB DESCRIPTION: What You'll Be Building</em></strong></h2><p>You'll be the architect and the executor, leading the process from concept to creation:</p><ul><li><p><strong>Design &amp; Layout:</strong> Create <strong>schematics</strong> and <strong>PCB layouts</strong> using electronic design software (your time to shine!).</p></li><li><p><strong>Prototype Development:</strong> Develop and thoroughly <strong>test electronic prototypes</strong>. Bring your designs to life!</p></li><li><p><strong>QC Champion:</strong> Perform essential <strong>Quality Control</strong> checks on custom devices before they ship to our clients.</p></li></ul><p><br></p><h2><strong><em>THE PERKS: Why You Should Join Our Circuit</em></strong></h2><p>We value our engineers and offer benefits that actually matter:</p><ul><li><p><strong>Performance &amp; Growth:</strong> <strong>Quarterly Performance Bonus</strong> (based on your and company success) + an <strong>Attractive Career Path</strong> with personalized development plans.</p></li><li><p><strong>Next-Level Healthcare:</strong> <strong>BPJS</strong> (Health &amp; Employment) plus <strong>Direct Inpatient and Outpatient Facilities</strong> provided by Galva (no messy third-party claims—<strong>EASY CLAIM PROCESS</strong>).</p></li><li><p><strong>Vision &amp; Smiles:</strong> We cover your <strong>Vision and Dental</strong> needs.</p></li><li><p><strong>Financial Extras:</strong> <strong>Religious Holiday Allowance (THR)</strong>, <strong>Pension Fund</strong>, and an Employee Savings &amp; Loan Cooperative.</p></li><li><p><strong>Wellness Focused:</strong> <strong>Annual Medical Check-Up</strong> and a free <strong>On-Site Doctor Service</strong> twice a week.</p></li><li><p><strong>Team Vibe:</strong> Fun, <strong>Company-Sponsored Outing Events</strong>.</p></li></ul><p><strong>Ready to stop sketching and start building? Send your resume and let's engineer the future together!</strong> 📩</p>","https://id.jobstreet.com/job/92485012"
"92259332","Manager Engineering","Private Advertiser","Cikarang Pusat, West Java","Rp 16.000.000 – Rp 19.000.000 per month","Full time","Engineering","Management","2026-06-02T08:21:02.000Z","About the role Join our company as a Manager Engineering in our Cikarang, West Java office. Our company manufactures plastic parts. As the Manager Engineering, you will play a crucial role in overseeing the technical operations and strategic direction of our engineering department, ensuring the successful delivery of our products and services. Qualification : Bachelor's degree in Manufacturing Engineering, Industrial Engineering, Mechanical Engineering, or a related field. A Master's degree is preferred. Proven experience in manufacturing engineering, with a minimum of 5 years in a managerial role. Demonstrated experience in process improvement, lean manufacturing, and project management. Knowledge of manufacturing operations and equipment (Injection, Painting, Blow). Familiarity with quality management systems and regulatory requirements. Strong leadership and team management skills. Willing to be placed in Cikarang, Bekasi and join ASAP Job Description : Monitor and report on key engineering metrics and KPIs to drive continuous improvement. Proficiency in 3D drawing software and other engineering tools. Knowledge of quality management systems, such as ISO standards, IATF, APQP and PPAP documents. Lead and manage the manufacturing engineering team, providing guidance, mentoring, and training to ensure the team's success and professional growth. Collaborate with cross-functional teams, including design engineering, production, and quality assurance, to develop and implement new products or processes. Manage and oversee the implementation of new equipment, technologies, and automation systems to enhance manufacturing capabilities and efficiency In-depth knowledge of Manufacturing Processes (Injection, Blow, Vacuum and Painting), including assembly methods, and automation. Collaborate with suppliers and vendors to source and evaluate new technologies, materials, and equipment to improve manufacturing processes and reduce costs. (The selected candidate must be willing to participate in an offline interview process)","<p><strong>About the role</strong><br><br>Join our company as a <strong>Manager Engineering</strong> in our Cikarang, West Java office. Our company manufactures plastic parts. As the Manager Engineering, you will play a crucial role in overseeing the technical operations and strategic direction of our engineering department, ensuring the successful delivery of our products and services.</p><p><strong>Qualification :</strong></p><ul><li><p>Bachelor's degree in Manufacturing Engineering, Industrial Engineering, Mechanical Engineering, or a related field. A Master's degree is preferred.</p></li><li><p>Proven experience in manufacturing engineering, with a minimum of 5 years in a managerial role.</p></li><li><p>Demonstrated experience in process improvement, lean manufacturing, and project management.</p></li><li><p>Knowledge of manufacturing operations and equipment (Injection, Painting, Blow).</p></li><li><p>Familiarity with quality management systems and regulatory requirements.</p></li><li><p>Strong leadership and team management skills.</p></li><li><p>Willing to be placed in Cikarang, Bekasi and join ASAP</p></li></ul><p><strong>Job Description :</strong></p><ul><li><p>Monitor and report on key engineering metrics and KPIs to drive continuous improvement.</p></li><li><p>Proficiency in 3D drawing software and other engineering tools.</p></li><li><p>Knowledge of quality management systems, such as ISO standards, IATF, APQP and PPAP documents.</p></li><li><p>Lead and manage the manufacturing engineering team, providing guidance, mentoring, and training to ensure the team's success and professional growth.</p></li><li><p>Collaborate with cross-functional teams, including design engineering, production, and quality assurance, to develop and implement new products or processes.</p></li><li><p>Manage and oversee the implementation of new equipment, technologies, and automation systems to enhance manufacturing capabilities and efficiency</p></li><li><p>In-depth knowledge of Manufacturing Processes (Injection, Blow, Vacuum and Painting), including assembly methods, and automation.</p></li><li><p>Collaborate with suppliers and vendors to source and evaluate new technologies, materials, and equipment to improve manufacturing processes and reduce costs.</p></li></ul><p><strong>(The selected candidate must be willing to participate in an offline interview process)</strong></p><p><br></p>","https://id.jobstreet.com/job/92259332"
"92482191","Site Enggineer","Sinar Eterna","West Jakarta, Jakarta","Rp 7.000.000 – Rp 8.000.000 per month","Full time","Engineering","Civil/Structural Engineering","2026-06-03T03:34:53.000Z","Tanggung Jawab Utama: Mengawasi dan memastikan pelaksanaan pekerjaan sesuai gambar desain dan spesifikasi proyek. Berkoordinasi dengan tim teknis, kontraktor, dan manajemen proyek untuk memastikan progres berjalan sesuai target. Menggunakan software Structural dan AutoCAD & Sketchup untuk mendukung perencanaan serta pelaksanaan proyek. Menyusun laporan harian dan mingguan terkait progres pekerjaan di site. Membuat perhitungan Quantity Approval Material & Drawing Membuat pekerjaan tambah/ kurang Perhitungan Site Instruction Membuat perbandingan harga subcont Perhitungan dan permintaan material Membuat progress subcont/ mandor Membuat progress payment ke owner","<p>Tanggung Jawab Utama:</p><p>Mengawasi dan memastikan pelaksanaan pekerjaan sesuai gambar desain dan spesifikasi proyek.</p><p>Berkoordinasi dengan tim teknis, kontraktor, dan manajemen proyek untuk memastikan progres berjalan sesuai target.</p><p>Menggunakan software Structural dan AutoCAD &amp; Sketchup untuk mendukung perencanaan serta pelaksanaan proyek.</p><p>Menyusun laporan harian dan mingguan terkait progres pekerjaan di site.</p><p>Membuat perhitungan Quantity</p><p>Approval Material &amp; Drawing</p><p>Membuat pekerjaan tambah/ kurang</p><p>Perhitungan Site Instruction</p><p>Membuat perbandingan harga subcont</p><p>Perhitungan dan permintaan material</p><p>Membuat progress subcont/ mandor</p><p>Membuat progress payment ke owner</p>","https://id.jobstreet.com/job/92482191"
"92253683","Senior/Lead Full-stack Software Engineer (React, Node.js) | EdTech | Dayshift","The Pique Lab Learning Centre","Jakarta","Rp 30,000,000 – Rp 40,000,000 per month","Full time","Information & Communication Technology","Developers/Programmers","2026-05-21T06:26:54.000Z","Do you have a sharp eye for breaking down complex problems & an innate gift for writing elegant code? How does working in an environment that truly cares about your growth (without milking you dry) sound to you? [About Our Team] At The Pique Lab, we’re on a mission to create the best Math & Science learning experience for students aged 9 to 16 in Singapore. Our lessons are meticulously crafted based on pedagogical research and data-driven methodologies to achieve one overarching goal: to make learning fun, shorten learning curves and help students develop a genuine appreciation for Math & Science . Over the past decade, we've grown from a pair of co-founders to a diverse team of over 100 team members across 10 departments. Our proprietary learning methodology and examination-centric materials have helped more than 20,000 students ace their examinations. Our headquarters is in Singapore, with remote teams in China, India, Malaysia and the Philippines. We take pride in our open, fast-paced and flat organisational structure where every team member is valued for their skills and competencies, not just their job titles. If you want to spend your time meaningfully on cool edtech projects & NOT refactoring buggy, legacy code, you might be the next teammate we’re looking for! [What’s In It For You To Join Us?] Working Arrangement : Remote (Note: As our operational needs may evolve, we are looking for someone who is comfortable with potential office setup arrangements, including the possibility of working from our onsite offices in Jakarta or Batam.) Working Hours : Monday to Friday, 10AM to 7PM (inclusive of 1-hour lunch break) (Singapore Timezone) Team Size : 15 (Software Engineers, UI/UX Designers, Product Managers) Projects (assigned depending on your skills, interest & business needs): School Management System (ERP/Web & Mobile, iOS/Android) + Cloud Contact Centre (Web) [Our Technology] We work with a lot of exciting technology: React, Typescript, SASS, Redux for frontend work. Node.js, GraphQL for our service code. MongoDB, ElasticSearch for storage & indexing. LLMs & Langchain for GenAI functionalities. Kubernetes, Docker & Github Actions for continuous integration & delivery. Google Cloud for underlying infrastructure. Puppeteer, Playwright & Selenium for testing. GitHub Copilot & Cursor IDE for AI code assistance. [Your Role & Growth] We’re positioning ourselves as an AI-first engineering team . We’re actively experimenting with modern AI tools to enhance how our developers build, test, and ship code. From automated code reviews to generative workflows, we’re laying the groundwork to integrate AI meaningfully into our engineering processes. You will use the power of code to solve complex business problems, so that our users can focus their time & energy on things that matter . You’ll join us at a pivotal movement where we scale rapidly & this means you’ll get more opportunities when you embark on this journey with us. #1: Spearhead Hands-on Development From breaking down complex problems to designing solutions that are easy-to-maintain, flexible & scalable , this role is perfect for tech enthusiasts who appreciate diversity in their role. You'll spend the bulk of your time developing, testing & deploying dynamic web-based solutions . Growing your career with us is a marathon, not a sprint. We know what we want from our software engineering team & are careful not to spread our team members too thin. #2: Work With The Latest Tech Tools We invest in the latest tech tools to help us become more efficient & productive at our work, so we can focus on higher-value activities instead of pencil-pushing tasks. We are always looking to apply the latest engineering practices in our workflows & help our software engineers sharpen their engineering & communication skills . #3: Set The Culture & Grow YOUR Team We want to work with you to create a sustainable developmental culture that appreciates great work & gives you pride . You'll get to learn & work closely with our team of 20 software engineers, product managers, testers & user experience designers. [You, Our Ideal Candidate] Minimum 3 to 5 years of working experience as a software engineer (proficient in both front-end & back-end technologies) Minimum Bachelor's Degree in Computer Science, Engineering or a similar discipline Proficient in JavaScript, TypeScript, SASS & other common web technologies Familiar with using React or equivalent related technologies Proficient in Node.js, GraphQL server development Familiar with MongoDB, ElasticSearch & other databases Familiar with deploying & maintaining CI/CD solutions (such as Kubernetes, Jenkins, Github Actions, Now, Serverless) Willing to use Git for code collaborative management Interested in AI-augmented engineering workflows (such as GitHub Copilot, Cursor IDE, v0 and Langflow) Possesses strong independent problem-solving & learning skills Believes in good programming habits & pursue writing elegant code : You should also be familiar with common design patterns & agile development processes. Excellent command of written & spoken English Language [Your Welfare] Being a Software Engineer at The Pique Lab isn’t always easy. It requires resilience, resourcefulness & a strong desire to go the extra mile. In return, we take good care of you so that you can put your best work forward. Market Competitive Remuneration : Although we're not a big tech or VC-funded start-up, we take good care of our team which starts by paying them fairly. Career Progression Opportunities : We're looking to build a solid development management team. If you want to create a developmental culture that you can be proud of, this is it! Mentorship & Regular Feedback : Our CTO is an ex-senior software engineer from Rakuten. Productivity & Tech Benefits : Work efficiently with a 34” Monitor, Apple Equipment & Peripherals. Generous Paid Leave Package : Paid Vacation Leave + Medical Leave + Compassionate Leave + Birthday Leave + Wellness Leave + Gratitude Leave. Company Socials Work From Home Care Packages [Our Recruitment Process] A simple profile match by our team where we will assess your application against the role. A short one-way video interview so that we can get to know you a little better. A technical interview with our VP of Engineering to learn more about your background, experiences and thought process. The entire process will be conducted online & you'll be notified of the outcome accordingly.","<p><strong>Do you have a sharp eye for breaking down complex problems &amp; an innate gift for writing elegant code? How does working in an environment that truly cares about your growth (without milking you dry) sound to you?</strong></p><p><br></p><p><strong>[About Our Team]</strong></p><p>At The Pique Lab, we’re on a mission to create the best Math &amp; Science learning experience for students aged 9 to 16 in Singapore. Our lessons are meticulously crafted based on pedagogical research and data-driven methodologies to achieve one overarching goal: <strong>to make learning fun, shorten learning curves and help students develop a genuine appreciation for Math &amp; Science</strong>.</p><p>Over the past decade, we've grown from a pair of co-founders to a <strong>diverse team of over 100 team members across 10 departments.</strong> Our proprietary learning methodology and examination-centric materials have <strong>helped more than 20,000 students ace their examinations.</strong></p><p>Our headquarters is in Singapore, with remote teams in China, India, Malaysia and the Philippines. We take pride in our open, fast-paced and flat organisational structure where every team member is valued for their skills and competencies, not just their job titles.</p><p>If you want to spend your time meaningfully on cool edtech projects &amp; NOT refactoring buggy, legacy code, you might be the next teammate we’re looking for!<br></p><p><strong>[What’s In It For You To Join Us?]</strong></p><ul><li><p><strong>Working Arrangement</strong>: Remote (Note: As our operational needs may evolve, we are looking for someone who is comfortable with potential office setup arrangements, including the possibility of working from our onsite offices in Jakarta or Batam.)</p></li><li><p><strong>Working Hours</strong>: Monday to Friday, 10AM to 7PM (inclusive of 1-hour lunch break) (Singapore Timezone)</p></li><li><p><strong>Team Size</strong>: 15 (Software Engineers, UI/UX Designers, Product Managers)</p></li><li><p><strong>Projects </strong>(assigned depending on your skills, interest &amp; business needs): <strong>School Management System</strong> (ERP/Web &amp; Mobile, iOS/Android) + <strong>Cloud Contact Centre</strong> (Web)<br></p></li></ul><p><strong>[Our Technology]</strong></p><p>We work with a lot of exciting technology:</p><ul><li><p><strong>React, Typescript, SASS, Redux</strong> for frontend work.</p></li><li><p><strong>Node.js, GraphQL</strong> for our service code.</p></li><li><p><strong>MongoDB, ElasticSearch</strong> for storage &amp; indexing.</p></li><li><p><strong>LLMs &amp; Langchain</strong> for GenAI functionalities.</p></li><li><p><strong>Kubernetes, Docker &amp; Github Actions</strong> for continuous integration &amp; delivery.</p></li><li><p><strong>Google Cloud</strong> for underlying infrastructure.</p></li><li><p><strong>Puppeteer, Playwright &amp; Selenium</strong> for testing.</p></li><li><p><strong>GitHub Copilot &amp; Cursor IDE</strong> for AI code assistance.<br></p></li></ul><p><strong>[Your Role &amp; Growth]</strong></p><p>We’re positioning ourselves as an <strong>AI-first engineering team</strong>. We’re actively experimenting with modern AI tools to enhance how our developers build, test, and ship code. From automated code reviews to generative workflows, we’re laying the groundwork to integrate AI meaningfully into our engineering processes.</p><p><strong>You will use the power of code to solve complex business problems, so that our users can focus their time &amp; energy on things that matter</strong>. You’ll join us at a pivotal movement where we scale rapidly &amp; this means you’ll get more opportunities when you embark on this journey with us.</p><p><strong>#1: Spearhead Hands-on Development</strong></p><p><strong>From breaking down complex problems to designing solutions that are easy-to-maintain, flexible &amp; scalable</strong>, this role is perfect for tech enthusiasts who appreciate diversity in their role. You'll spend the bulk of your time <strong>developing, testing &amp; deploying dynamic web-based solutions</strong>.</p><p>Growing your career with us is a marathon, not a sprint. We know what we want from our software engineering team &amp; are careful not to spread our team members too thin.</p><p><strong>#2: Work With The Latest Tech Tools</strong></p><p><strong>We invest in the latest tech tools</strong> to help us become more efficient &amp; productive at our work, so we can focus on higher-value activities instead of pencil-pushing tasks.</p><p>We are always looking to <strong>apply the latest engineering practices</strong> in our workflows &amp; help our software engineers <strong>sharpen their engineering &amp; communication skills</strong>.</p><p><strong>#3: Set The Culture &amp; Grow YOUR Team</strong></p><p><strong>We want to work with you to create a sustainable developmental culture that appreciates great work &amp; gives you pride</strong>. You'll get to learn &amp; work closely with our team of 20 software engineers, product managers, testers &amp; user experience designers.</p><p><br><strong>[You, Our Ideal Candidate]</strong></p><ul><li><p>Minimum <strong>3 to 5 years of working experience as a software engineer </strong>(proficient in both front-end &amp; back-end technologies)</p></li><li><p>Minimum <strong>Bachelor's Degree in Computer Science, Engineering</strong> or a similar discipline</p></li><li><p>Proficient in <strong>JavaScript, TypeScript, SASS</strong> &amp; other common web technologies</p></li><li><p>Familiar with using <strong>React</strong> or equivalent related technologies</p></li><li><p>Proficient in <strong>Node.js, GraphQL</strong> <strong>server development</strong></p></li><li><p>Familiar with<strong> MongoDB, ElasticSearch &amp; other databases</strong></p></li><li><p>Familiar with<strong> deploying &amp; maintaining CI/CD solutions</strong> (such as Kubernetes, Jenkins, Github Actions, Now, Serverless)</p></li><li><p>Willing to use <strong>Git </strong>for code collaborative management</p></li><li><p>Interested in <strong>AI-augmented engineering workflows</strong> (such as GitHub Copilot, Cursor IDE, v0 and Langflow)</p></li><li><p>Possesses <strong>strong independent problem-solving &amp; learning skills</strong></p></li><li><p>Believes in <strong>good programming habits</strong> <strong>&amp; pursue writing elegant code</strong>: You should also be familiar with common design patterns &amp; agile development processes.</p></li><li><p>Excellent command of <strong>written &amp; spoken English Language</strong><br></p></li></ul><p><strong>[Your Welfare]</strong></p><p>Being a Software Engineer at The Pique Lab isn’t always easy. It requires resilience, resourcefulness &amp; a strong desire to go the extra mile. In return, we take good care of you so that you can put your best work forward.</p><ul><li><p><strong>Market Competitive Remuneration</strong>: Although we're not a big tech or VC-funded start-up, we take good care of our team which starts by paying them fairly.</p></li><li><p><strong>Career Progression Opportunities</strong>: We're looking to build a solid development management team. If you want to create a developmental culture that you can be proud of, this is it!</p></li><li><p><strong>Mentorship &amp; Regular Feedback</strong>: Our CTO is an ex-senior software engineer from Rakuten.</p></li><li><p><strong>Productivity &amp; Tech Benefits</strong>: Work efficiently with a 34” Monitor, Apple Equipment &amp; Peripherals.</p></li><li><p><strong>Generous Paid Leave Package</strong>: Paid Vacation Leave + Medical Leave + Compassionate Leave + Birthday Leave + Wellness Leave + Gratitude Leave.</p></li><li><p><strong>Company Socials</strong></p></li><li><p><strong>Work From Home Care Packages</strong><br></p></li></ul><p><strong>[Our Recruitment Process]</strong></p><ol><li><p>A <strong>simple profile match</strong> by our team where we will assess your application against the role.</p></li><li><p>A <strong>short one-way video interview</strong> so that we can get to know you a little better.</p></li><li><p>A <strong>technical interview with our VP of Engineering </strong>to learn more about your background, experiences and thought process.</p></li></ol><p>The entire process will be conducted online &amp; you'll be notified of the outcome accordingly.</p>","https://id.jobstreet.com/job/92253683"
"92484270","NETWORK ENGINEER","DCI Indonesia","Bekasi, West Java",,"Full time","Information & Communication Technology","Networks & Systems Administration","2026-06-03T04:27:39.000Z","About the role Join PT DCI Indonesia, Tbk' as an Network Engineer and play a vital role in maintaining and optimising the company's critical network infrastructure. In this full-time position based in Bekasi, West Java, you will be responsible for ensuring the smooth and efficient operation of the Network Engineer, a key component of the company's digital services delivery. What you'll be doing Planed, designing, and implementing functional network infrastructure Resolving issues Monitoring, control, and maintenance network SLA Innovation in network development Design and deploy functional networks (LAN, WLAN, WAN) Configure and install software, servers, routers, and other network devices Monitor network performance and integrity Automate tasks and monitor their effectiveness Maintain complete technical documentation Suggest improvements to network performance, capacity, and scalability Willing to work in extended or shift timings and readily available for an 24*7 on-call support for any reported issue. Respond quickly to issues affecting the network environment to maintain high availability and uptime. What we're looking for Experience as a Senior Network Engineer or Network Administrator Professional certification (e.g., CCNP, JNCIA) Solid background in network administration and architecture In-depth understanding of communication protocols (mainly TCP/IP) and routing protocols (e.g., VLAN, VXLAN, VPN, VRRP, BGP, HA configuration ) Understanding of operating system (Linux and windows servers) Experience with network interconnection cloud provider Experience with network diagnostic, monitoring (PRTG, MRTG, CACTI and Grafana) and analysis tools (network tools) Solid understanding of network operating systems (JUNOS, Cisco IOS) Create and preserve design documentation for network operations. Fluent in English Apply now and join our talented team of Network Engineer at PT DCI Indonesia, Tbk'.","<p><strong>About the role</strong><br><br>Join PT DCI Indonesia, Tbk' as an Network Engineer and play a vital role in maintaining and optimising the company's critical network infrastructure. In this full-time position based in Bekasi, West Java, you will be responsible for ensuring the smooth and efficient operation of the Network Engineer, a key component of the company's digital services delivery.</p><p><strong>What you'll be doing</strong></p><ul><li><p>Planed, designing, and implementing functional network infrastructure</p></li><li><p>Resolving issues</p></li><li><p>Monitoring, control, and maintenance network SLA</p></li><li><p>Innovation in network development</p></li><li><p>Design and deploy functional networks (LAN, WLAN, WAN)</p></li><li><p>Configure and install software, servers, routers, and other network devices</p></li><li><p>Monitor network performance and integrity</p></li><li><p>Automate tasks and monitor their effectiveness</p></li><li><p>Maintain complete technical documentation</p></li><li><p>Suggest improvements to network performance, capacity, and scalability</p></li><li><p>Willing to work in extended or shift timings and readily available for an 24*7 on-call support for any reported issue.</p></li><li><p>Respond quickly to issues affecting the network environment to maintain high availability and uptime.</p></li></ul><p><br></p><p><strong>What we're looking for</strong></p><ul><li><p>Experience as a Senior Network Engineer or Network Administrator</p></li><li><p>Professional certification (e.g., CCNP, JNCIA)</p></li><li><p>Solid background in network administration and architecture</p></li><li><p>In-depth understanding of communication protocols (mainly TCP/IP) and routing protocols (e.g.,<strong> VLAN, VXLAN, VPN, VRRP, BGP, HA configuration </strong>)</p></li><li><p>Understanding of operating system (Linux and windows servers)</p></li><li><p>Experience with network interconnection cloud provider</p></li><li><p>Experience with network diagnostic, monitoring (PRTG, MRTG, CACTI and Grafana) and analysis tools (network tools)</p></li><li><p>Solid understanding of network operating systems (JUNOS, Cisco IOS)</p></li><li><p>Create and preserve design documentation for network operations.</p></li><li><p>Fluent in English</p></li></ul><p><br></p><p><strong>Apply now and join our talented team of Network Engineer at PT DCI Indonesia, Tbk'.</strong></p><p><br></p>","https://id.jobstreet.com/job/92484270"
"92491311","IT Infrastructure","Hiba Utama","East Jakarta, Jakarta",,"Full time","Information & Communication Technology","Engineering - Network","2026-06-03T08:04:05.000Z","HIBA GROUP merupakan perusahaan yang bergerak di bidang jasa transportasi sejak tahun 1949, terdiri dari empat lini bisnis utama yaitu: Bus, Car Rental, Dealership dan Logistik. Pengalaman dan Profesionalisme HIBA GROUP telah terbukti melalui berbagai penghargaan dan prestasi. Kami mengundang individu berkualitas untuk dapat bergabung dalam bagian keluarga besar kami. We are HIBA GROUP; Best People, Best Process, Best Safety and Quality Service. Job Requirement : At least minimum 3 years of working experience as IT Infrastructure, IT Sys Admin or Network Administrator Good understanding of Active Directory, File Server, DHCP Server and Mail Server Good understanding of cloud system Familiar with shell script and powershell Good understanding and capable to configure Windows Server and Linux Good understanding and capable to configure network devices, such as Mikrotik, Juniper, Aruba Swich, Ubiquity. Good understanding and capable to configure storage system Able to performing strategic planning to improve network efficiency at branches and head office Available working after office hour & during weekend (if needed) Able work as a Team and Individual Good Listening and communication skills Smart, fast learner, initiative and problem solver Must attach a work certificate from the previous company Job Description : Troubleshooting, diagnosing and resolving, hardware, software, network and security issues and other systems Install, configure, and support network equipment including routers, servers, Firewalls, proxies, WAN, VPN, DNS, and DHCP Configure firewalls, routing and switching to maximize network efficiency and security Maximize network performance through ongoing maintenance, monitoring and troubleshooting Participate cross-functionally with vendors and other IT engineering teams to ensure IT Services","<p>HIBA GROUP merupakan perusahaan yang bergerak di bidang jasa transportasi sejak tahun 1949, terdiri dari empat lini bisnis utama yaitu: Bus, Car Rental, Dealership dan Logistik. Pengalaman dan Profesionalisme HIBA GROUP telah terbukti melalui berbagai penghargaan dan prestasi. Kami mengundang individu berkualitas untuk dapat bergabung dalam bagian keluarga besar kami. We are HIBA GROUP; Best People, Best Process, Best Safety and Quality Service.</p><p><strong>Job Requirement :</strong></p><ul><li><p>At least minimum 3 years of working experience as IT Infrastructure, IT Sys Admin or Network Administrator</p></li><li><p>Good understanding of Active Directory, File Server, DHCP Server and Mail Server</p></li><li><p>Good understanding of cloud system</p></li><li><p>Familiar with shell script and powershell</p></li><li><p>Good understanding and capable to configure Windows Server and Linux</p></li><li><p>Good understanding and capable to configure network devices, such as Mikrotik, Juniper, Aruba Swich, Ubiquity.</p></li><li><p>Good understanding and capable to configure storage system</p></li><li><p>Able to performing strategic planning to improve network efficiency at branches and head office</p></li><li><p>Available working after office hour &amp; during weekend (if needed)</p></li><li><p>Able work as a Team and Individual</p></li><li><p>Good Listening and communication skills</p></li><li><p>Smart, fast learner, initiative and problem solver</p></li><li><p><strong>Must attach a work certificate from the previous company</strong></p></li></ul><p><br></p><p><strong>Job Description :</strong></p><ul><li><p>Troubleshooting, diagnosing and resolving, hardware, software, network and security issues and other systems</p></li><li><p>Install, configure, and support network equipment including routers, servers, Firewalls, proxies, WAN, VPN, DNS, and DHCP</p></li><li><p>Configure firewalls, routing and switching to maximize network efficiency and security</p></li><li><p>Maximize network performance through ongoing maintenance, monitoring and troubleshooting</p></li><li><p>Participate cross-functionally with vendors and other IT engineering teams to ensure IT Services</p></li></ul><p><br></p>","https://id.jobstreet.com/job/92491311"
"92423580","Drilling Engineer","Sigma Cipta Utama","Jakarta",,"Full time","Mining, Resources & Energy","Oil & Gas - Drilling","2026-05-30T07:13:30.000Z","Kualifikasi: Minimal S1 Teknik Perminyakan/Mesin/Kimia/Pertambangan/Geologi/Elektro/Sipil/Industri atau setara Minimal memiliki pengalaman 3–6 tahun di industri Upstream Oil & Gas, khususnya drilling engineering, well planning, dan operational execution Menguasai software drilling design seperti Landmark (Compass, WellPlan, StressCheck, CasingSeat, dll) atau Schlumberger (Petrel Drilling, Osprey, dll) Memahami well design, casing design, bit selection, drilling hydraulics, drilling mud system, wellbore stability, dan pore pressure analysis Memahami HSSE serta drilling risk management (kick, lost circulation, stuck pipe, dll) Mampu menyusun AFE, melakukan cost control, post-drill analysis, dan End of Well Report (EOWR) Memiliki kemampuan analitis, problem solving, komunikasi, dan teamwork yang baik Mampu berbahasa Inggris aktif (lisan & tulisan) Menguasai Microsoft Office dan terbiasa bekerja target-oriented Dapat mengisi link lamaran berikut: https://s.id/SCU2026","<p><strong>Kualifikasi:</strong></p><ol><li><p>Minimal S1 Teknik Perminyakan/Mesin/Kimia/Pertambangan/Geologi/Elektro/Sipil/Industri atau setara</p></li><li><p><strong>Minimal memiliki pengalaman 3–6 tahun</strong> di industri Upstream Oil &amp; Gas, khususnya drilling engineering, well planning, dan operational execution</p></li><li><p>Menguasai software drilling design seperti Landmark (Compass, WellPlan, StressCheck, CasingSeat, dll) atau Schlumberger (Petrel Drilling, Osprey, dll)</p></li><li><p>Memahami well design, casing design, bit selection, drilling hydraulics, drilling mud system, wellbore stability, dan pore pressure analysis</p></li><li><p>Memahami HSSE serta drilling risk management (kick, lost circulation, stuck pipe, dll)</p></li><li><p>Mampu menyusun AFE, melakukan cost control, post-drill analysis, dan End of Well Report (EOWR)</p></li><li><p>Memiliki kemampuan analitis, problem solving, komunikasi, dan teamwork yang baik</p></li><li><p>Mampu berbahasa Inggris aktif (lisan &amp; tulisan)</p></li><li><p>Menguasai Microsoft Office dan terbiasa bekerja target-oriented</p></li></ol><p><br></p><p>Dapat mengisi link lamaran berikut: <strong>https://s.id/SCU2026</strong></p>","https://id.jobstreet.com/job/92423580"
"92056729","IT Developer","Warranty Smart","South Jakarta, Jakarta",,"Full time","Information & Communication Technology","Developers/Programmers","2026-05-12T04:50:54.000Z","Bertanggung jawab: Membangun dan memelihara arsitektur backend/frontend untuk platform B2B E-Commerce dan fitur SaaS manajemen bengkel. Mengeksekusi integrasi end-to-end dengan layanan API pihak ketiga, yang mencakup API Katalog : TecAlliance (K-Type, VIN Search); API Keuangan : Payment Gateway (Virtual Account, Escrow) & B2B Paylater (KoinWorks/Investree dsb); API Logistik: Sameday delivery & Kargo. Menulis kode yang bersih, efisien, teruji ( clean code & TDD), serta melakukan code review untuk memastikan standar kualitas perangkat lunak. Berkolaborasi dengan tim produk dan bisnis untuk menerjemahkan alur transaksi B2B yang kompleks (seperti RFQ dan multi-cart) menjadi solusi teknis yang andal dan tanpa bug. Kualifikasi Umum: Pendidikan min. S1 di bidang Ilmu Komputer,Teknologi Informatika, Sistem Informasi atau bidang terkait. Memiliki pengalaman min. 3-5 tahun sebagai Software Engineer (Backend/Fullstack), diutamakan yang pernah membangun sistem berskala besar di industri E-commerce, SaaS , atau Logistics/Fintech . Menguasai bahasa pemrograman dan framework modern (seperti Node.js, PHP, Python, Golang atau Java), serta mahir dalam pengelolaan database (SQL dan NoSQL). Kualifikasi Khusus: Memiliki pengalaman hands-on yang kuat dalam merancang, membangun, dan mengintegrasikan RESTful API / GraphQL (terutama dengan API Payment Gateway dan Logistik). Terbiasa dengan arsitektur Microservices, Cloud infrastructure (AWS/GCP), dan alur CI/CD. Nilai Tambah (Plus) : Memiliki pemahaman yang baik tentang keamanan data ( data security ) untuk melindungi transaksi bisnis B2B. *Hanya kandidat yang sesuai kualifikasi yang akan diproses lebih lanjut.","<p><br></p><p><strong>Bertanggung jawab:</strong></p><ul><li><p>Membangun dan memelihara arsitektur <em>backend/frontend</em> untuk platform B2B <em>E-Commerce</em> dan fitur <em>SaaS</em> manajemen bengkel.</p></li><li><p>Mengeksekusi integrasi end-to-end dengan layanan API pihak ketiga, yang mencakup API Katalog : TecAlliance (K-Type, VIN Search); API Keuangan : Payment Gateway (Virtual Account, Escrow) &amp; B2B Paylater (KoinWorks/Investree dsb); API Logistik: Sameday delivery &amp; Kargo.</p></li><li><p>Menulis kode yang bersih, efisien, teruji (<em>clean code</em> &amp; TDD), serta melakukan code review untuk memastikan standar kualitas perangkat lunak.</p></li><li><p>Berkolaborasi dengan tim produk dan bisnis untuk menerjemahkan alur transaksi B2B yang kompleks (seperti RFQ dan multi-cart) menjadi solusi teknis yang andal dan tanpa bug.<br></p></li></ul><p><strong>Kualifikasi Umum:</strong></p><ul><li><p>Pendidikan min. S1 di bidang Ilmu Komputer,Teknologi Informatika, Sistem Informasi atau bidang terkait.</p></li><li><p>Memiliki pengalaman min. 3-5 tahun sebagai Software Engineer (Backend/Fullstack), diutamakan yang pernah membangun sistem berskala besar di industri <em>E-commerce, SaaS</em>, atau<em> Logistics/Fintech</em>.</p></li><li><p>Menguasai bahasa pemrograman dan framework modern (seperti Node.js, PHP, Python, Golang atau Java), serta mahir dalam pengelolaan database (SQL dan NoSQL).</p></li></ul><p><strong>Kualifikasi Khusus:</strong></p><ul><li><p>Memiliki pengalaman hands-on yang kuat dalam merancang, membangun, dan mengintegrasikan RESTful API / GraphQL (terutama dengan API Payment Gateway dan Logistik).</p></li><li><p>Terbiasa dengan arsitektur <em>Microservices, Cloud infrastructure</em> (AWS/GCP), dan alur CI/CD.</p></li><li><p>Nilai Tambah (Plus) : Memiliki pemahaman yang baik tentang keamanan data (<em>data security</em>) untuk melindungi transaksi bisnis B2B.</p></li></ul><p><strong><em>*Hanya kandidat yang sesuai kualifikasi yang akan diproses lebih lanjut.</em></strong></p>","https://id.jobstreet.com/job/92056729"
"92466374","Junior Manager Application Support","Bogasari","North Jakarta, Jakarta",,"Full time","Information & Communication Technology","Developers/Programmers","2026-06-02T08:58:33.000Z","Responsibilities: Plan, organize, develop, and implement systems/applications to ensure the availability and maintenance of a business application system that meets company needs Job Requirement: S1 Informatics Engineering/Information Systems with GPA Min. 2.80 scale 4.00 Experience Min. 3 (three) years in the field of Systems Analysis and Software Development, preferably in the manufacturing field Have good project management and system & business analysis skills Proficient in using computers, especially SAP (IFI/CO/MM/SD) Willing to be placed at Tanjung Priok, Jakarta","<p><strong>Responsibilities:</strong></p><ul><li><p>Plan, organize, develop, and implement systems/applications to ensure the availability and maintenance of a business application system that meets company needs</p></li></ul><p><strong>Job Requirement:</strong></p><ul><li><p>S1 Informatics Engineering/Information Systems with GPA Min. 2.80 scale 4.00</p></li><li><p>Experience Min. 3 (three) years in the field of Systems Analysis and Software Development, preferably in the manufacturing field</p></li><li><p>Have good project management and system &amp; business analysis skills</p></li><li><p>Proficient in using computers, especially SAP (IFI/CO/MM/SD)</p></li><li><p>Willing to be placed at Tanjung Priok, Jakarta</p></li></ul><p><br></p>","https://id.jobstreet.com/job/92466374"
"92234719","Geotechnical Engineer","Meinhardt Group","Central Jakarta, Jakarta",,"Full time","Engineering","Civil/Structural Engineering","2026-05-20T10:39:07.000Z","Junior Geotechnical Engineer PT Meinhardt Indonesia is looking for a Junior Geotechnical Engineer to support our engineering team in geotechnical analysis, soil investigation review, foundation design, and coordination with multidisciplinary project teams. This position is suitable for candidates who have a strong basic understanding of soil mechanics, foundation engineering, and geotechnical design, with high willingness to learn in a professional engineering consultancy environment. Responsibilities Assist in reviewing soil investigation reports, borelog data, laboratory test results, and geotechnical parameters. Support geotechnical analysis related to foundation design, slope stability, retaining structures, excavation, and ground improvement. Assist in preparing geotechnical design reports, calculations, technical notes, and design recommendations. Coordinate with structural, civil, infrastructure, and other engineering disciplines. Support senior engineers in checking drawings, specifications, and technical submissions. Participate in project discussions, internal coordination, and technical review meetings. Ensure work is completed in accordance with project requirements, company standards, and applicable codes. Requirements Bachelor’s Degree in Civil Engineering , preferably with a focus on Geotechnical Engineering . Fresh graduates are welcome to apply, preferably with internship, thesis, or project exposure related to geotechnical engineering. 0 to 2 years of relevant experience in geotechnical design, soil investigation, foundation, retaining wall, slope stability, or infrastructure projects. Good basic knowledge of soil mechanics, foundation engineering, geotechnical parameters, and design principles. Familiarity with engineering software such as AutoCAD, Plaxis, GeoStudio, Slope/W, Settle3D, or other geotechnical software will be an advantage. Able to read and understand technical drawings, soil reports, and engineering calculations. Good analytical thinking, attention to detail, and willingness to learn. Good communication skills and able to work in a team. Proficient in Microsoft Office, especially Excel and Word. Good command of English, both written and spoken, will be an advantage. Preferred Qualifications Exposure to building, infrastructure, industrial, data centre, or land development projects. Basic understanding of Indonesian codes and international standards related to geotechnical design. Able to work under supervision and follow technical direction from senior engineers. Willing to develop technical capability in a consultancy and multidisciplinary engineering environment.","<h2>Junior Geotechnical Engineer</h2><p><strong>PT Meinhardt Indonesia</strong> is looking for a <strong>Junior Geotechnical Engineer</strong> to support our engineering team in geotechnical analysis, soil investigation review, foundation design, and coordination with multidisciplinary project teams.</p><p>This position is suitable for candidates who have a strong basic understanding of soil mechanics, foundation engineering, and geotechnical design, with high willingness to learn in a professional engineering consultancy environment.</p><h2>Responsibilities</h2><ul><li><p>Assist in reviewing soil investigation reports, borelog data, laboratory test results, and geotechnical parameters.</p></li><li><p>Support geotechnical analysis related to foundation design, slope stability, retaining structures, excavation, and ground improvement.</p></li><li><p>Assist in preparing geotechnical design reports, calculations, technical notes, and design recommendations.</p></li><li><p>Coordinate with structural, civil, infrastructure, and other engineering disciplines.</p></li><li><p>Support senior engineers in checking drawings, specifications, and technical submissions.</p></li><li><p>Participate in project discussions, internal coordination, and technical review meetings.</p></li><li><p>Ensure work is completed in accordance with project requirements, company standards, and applicable codes.</p></li></ul><h2>Requirements</h2><ul><li><p>Bachelor’s Degree in <strong>Civil Engineering</strong>, preferably with a focus on <strong>Geotechnical Engineering</strong>.</p></li><li><p>Fresh graduates are welcome to apply, preferably with internship, thesis, or project exposure related to geotechnical engineering.</p></li><li><p>0 to 2 years of relevant experience in geotechnical design, soil investigation, foundation, retaining wall, slope stability, or infrastructure projects.</p></li><li><p>Good basic knowledge of soil mechanics, foundation engineering, geotechnical parameters, and design principles.</p></li><li><p>Familiarity with engineering software such as <strong>AutoCAD, Plaxis, GeoStudio, Slope/W, Settle3D, or other geotechnical software</strong> will be an advantage.</p></li><li><p>Able to read and understand technical drawings, soil reports, and engineering calculations.</p></li><li><p>Good analytical thinking, attention to detail, and willingness to learn.</p></li><li><p>Good communication skills and able to work in a team.</p></li><li><p>Proficient in Microsoft Office, especially Excel and Word.</p></li><li><p>Good command of English, both written and spoken, will be an advantage.</p></li></ul><h2>Preferred Qualifications</h2><ul><li><p>Exposure to building, infrastructure, industrial, data centre, or land development projects.</p></li><li><p>Basic understanding of Indonesian codes and international standards related to geotechnical design.</p></li><li><p>Able to work under supervision and follow technical direction from senior engineers.</p></li><li><p>Willing to develop technical capability in a consultancy and multidisciplinary engineering environment.</p></li></ul><p><br></p>","https://id.jobstreet.com/job/92234719"
"92464709","Project Engineer","Smoe Indonesia","Batam, Riau Islands",,"Contract/Temp","Mining, Resources & Energy","Other","2026-06-02T07:52:26.000Z","Job Description: Coordination with all engineering's and prepare documents at site coordination Manages projects from start to finish, include planning, budgeting and execution Liaising with the Construction Manager for the Interface and other key requirements Conduct coordination meetings and reviews Coordinate with the procurement team for timely material deliver General Requirements: Bachelor Degree of Engineering preferred or relevant Technical discipline Experienced in Marine and Offshore, or New build for EPC, Fabrication At least 5 years’ experienced as Project Engineer at Fabrication, Constructions and background in oil and gas industry preferred Strong understanding of construction process, materials, methods and project sequencing Strong technical and analytical skills with knowledge of relevant codes and standards, and equipment sizing calculation Proficiency with project scheduling software Mastery of Microsoft office suite and AutoCAD or other relevant technical applications. Ability to define project scopes, plan, schedule, allocate resources, and manage risks","<p><strong>Job Description:</strong></p><ul><li><p>Coordination with all engineering's and prepare documents at site coordination</p></li><li><p>Manages projects from start to finish, include planning, budgeting and execution</p></li><li><p>Liaising with the Construction Manager for the Interface and other key requirements</p></li><li><p>Conduct coordination meetings and reviews</p></li><li><p>Coordinate with the procurement team for timely material deliver</p></li></ul><p><strong>General Requirements:</strong></p><ul><li><p>Bachelor Degree of Engineering preferred or relevant Technical discipline</p></li><li><p>Experienced in Marine and Offshore, or New build for EPC, Fabrication</p></li><li><p>At least 5 years’ experienced as Project Engineer at Fabrication, Constructions and background in oil and gas industry preferred</p></li><li><p>Strong understanding of construction process, materials, methods and project sequencing</p></li><li><p>Strong technical and analytical skills with knowledge of relevant codes and standards, and equipment sizing calculation</p></li><li><p>Proficiency with project scheduling software</p></li><li><p>Mastery of Microsoft office suite and AutoCAD or other relevant technical applications.</p></li><li><p>Ability to define project scopes, plan, schedule, allocate resources, and manage risks</p></li></ul><p><br></p>","https://id.jobstreet.com/job/92464709"
"92278462","IT Presales Engineer","Ifabula Digital Kreasi","Jakarta","Rp 8.000.000 – Rp 12.000.000 per month","Full time","Information & Communication Technology","Sales - Pre & Post","2026-05-22T05:48:39.000Z","About the role We are seeking an experienced IT Presales Engineer to join our dynamic team at PT Ifabula Digital Kreasi. As an IT Presales Engineer, you will play a crucial role in supporting our sales efforts by providing technical expertise and solutions to our clients. This is a full-time position based in Jakarta. What you'll be doing Collaborate with the sales team to understand client requirements and translate them into technical solutions Provide pre-sales support, including preparing technical proposals, Bill of Quantity (BoQ) documents, and presentations Support tender and bidding processes Coordinate with principals/vendors and internal teams to ensure solution alignment Stay up-to-date with the latest industry trends, technologies, and competitive landscape Contribute to the continuous improvement of our pre-sales processes and tools What we're looking for Bachelor’s Degree in Informatics Engineering, Information Systems, or related field Minimum 1 year of experience in IT Presales or System Integrator industry Strong technical background and understanding of IT infrastructure, software, and cloud solutions such as AWS, Azure, GCP, Alibaba Cloud, or Tencent Cloud Understanding of Data & AI solutions Strong understanding of networking, servers, virtualization, and cloud infrastructure Able to create technical proposals and solution presentations Problem-solving skills and the ability to think creatively to develop tailored solutions for clients Excellent communication and presentation skills, with the ability to translate complex technical concepts into business-friendly language Able to collaborate effectively with sales teams and technical engineers IT certifications will be considered an advantage","<h2>About the role</h2><p>We are seeking an experienced IT Presales Engineer to join our dynamic team at PT Ifabula Digital Kreasi. As an IT Presales Engineer, you will play a crucial role in supporting our sales efforts by providing technical expertise and solutions to our clients. This is a full-time position based in Jakarta.</p><h2><strong>What you'll be doing</strong></h2><ul><li><p>Collaborate with the sales team to understand client requirements and translate them into technical solutions</p></li><li><p>Provide pre-sales support, including preparing technical proposals, Bill of Quantity (BoQ) documents, and presentations</p></li><li><p>Support tender and bidding processes</p></li><li><p>Coordinate with principals/vendors and internal teams to ensure solution alignment</p></li><li><p>Stay up-to-date with the latest industry trends, technologies, and competitive landscape</p></li><li><p>Contribute to the continuous improvement of our pre-sales processes and tools</p></li></ul><h2><strong>What we're looking for</strong></h2><ul><li><p>Bachelor’s Degree in Informatics Engineering, Information Systems, or related field</p></li><li><p>Minimum 1 year of experience in IT Presales or System Integrator industry</p></li><li><p>Strong technical background and understanding of IT infrastructure, software, and cloud solutions such as AWS, Azure, GCP, Alibaba Cloud, or Tencent Cloud</p></li><li><p>Understanding of Data &amp; AI solutions</p></li><li><p>Strong understanding of networking, servers, virtualization, and cloud infrastructure</p></li><li><p>Able to create technical proposals and solution presentations</p></li><li><p>Problem-solving skills and the ability to think creatively to develop tailored solutions for clients</p></li><li><p>Excellent communication and presentation skills, with the ability to translate complex technical concepts into business-friendly language</p></li><li><p>Able to collaborate effectively with sales teams and technical engineers</p></li><li><p>IT certifications will be considered an advantage</p></li></ul><p><br></p>","https://id.jobstreet.com/job/92278462"
"92129984","Front End Engineer","Falah Technology Innovation","South Jakarta, Jakarta","Rp 8.500.000 – Rp 9.650.000 per month","Contract/Temp","Information & Communication Technology","Developers/Programmers","2026-05-15T03:01:02.000Z","PT. Falah Inovasi Teknologi is an Indonesian company specializing in VR, AR, and software solutions for professional training, military simulation, interactive education, and smart campus systems. We are currently looking for a skilled and experienced: 🎯 Front End Engineer 📍 Placement: Jakarta Selatan 📝 Contract / Temporary 🔍 Requirements Education & Experience Bachelor’s / Master’s degree (S1/S2) in Computer Science, Informatics Engineering, or related fields Minimum 4–5 years of experience in frontend development Technical Skills Proficient in JavaScript/TypeScript and modern frameworks (React.js, Next.js, Vue.js, or Angular) Experience building applications with SSR / SSG (Next.js, Gatsby, Nuxt.js) Strong knowledge of TypeScript , async logic, and frontend performance optimization Familiar with Tailwind CSS or CSS-in-JS Experience with Webpack/Vite , Git , and Unit/Integration Testing Understanding of frontend architecture patterns and Agile/Scrum workflows Soft Skills Strong problem-solving and analytical skills Good communication and cross-team collaboration Willingness to learn new technologies 🧩 Responsibilities Design and develop scalable and maintainable frontend systems Optimize performance, bundle size, and application stability Maintain code quality through code reviews and best practices Mentor junior engineers and support team development Collaborate with Backend, UI/UX, and QA teams Participate in Agile development processes Improve the quality and performance of existing applications","<p><strong>PT. Falah Inovasi Teknologi</strong> is an Indonesian company specializing in <strong>VR, AR, and software solutions</strong> for professional training, military simulation, interactive education, and smart campus systems.</p><p>We are currently looking for a skilled and experienced:</p><p>🎯 <strong>Front End Engineer</strong><br>📍 <strong>Placement:</strong> Jakarta Selatan<br>📝 <strong>Contract / Temporary</strong></p><hr><p>🔍 <strong>Requirements</strong></p><p><strong>Education &amp; Experience</strong></p><ul><li><p>Bachelor’s / Master’s degree (S1/S2) in <strong>Computer Science, Informatics Engineering, or related fields</strong></p></li><li><p>Minimum <strong>4–5 years of experience in frontend development</strong></p></li></ul><p><strong>Technical Skills</strong></p><ul><li><p>Proficient in <strong>JavaScript/TypeScript and modern frameworks</strong> (React.js, Next.js, Vue.js, or Angular)</p></li><li><p>Experience building applications with <strong>SSR / SSG</strong> (Next.js, Gatsby, Nuxt.js)</p></li><li><p>Strong knowledge of <strong>TypeScript</strong>, async logic, and <strong>frontend performance optimization</strong></p></li><li><p>Familiar with <strong>Tailwind CSS or CSS-in-JS</strong></p></li><li><p>Experience with <strong>Webpack/Vite</strong>, <strong>Git</strong>, and <strong>Unit/Integration Testing</strong></p></li><li><p>Understanding of <strong>frontend architecture patterns</strong> and <strong>Agile/Scrum workflows</strong></p></li></ul><p><strong>Soft Skills</strong></p><ul><li><p>Strong <strong>problem-solving and analytical skills</strong></p></li><li><p>Good <strong>communication and cross-team collaboration</strong></p></li><li><p>Willingness to <strong>learn new technologies</strong></p></li></ul><hr><p>🧩 <strong>Responsibilities</strong></p><ul><li><p>Design and develop <strong>scalable and maintainable frontend systems</strong></p></li><li><p>Optimize <strong>performance, bundle size, and application stability</strong></p></li><li><p>Maintain <strong>code quality through code reviews and best practices</strong></p></li><li><p><strong>Mentor junior engineers</strong> and support team development</p></li><li><p>Collaborate with <strong>Backend, UI/UX, and QA teams</strong></p></li><li><p>Participate in <strong>Agile development processes</strong></p></li><li><p>Improve the <strong>quality and performance of existing applications</strong></p></li></ul><p><br></p>","https://id.jobstreet.com/job/92129984"
"92206233","POWERBI ENGINEER","Delta Marine Consultants","Bekasi, West Java","Rp 10.000.000 – Rp 15.000.000 per month","Full time","Information & Communication Technology","Developers/Programmers","2026-05-19T09:18:15.000Z","POWERBI ENGINEER Van Oord is looking for bright minds to strengthen our Tendering and Engineering Department in a role focused on developing Business Intelligence solutions. Using Power BI, you will create insights into our Tendering and Engineering organization. Van Oord is undergoing a digital transformation, leveraging data to monitor and optimize processes during both the tender and execution phases. We use various systems to log our internal processes, and our Tendering and Engineering Department seeks a developer who can integrate different software solutions into dashboards that enhance our internal processes. YOUR IMPACT As a Power BI Engineer, you will develop BI dashboards to provide insights into our Tendering and Engineering Department. You will collaborate within a Power BI team to define necessary dashboards, ensure alignment between them, and manage a backlog of BI dashboard requests from the department. Additionally, you will engage with stakeholders to gather feedback, prioritize tasks, and implement improvements. In this role, you will contribute to the Tendering and Engineering Department with various responsibilities of which the main responsibility is : Developing PowerBI dashboards to support operational excellence within the department. Regularly meet with stakeholders to brainstorm and identify key performance indicators (KPIs) for the dashboards. Analytical thinking to transform the data so it can be used for insights. Proactively tracking and documenting missing business requirements in the current software and communicating these to relevant managers. Ensuring alignment between dashboards and other operational excellent initiatives. Contributing to the continuous improvement of processes and systems while maintaining high data quality. ABOUT YOU You have: A Bachelor Degree in Engineering, IT or other relevant fields. Experience as a PowerBI engineer and therefore you : Understand the limits of the software Have an extensive knowledge of both the front- and back-end of the software Have worked with online and local Power BI Experience with reporting, monitoring and backlog of errors. The ability to interact with the stakeholders and communicate effectively with other team members. Good command of the English language, spoken and written. Ability to explain (complicated) topics in an understandable way to various stakeholders. You are fulltime available (40 hours) and willing to travel daily to our office in Cibubur. (Extra) – Experience in PowerApps or Python ABOUT VAN OORD Van Oord is a Dutch family-owned company with more than 155 years of experience as an international marine contractor. The focus is on dredging and marine construction, offshore wind, offshore infrastructure and infrastructure in the Netherlands. Its head office is in Rotterdam. Van Oord employs ~5000 staff with 84 different nationalities, who worked on 194 projects in 43 countries. The fleet consists of a large amount of vessels special-purpose and auxiliary equipment. Van Oord delivers marine ingenuity by using smart, innovative and sustainable solutions to create a better world for future generations. ABOUT THE TEAM In the position of PowerBI Engineer you will be part of one of the Van Oord teams in Indonesia. Currently 30 people are working from the office in Cibubur, just South of Jakarta, as part of the Van Oord Tendering and Engineering Department, located in The Netherlands. (Office address in Cibubur: Citra Gran RCW2 No.15 Jl. Alternatif Cibubur KM4 Bekasi Jawa barat 17435) WE OFFER YOU We offer you a position in which you will have an important contribution to our mission 'building a better world for future generations'. In addition, we offer you amongst others: A salary that matches your responsibilities and experience; Employment benefits package like our other Van Oord colleagues in Indonesia; Extensive learning and (personal) development possibilities, including a wide range of online courses via Goodhabitz; A buddy in Rotterdam of similar age who can help you with all the questions you have.","<p><strong>POWERBI ENGINEER</strong></p><p>Van Oord is looking for bright minds to strengthen our Tendering and Engineering Department in a role focused on developing Business Intelligence solutions. Using Power BI, you will create insights into our Tendering and Engineering organization.</p><p>Van Oord is undergoing a digital transformation, leveraging data to monitor and optimize processes during both the tender and execution phases. We use various systems to log our internal processes, and our Tendering and Engineering Department seeks a developer who can integrate different software solutions into dashboards that enhance our internal processes.</p><p><strong>YOUR IMPACT</strong></p><p>As a Power BI Engineer, you will develop BI dashboards to provide insights into our Tendering and Engineering Department. You will collaborate within a Power BI team to define necessary dashboards, ensure alignment between them, and manage a backlog of BI dashboard requests from the department. Additionally, you will engage with stakeholders to gather feedback, prioritize tasks, and implement improvements.</p><p>In this role, you will contribute to the Tendering and Engineering Department with various responsibilities of which the main responsibility is :</p><ul><li><p><strong>Developing PowerBI</strong> dashboards to support operational excellence within the department.</p></li><li><p><strong>Regularly meet</strong> with stakeholders to brainstorm and identify key performance indicators (KPIs) for the dashboards.</p></li><li><p><strong>Analytical thinking</strong> to transform the data so it can be used for insights.</p></li><li><p><strong>Proactively</strong> tracking and documenting missing business requirements in the current software and communicating these to relevant managers.</p></li><li><p><strong>Ensuring</strong> alignment between dashboards and other operational excellent initiatives.</p></li><li><p><strong>Contributing</strong> to the continuous improvement of processes and systems while maintaining high data quality.</p></li></ul><p><strong>ABOUT YOU &nbsp;&nbsp; &nbsp;</strong></p><p>You have:</p><ul><li><p>A Bachelor Degree in Engineering, IT or other relevant fields.</p></li><li><p>Experience as a PowerBI engineer and therefore you :</p><ul><li><p>Understand the limits of the software</p></li><li><p>Have an extensive knowledge of both the front- and back-end of the software</p></li><li><p>Have worked with online and local Power BI</p></li></ul></li><li><p>Experience with reporting, monitoring and backlog of errors.</p></li><li><p>The ability to interact with the stakeholders and communicate effectively with other team members.</p></li><li><p>Good command of the English language, spoken and written.</p></li><li><p>Ability to explain (complicated) topics in an understandable way to various stakeholders.</p></li><li><p>You are fulltime available (40 hours) and willing to travel daily to our office in Cibubur.</p></li><li><p>(Extra) – Experience in PowerApps or Python</p></li></ul><p><strong>ABOUT VAN OORD</strong></p><p>Van Oord is a Dutch family-owned company with more than 155 years of experience as an international marine contractor. The focus is on dredging and marine construction, offshore wind, offshore infrastructure and infrastructure in the Netherlands. Its head office is in Rotterdam. Van Oord employs ~5000 staff with 84 different nationalities, who worked on 194 projects in 43 countries. The fleet consists of a large amount of vessels special-purpose and auxiliary equipment. Van Oord delivers marine ingenuity by using smart, innovative and sustainable solutions to create a better world for future generations.</p><p><strong>ABOUT THE TEAM</strong></p><p>In the position of PowerBI Engineer you will be part of one of the Van Oord teams in Indonesia. Currently 30 people are working from the office in Cibubur, just South of Jakarta, as part of the Van Oord Tendering and Engineering Department, located in The Netherlands.</p><p>(Office address in Cibubur: Citra Gran RCW2 No.15 Jl. Alternatif Cibubur KM4 Bekasi Jawa barat 17435)</p><p><strong>WE OFFER YOU</strong></p><p>We offer you a position in which you will have an important contribution to our mission 'building a better world for future generations'. In addition, we offer you amongst others:</p><ul><li><p>A salary that matches your responsibilities and experience;</p></li><li><p>Employment benefits package like our other Van Oord colleagues in Indonesia;</p></li><li><p>Extensive learning and (personal) development possibilities, including a wide range of online courses via Goodhabitz;&nbsp;</p></li><li><p>A buddy in Rotterdam of similar age who can help you with all the questions you have.</p></li></ul><p><br></p>","https://id.jobstreet.com/job/92206233"
"92195165","Senior Engineering Manager","PT Jaggara Global Workforce","West Bandung, West Java","Rp 24.000.000 – Rp 35.000.000 per month","Full time","Information & Communication Technology","Engineering - Software","2026-05-19T04:18:35.000Z","Software Engineering Manager Bandung – Dago | Full-Time | On-site About the Company We are a Bandung-based technology company supporting U.S. B2B software businesses. Our team operates fully in English and builds complex SaaS platforms used by hundreds of businesses across 20+ countries. Our platform currently runs on a hybrid architecture: Laravel (legacy services) Golang (newer services) As we continue to scale, we are balancing: Feature delivery for active customers Migration from legacy to modern architecture System reliability and observability Long-term technical health and debt reduction Role Overview We are hiring a Software Engineering Manager to lead a team of engineers, drive technical execution, and improve how we build software at scale. This is a hands-on technical leadership role. You will spend roughly 40% of your time in code, architecture, and technical decisions, and 60% on team leadership, mentorship, and delivery management. This is not a pure people management role. You will work closely with leadership and senior engineers to improve engineering quality, delivery predictability, system reliability, and overall team effectiveness. Key Responsibilities Technical Leadership Drive architecture decisions in partnership with the Tech Lead Lead design reviews and technical proposals for major initiatives Make technical calls on the Laravel-to-Go migration, payments infrastructure, and reliability work Improve system reliability, observability, and maintainability Contribute hands-on code on high-leverage technical work Help establish engineering best practices and technical standards Team Management Manage and develop a team of backend and frontend engineers Run 1:1s, performance reviews, and career conversations Hire senior engineers and grow the team thoughtfully Build a culture of ownership, accountability, and technical excellence Support engineers in technical growth and career development Delivery & Execution Improve delivery velocity and predictability Help define and track engineering KPIs Ensure realistic commitments and consistent delivery Improve sprint workflows, tooling, and team processes Support cross-functional collaboration across teams AI Workflow Adoption Drive adoption of AI-powered development tools across the team Establish patterns and standards for AI-assisted development Mentor engineers on effective use of tools such as Claude Code and Cursor Build internal documentation and training for AI workflows Platform Stability & Reliability Improve system reliability across services Implement observability and monitoring Identify risks early and reduce production incidents Lead resolution of complex production incidents Improve long-term platform reliability and scalability Requirements 5+ years of experience in software engineering 2+ years managing engineering teams of 5 or more Currently hands-on with code (you should be comfortable in pull requests and architecture reviews) Strong backend or distributed systems experience Hands-on production experience with AI development tools (Claude Code, Cursor, or equivalent) Strong understanding of system reliability and observability Fluent English (spoken and written) Able to work on-site in Bandung Nice to Have Experience with Golang Experience with Laravel or legacy PHP modernization Payments or fintech infrastructure background Experience scaling engineering teams from 10 to 25+ Experience with multi-tenant SaaS platforms Compensation & Benefits IDR 30,000,000 – 35,000,000 per month (depending on experience) Full-time on-site role in Bandung Work directly with leadership and U.S. stakeholders Hardware provided upon request Opportunity to help shape engineering culture and systems Application Notes Applications with incomplete profiles or generic responses may not be prioritized. Please include: Your LinkedIn profile GitHub profile (if available) Brief overview of your experience leading engineers or technical initiatives Any experience using AI-assisted development tools such as Claude Code, Cursor, or similar tools","<h2>Software Engineering Manager</h2><p>Bandung – Dago | Full-Time | On-site</p><h2>About the Company</h2><p>We are a Bandung-based technology company supporting U.S. B2B software businesses. Our team operates fully in English and builds complex SaaS platforms used by hundreds of businesses across 20+ countries.</p><p>Our platform currently runs on a hybrid architecture:</p><ul><li><p>Laravel (legacy services)</p></li><li><p>Golang (newer services)</p></li></ul><p>As we continue to scale, we are balancing:</p><ul><li><p>Feature delivery for active customers</p></li><li><p>Migration from legacy to modern architecture</p></li><li><p>System reliability and observability</p></li><li><p>Long-term technical health and debt reduction</p></li></ul><hr><h2>Role Overview</h2><p>We are hiring a Software Engineering Manager to lead a team of engineers, drive technical execution, and improve how we build software at scale.</p><p>This is a hands-on technical leadership role. You will spend roughly 40% of your time in code, architecture, and technical decisions, and 60% on team leadership, mentorship, and delivery management. This is not a pure people management role.</p><p>You will work closely with leadership and senior engineers to improve engineering quality, delivery predictability, system reliability, and overall team effectiveness.</p><hr><h2>Key Responsibilities</h2><h2>Technical Leadership</h2><ul><li><p>Drive architecture decisions in partnership with the Tech Lead</p></li><li><p>Lead design reviews and technical proposals for major initiatives</p></li><li><p>Make technical calls on the Laravel-to-Go migration, payments infrastructure, and reliability work</p></li><li><p>Improve system reliability, observability, and maintainability</p></li><li><p>Contribute hands-on code on high-leverage technical work</p></li><li><p>Help establish engineering best practices and technical standards</p></li></ul><hr><h2>Team Management</h2><ul><li><p>Manage and develop a team of backend and frontend engineers</p></li><li><p>Run 1:1s, performance reviews, and career conversations</p></li><li><p>Hire senior engineers and grow the team thoughtfully</p></li><li><p>Build a culture of ownership, accountability, and technical excellence</p></li><li><p>Support engineers in technical growth and career development</p></li></ul><hr><h2>Delivery &amp; Execution</h2><ul><li><p>Improve delivery velocity and predictability</p></li><li><p>Help define and track engineering KPIs</p></li><li><p>Ensure realistic commitments and consistent delivery</p></li><li><p>Improve sprint workflows, tooling, and team processes</p></li><li><p>Support cross-functional collaboration across teams</p></li></ul><hr><h2>AI Workflow Adoption</h2><ul><li><p>Drive adoption of AI-powered development tools across the team</p></li><li><p>Establish patterns and standards for AI-assisted development</p></li><li><p>Mentor engineers on effective use of tools such as Claude Code and Cursor</p></li><li><p>Build internal documentation and training for AI workflows</p></li></ul><hr><h2>Platform Stability &amp; Reliability</h2><ul><li><p>Improve system reliability across services</p></li><li><p>Implement observability and monitoring</p></li><li><p>Identify risks early and reduce production incidents</p></li><li><p>Lead resolution of complex production incidents</p></li><li><p>Improve long-term platform reliability and scalability</p></li></ul><hr><h2>Requirements</h2><ul><li><p>5+ years of experience in software engineering</p></li><li><p>2+ years managing engineering teams of 5 or more</p></li><li><p>Currently hands-on with code (you should be comfortable in pull requests and architecture reviews)</p></li><li><p>Strong backend or distributed systems experience</p></li><li><p>Hands-on production experience with AI development tools (Claude Code, Cursor, or equivalent)</p></li><li><p>Strong understanding of system reliability and observability</p></li><li><p>Fluent English (spoken and written)</p></li><li><p>Able to work on-site in Bandung</p></li></ul><hr><h2>Nice to Have</h2><ul><li><p>Experience with Golang</p></li><li><p>Experience with Laravel or legacy PHP modernization</p></li><li><p>Payments or fintech infrastructure background</p></li><li><p>Experience scaling engineering teams from 10 to 25+</p></li><li><p>Experience with multi-tenant SaaS platforms</p></li></ul><hr><h2>Compensation &amp; Benefits</h2><ul><li><p>IDR 30,000,000 – 35,000,000 per month (depending on experience)</p></li><li><p>Full-time on-site role in Bandung</p></li><li><p>Work directly with leadership and U.S. stakeholders</p></li><li><p>Hardware provided upon request</p></li><li><p>Opportunity to help shape engineering culture and systems</p></li></ul><hr><h2>Application Notes</h2><ul><li><p>Applications with incomplete profiles or generic responses may not be prioritized.</p></li></ul><h2>Please include:</h2><ul><li><p>Your LinkedIn profile</p></li><li><p>GitHub profile (if available)</p></li><li><p>Brief overview of your experience leading engineers or technical initiatives</p></li><li><p>Any experience using AI-assisted development tools such as Claude Code, Cursor, or similar tools</p></li></ul><p><br></p>","https://id.jobstreet.com/job/92195165"
"92488470","Staff Engineering","Toyoda Gosei Group","Karawang, West Java","Rp 6.000.000 – Rp 6.500.000 per month","Full time","Engineering","Automotive Engineering","2026-06-03T06:31:28.000Z","JOB DESCRIPSTION: Analyze and improve the injection process Create and develop injection mold designs Monitor trials and production Coordinate with production and maintenance teams Prepare technical reports and documentation REQUIREMENT: Minimum Diploma 3 in Mechanical Engineering Minimum 1 year of experience in plastic injection and injection mold design Able to read technical drawings Proficient in design software (AutoCAD, SolidWorks, or similar) Meticulous, communicative, and able to work in a team","<p><strong>JOB DESCRIPSTION:</strong></p><ul><li><p>Analyze and improve the injection process</p></li><li><p>Create and develop injection mold designs</p></li><li><p>Monitor trials and production</p></li><li><p>Coordinate with production and maintenance teams</p></li><li><p>Prepare technical reports and documentation</p></li></ul><p><br></p><p><strong>REQUIREMENT:</strong></p><ul><li><p>Minimum Diploma 3 in Mechanical Engineering</p></li><li><p>Minimum 1 year of experience in plastic injection and injection mold design</p></li><li><p>Able to read technical drawings</p></li><li><p>Proficient in design software (AutoCAD, SolidWorks, or similar)</p></li><li><p>Meticulous, communicative, and able to work in a team</p></li></ul><p><br></p>","https://id.jobstreet.com/job/92488470"
"92034111","Process and Industrial Engineering Manager (PIE Manager)","Smoore Technology Indonesia","Malang, East Java",,"Full time","Manufacturing, Transport & Logistics","Management","2026-05-11T07:07:02.000Z","About SMOORE SMOORE Indonesia is part of SMOORE Holding International, a global leader in offering vaping technology solutions, including manufacturing vaping devices and vaping components for HNB products on an ODM basis, with advanced R&D technology, strong manufacturing capacity, wide-spectrum product portfolio and diverse customer base. Headquartered in China and as part of our business growth in Indonesia currently we have 4 plants in Indonesia : 1. PT. Smoore Technology Indonesia in Malang 2. PT. Atomization Technology Indonesia in Pasuruan 3. PT. Merit Technology and Innovation Indonesia in Sidoarjo 4. PT. Genesis Technology Indonesia in Malang. Job Description: Develop a robust continuous improvement strategy & promote lean project in partnership with the Management Team and key business stakeholders; Lead, define and develop continuous improvement activities designed to improve performance, such as the planning and running of lean events; Lead process engineering support of the scale-up of new product(s) and in the improvement of existing product(s); Lead and define the improvement activities for product structure design & manufacturing process to improve product quality, and improve efficiency; Ensure the root cause analysis on customer complaints. Work with team to develop and implement corrective, action plan and implementation in collaboration with Quality, Operation & ME Team; Driving the Process inspection, POKA YOKE (Mistake Proofing) improvement, process and fixture design and optimize; Ensure the DFM review of new products are carry out according to company policy; Analysis and countermeasure of abnormal quality of production line and ensure all verification report and conclusion are available; Assist and improve supplier's process capability together with PMC, SQE Team; Implement policies related to employee health and safety programs that comply with applicable regulations and standards. Implement policies related to waste management programs that comply with applicable regulations and standards. Qualifications: Education Background: Bachelor degree from Engineering or above; Familiar with IE improvement techniques and key skills, with practical experience in capacity assessment；Familiar with VSM (value flow analysis) and other tool software; Familiar with using AutoCAD software, and have practical experience in workshop and logistics planning and layout; Experience in successful lean project promotion；Solid IE theoretical foundation and rich experience in intelligent manufacturing; Proficiency in project management using TPM, KPI, Six Sigma, Lean Manufacturing and project controlling tools; Familiar with DOE and other engineering tools；Excellent ability of logical analysis; Strong passion for product technology or process; Good knowledge of product processing and industrialization processes; Core Competencies : Manufacturing & Process Engineering Expertise; Continuous Improvement mindset; Analytical & Problem-Solving Skills; Leadership and Stakeholder management ; Strategic Execution and Standardization.","<p><strong><em>About SMOORE</em></strong></p><p>SMOORE Indonesia is part of SMOORE Holding International, a global leader in offering vaping technology solutions, including manufacturing vaping devices and vaping components for HNB products on an ODM basis, with advanced R&amp;D technology, strong manufacturing capacity, wide-spectrum product portfolio and diverse customer base. Headquartered in China and as part of our business growth in Indonesia currently we have 4 plants in Indonesia :</p><p><strong>1. PT. Smoore Technology Indonesia in Malang</strong></p><p>2. PT. Atomization Technology Indonesia in Pasuruan</p><p>3. PT. Merit Technology and Innovation Indonesia in Sidoarjo</p><p>4. PT. Genesis Technology Indonesia in Malang.<br><br><strong><em>Job Description:</em></strong></p><ol><li><p>Develop a robust continuous improvement strategy &amp; promote lean project in partnership with the Management Team and key business stakeholders;</p></li><li><p>Lead, define and develop continuous improvement activities designed to improve performance, such as the planning and running of lean events;</p></li><li><p>Lead process engineering support of the scale-up of new product(s) and in the improvement of existing product(s);</p></li><li><p>Lead and define the improvement activities for product structure design &amp; manufacturing process to improve product quality, and improve efficiency;</p></li><li><p>Ensure the root cause analysis on customer complaints. Work with team to develop and implement corrective, action plan and implementation in collaboration with Quality, Operation &amp; ME Team;</p></li><li><p>Driving the Process inspection, POKA YOKE (Mistake Proofing) improvement, process and fixture design and optimize;</p></li><li><p>Ensure the DFM review of new products are carry out according to company policy;</p></li><li><p>Analysis and countermeasure of abnormal quality of production line and ensure all verification report and conclusion are available;</p></li><li><p>Assist and improve supplier's process capability together with PMC, SQE Team;</p></li><li><p>Implement policies related to employee health and safety programs that comply with applicable regulations and standards.</p></li><li><p>Implement policies related to waste management programs that comply with applicable regulations and standards.</p></li></ol><p><strong><em>Qualifications:</em></strong></p><ul><li><p>Education Background: Bachelor degree from Engineering or above;</p></li><li><p>Familiar with IE improvement techniques and key skills, with practical experience in capacity assessment；Familiar with VSM (value flow analysis) and other tool software; Familiar with using AutoCAD software, and have practical experience in workshop and logistics planning and layout;</p></li><li><p>Experience in successful lean project promotion；Solid IE theoretical foundation and rich experience in intelligent manufacturing;</p></li><li><p>Proficiency in project management using TPM, KPI, Six Sigma, Lean Manufacturing and project controlling tools; Familiar with DOE and other engineering tools；Excellent ability of logical analysis;</p></li><li><p>Strong passion for product technology or process; Good knowledge of product processing and industrialization processes;</p></li><li><p>Core Competencies : Manufacturing &amp; Process Engineering Expertise; Continuous Improvement mindset; Analytical &amp; Problem-Solving Skills; Leadership and Stakeholder management ; Strategic Execution and Standardization.</p></li></ul><p><br></p>","https://id.jobstreet.com/job/92034111"
"92451415","Application Migration Engineer","Salva Teknologi Digital","Central Jakarta, Jakarta","Rp 10.000.000 – Rp 12.000.000 per month","Full time","Information & Communication Technology","Engineering - Software","2026-06-02T01:24:26.000Z","Responsibilities: 1. Assessment & Strategy • Discovery: Conduct deep-dive discovery sessions to map application dependencies, database schemas, and networking requirements using tools like AWS Application Discovery Service. • Migration Planning: Determine the optimal migration strategy (The 6 Rs: Rehost, Replatform, Refactor, Retire, Retain, or Repurchase) for each workload. • TCO Analysis: Provide technical input for Total Cost of Ownership (TCO) reports to justify migration paths. 2. Execution & Execution • Migration Tooling: Lead the hands-on execution of migrations using AWS Application Migration Service (MGN), AWS Database Migration Service (DMS), and AWS DataSync. • Modernization: Refactor monolithic applications into containerized microservices using Amazon EKS or ECS. • Infrastructure as Code (IaC): Automate the provisioning of destination environments using Terraform, AWS CDK, or CloudFormation. 3. Networking & Security • Connectivity: Establish secure migration tunnels via AWS Client VPN, Site-toSite VPN, or Direct Connect. • Identity Migration: Migrate and integrate identity providers (LDAP/Active Directory) with AWS IAM and IAM Identity Center. • Compliance: Ensure all migrated workloads meet industry standards (HIPAA, PCI-DSS, SOC2) within the AWS Shared Responsibility Model. 4. Validation & Cutover • Testing: Perform UAT (User Acceptance Testing) and performance benchmarking to ensure the application performs better in AWS than its source environment. • Cutover Management: Execute final data syncs and DNS switchovers (using Route 53) with minimal downtime. • Post-Migration Support: Provide ""Hypercare"" support during the first 30 days post-migration to tune performance","<p>Responsibilities:</p><p>1. Assessment &amp; Strategy • Discovery: Conduct deep-dive discovery sessions to map application dependencies, database schemas, and networking requirements using tools like AWS Application Discovery Service. • Migration Planning: Determine the optimal migration strategy (The 6 Rs: Rehost, Replatform, Refactor, Retire, Retain, or Repurchase) for each workload. • TCO Analysis: Provide technical input for Total Cost of Ownership (TCO) reports to justify migration paths.</p><p>2. Execution &amp; Execution • Migration Tooling: Lead the hands-on execution of migrations using AWS Application Migration Service (MGN), AWS Database Migration Service (DMS), and AWS DataSync. • Modernization: Refactor monolithic applications into containerized microservices using Amazon EKS or ECS. • Infrastructure as Code (IaC): Automate the provisioning of destination environments using Terraform, AWS CDK, or CloudFormation.</p><p>3. Networking &amp; Security • Connectivity: Establish secure migration tunnels via AWS Client VPN, Site-toSite VPN, or Direct Connect. • Identity Migration: Migrate and integrate identity providers (LDAP/Active Directory) with AWS IAM and IAM Identity Center. • Compliance: Ensure all migrated workloads meet industry standards (HIPAA, PCI-DSS, SOC2) within the AWS Shared Responsibility Model.</p><p>4. Validation &amp; Cutover • Testing: Perform UAT (User Acceptance Testing) and performance benchmarking to ensure the application performs better in AWS than its source environment. • Cutover Management: Execute final data syncs and DNS switchovers (using Route 53) with minimal downtime. • Post-Migration Support: Provide ""Hypercare"" support during the first 30 days post-migration to tune performance</p>","https://id.jobstreet.com/job/92451415"
"91913251","Design Engineering Staff","Suzuki","Bekasi, West Java",,"Full time","Engineering","Engineering Drafting","2026-05-05T06:09:41.000Z","Job Description : Ensure suppliers and production meet part specifications based on drawings, ECN, or SAP requirements for new model and minor change development. Review and confirm supplier drawing content based on and specification drawings. Review from a technical perspective. Analyze design-related issues occurring during the development phase or after mass production. Qualifications: Diploma Degree (D3) or Bachelor Degree (S1) in Mechanical/ Electrical / Automotive Engineering from a reputable university with GPA min. 3.00 Proficient in interpreting technical drawings and using 3D CAD software. Strong knowledge of vehicle electrical systems. Enthusiastic about automotive innovation and engineering development. Skills : Driving License (SIM A) Fluent in English (verbal & written) Good analytical thinking, Problem Solving & Decision Making Good communication skills and teamwork","<p><strong>Job Description :</strong></p><ul><li><p>Ensure suppliers and production meet part specifications based on drawings, ECN, or SAP requirements for new model and minor change development.</p></li><li><p>Review and confirm supplier drawing content based on and specification drawings.</p></li><li><p>Review from a technical perspective.</p></li><li><p>Analyze design-related issues occurring during the development phase or after mass production.</p></li></ul><p><strong>Qualifications:</strong></p><ul><li><p><strong>Diploma Degree (D3) or Bachelor Degree (S1) </strong>in Mechanical/ Electrical / Automotive Engineering from a reputable university with GPA min. 3.00</p></li><li><p>Proficient in interpreting technical drawings and using 3D CAD software.</p></li><li><p>Strong knowledge of vehicle electrical systems.</p></li><li><p>Enthusiastic about automotive innovation and engineering development.</p></li></ul><p><strong>Skills :</strong></p><ul><li><p>Driving License (SIM A)</p></li><li><p>Fluent in English (verbal &amp; written)</p></li><li><p>Good analytical thinking, Problem Solving &amp; Decision Making</p></li><li><p>Good communication skills and teamwork</p></li></ul><p><br></p>","https://id.jobstreet.com/job/91913251"
"92344458","ELECTRICAL ENGINEERING STAFF","System Engineering Integrator Indonesia","Cikarang Pusat, West Java","Rp 6.000.000 – Rp 8.000.000 per month","Full time","Engineering","Electrical/Electronic Engineering","2026-05-26T08:51:52.000Z","PT. System Engineering Integrator (SEI) Indonesia is a Global Engineering Company, focused primarily on the automotive industry, specializing in supplying turn-key engineering solutions through custom design, inhouse manufacturing, installation and support for improvement of plant and related systems. Our main product lines are : Full line Equipment & process Flow Design & Manufacture Special Purpose Machine Robot Cells JIG and Fixtures Conveyancing Systems PLC Control Systems Since the establishment in Indonesia in June 1995, SEI expanded its business market to Japan and Australia 2000. “Customer Focused” and “Quality First” are our mottos. We are aiming to be amongst the world most reputable engineering companies, with a company focus on value adding engineering solutions. A. Key Accountabilities : Prepare electrical design program requirements for allocated project as per customer requirements. Control projects master and sub schedules for on time execution and delivery. Control project expenses as per set budget Control labour cost as per set budget. Interact continually with Sales & Marketing to update on customer satisfaction for products and projects. Be actively involved with Purchasing and PPC departments for the control and improvements of project expenditure and scheduling requirements B. Education & Experiences : Bachelor Electrical Engineering; Minimum 2 years in the same industries. C. Supervisory and Technical skills Requirement : Experience in directing other members to achieve end dates and budget; Knowledge of Electrical wiring & program for special purpose machines, jigging and conveyancing, including their wiring diagram and program design, uses, repair and maintenance. Knowledge of software program for PLC and Robot. Able to use and familiar with Allen Bradley and Siemens PLC. Knowledge of design techniques for program design and wiring diagram. Basic understanding of English language. Willing to be placed in CIKARANG.","<p><strong>PT. System Engineering Integrator (SEI) Indonesia</strong> is a Global Engineering Company, focused primarily on</p><p>the automotive industry, specializing in supplying turn-key engineering solutions through custom design, inhouse</p><p>manufacturing, installation and support for improvement of plant and related systems.</p><p><strong>Our main product lines are :</strong></p><ul><li><p>Full line Equipment &amp; process Flow Design &amp; Manufacture</p></li><li><p>Special Purpose Machine</p></li><li><p>Robot Cells</p></li><li><p>JIG and Fixtures</p></li><li><p>Conveyancing Systems</p></li><li><p>PLC Control Systems</p></li></ul><p>Since the establishment in Indonesia in June 1995, SEI expanded its business market to Japan and Australia 2000.</p><p>“Customer Focused” and “Quality First” are our mottos. We are aiming to be amongst the world most reputable</p><p>engineering companies, with a company focus on value adding engineering solutions.</p><p><br></p><p><strong>A. Key Accountabilities :</strong></p><ol><li><p>Prepare electrical design program requirements for allocated project as per customer requirements.</p></li><li><p>Control projects master and sub schedules for on time execution and delivery.</p></li><li><p>Control project expenses as per set budget</p></li><li><p>Control labour cost as per set budget.</p></li><li><p>Interact continually with Sales &amp; Marketing to update on customer satisfaction for products and projects.</p></li><li><p>Be actively involved with Purchasing and PPC departments for the control and improvements of project expenditure and scheduling requirements</p></li></ol><p><br></p><p><strong>B. Education &amp; Experiences :</strong></p><ol><li><p>Bachelor Electrical Engineering;</p></li><li><p>Minimum 2 years in the same industries.</p></li></ol><p><br></p><p><strong>C. Supervisory and Technical skills Requirement :</strong></p><ol><li><p>Experience in directing other members to achieve end dates and budget;</p></li><li><p>Knowledge of Electrical wiring &amp; program for special purpose machines, jigging and conveyancing, including their wiring diagram and program design, uses, repair and maintenance.</p></li><li><p>Knowledge of software program for PLC and Robot.</p></li><li><p>Able to use and familiar with Allen Bradley and Siemens PLC.</p></li><li><p>Knowledge of design techniques for program design and wiring diagram.</p></li><li><p>Basic understanding of English language.</p></li><li><p>Willing to be placed in CIKARANG.</p></li></ol><p><br></p>","https://id.jobstreet.com/job/92344458"
"92477862","Testing Engineer","PT Pegaunihan Technology Indonesia","Batam, Riau Islands",,"Full time","Engineering","Electrical/Electronic Engineering","2026-06-03T01:43:38.000Z","Responsibilities : Design test system and test flow; Maintain, create, troubleshoot automated product testing program; Coordinate with other stakeholders to provide prompt response regarding solutions and continuous improvement . Qualification : Bachelor degree in Electronics or Electrical Engineering or Computer Engineering Understand basic electrical principles (e.g. Arduino) Familiar with C/C#/C++/Python. Active English speaker or mandarin is an advantage **PT PEGAUNIHAN TECHNOLOGY INDONESIA TIDAK MEMUNGUT BIAYA APAPUN DALAM PROSES REKRUTMEN.","<p><strong>Responsibilities :</strong></p><ol><li>Design test system and test flow;</li><li>Maintain, create, troubleshoot automated product testing program;</li><li>Coordinate with other stakeholders to provide prompt response regarding solutions and continuous improvement .</li></ol><p><strong>Qualification :</strong></p><ol><li>Bachelor degree in Electronics or Electrical Engineering or Computer Engineering</li><li>Understand basic electrical principles (e.g. Arduino)</li><li>Familiar with C/C#/C++/Python.</li><li>Active English speaker or mandarin is an advantage</li></ol><p>**PT PEGAUNIHAN TECHNOLOGY INDONESIA TIDAK MEMUNGUT BIAYA APAPUN DALAM PROSES REKRUTMEN.</p>","https://id.jobstreet.com/job/92477862"
"92244399","Maintenance Electrical Staff (Biopharmaceutical Industry)","Kalbio Global Medika","Cikarang Pusat, West Java",,"Contract/Temp","Engineering","Electrical/Electronic Engineering","2026-05-21T02:00:54.000Z","Requirements: Minimum Diploma or Bachelor’s Degree in Electrical Engineering, Mechanical Engineering Able to read P&IDs, electrical drawings, and design isometrics Knowledge of PLC and pneumatic systems Skilled in operating electrical tools (CAD Software 2D & 3D, multitester/AVO meter, insulation tester, ampere meter, grounding tester, etc.) Experience in electrical projects is an advantage Preferably experienced in Pharmacy or FMCG industries Good command of English Fresh graduates are welcome to apply Job Description: Perform preventive, predictive, and troubleshooting of the electrical machine/equipment. Able to maintain and perform machining processes, such as Filling, Blistering, Isolator, Autoclave, Mixing, etc. Design engineering electrical projects needed by using CAD Software. Manage maintenance system compliance, including SOP and other related required documents, with COP and other GMP standards.","<p><strong>Requirements:</strong></p><ul><li><p>Minimum Diploma or Bachelor’s Degree in Electrical Engineering, Mechanical Engineering</p></li><li><p>Able to read P&amp;IDs, electrical drawings, and design isometrics</p></li><li><p>Knowledge of PLC and pneumatic systems</p></li><li><p>Skilled in operating electrical tools (CAD Software 2D &amp; 3D, multitester/AVO meter, insulation tester, ampere meter, grounding tester, etc.)</p></li><li><p>Experience in electrical projects is an advantage</p></li><li><p>Preferably experienced in Pharmacy or FMCG industries</p></li><li><p>Good command of English</p></li><li><p>Fresh graduates are welcome to apply</p></li></ul><p><br></p><p><strong>Job Description:</strong></p><ul><li><p>Perform preventive, predictive, and troubleshooting of the electrical machine/equipment.</p></li><li><p>Able to maintain and perform machining processes, such as Filling, Blistering, Isolator, Autoclave, Mixing, etc.</p></li><li><p>Design engineering electrical projects needed by using CAD Software.</p></li><li><p>Manage maintenance system compliance, including SOP and other related required documents, with COP and other GMP standards.</p></li></ul><p><br></p>","https://id.jobstreet.com/job/92244399"
"92423401","PROJECT LEADER / PROCESS ENGINEER","CICOR Panatec","Batam Kota, Riau Islands",,"Full time","Engineering","Project Management","2026-05-30T06:39:52.000Z","We are excited to present an incredible job opportunity with our esteemed organization, located in Batamindo Industrial Park – Muka Kuning Batam, Indonesia. As part of the Cicor Group, headquartered in Switzerland, we invite you to join our expanding team. PROJECT LEADER / PROCESS (ENGINEERING Dept.) Below are the key responsibilities and qualifications for this position Job description summary ; Reporting to Engineering Head of Department (HOD) Min. Diploma or Degree in Electrical / Mechanical / Industrial / Engineering preferred / College Technical. Min. 2 Years Experience of the same field ( Project/Process ) in a manufacturing environment, preferably in Medical product / plastic injection Molding. Familiar in ISO/GMP standards, Software and & Scheduling to Relevant Jobs. Communicate in English. Able to work independently. Plans, direct & lead the project teams, organize New Project Introduction (NPI) activities, development and introductions. Checking & compiling the information or technical documentation, preparing quotation and provide manufacturing documentation. Coordinating on the engineering input into the Project Management and Quality Plan. Following up the approval of the part, arrange mold transfer to production, commercial issue with customer and resources needed to materialise the new project. Act as window for technical issue related to product(s), its resolution Lead project meetings to collect and disseminate information. Schedule and monitor program activity to achieve 'on-time"" result including follow-up with external suppliers to ensure timely response to action items. Preparing quotations, utilizing supplier information, cost standards, technical information from quality manufacturing engineering, design and Assisting in the purchase of new equipment. Create bill of material, detailed instructions for manufacturing process, external supplier specification to provide standard cost structure and instructions for manufacturing, work with the team on the Failure Mode Effect Analysis (FMEA) during project developments and work with the project team. Reviews and monitors project progress and timeline performance to assure quality and adherence to requirements of contract documents. Participating in equipment design, implementing, optimising technical processes and redesigning the production process if needed. Designing, modifying and overseeing processes to guarantee maximum output with minimum defects in the production line. Assures product and process quality by designing assembly methods, testing finished- product and process capabilities; establishing standards; confirming manufacturing processes Testing, monitoring and maintaining equipment and conducting regular tests to make sure the equipment complies with both national and internal standards. Troubleshooting production issues and ensuring product consistency. Investigation process failiures and deviation form design intented outcome. Ensuring the safety of designed processes and installed equipment. Writing, maintaining and collecting required paperwork to enable machine validation/approval for mass production. Involve in the R&D activities, develops manufacturing processes by studying product requirements; designing, modifying and testing manufacturing methods and equipment; conferring with equipment vendors. Provide necessary input enable creating WI for the assembly process. Cooperating with Facility Maintenance Team on equipment AM and PM.","<p>We are excited to present an incredible job opportunity with our esteemed organization, located in Batamindo Industrial Park – Muka Kuning Batam, Indonesia. As part of the Cicor Group, headquartered in Switzerland, we invite you to join our expanding team.</p><p><strong>PROJECT LEADER / PROCESS (ENGINEERING Dept.)</strong></p><p>Below are the key responsibilities and qualifications for this position</p><p><em>Job description summary ;</em></p><ul><li><p>Reporting to Engineering Head of Department (HOD)</p></li><li><p>Min. Diploma or Degree in Electrical / Mechanical / Industrial / Engineering preferred / College Technical.</p></li><li><p>Min. 2 Years Experience of the same field ( Project/Process ) in a manufacturing environment, preferably in Medical product / plastic injection Molding.</p></li><li><p>Familiar in ISO/GMP standards, Software and &amp; Scheduling to Relevant Jobs.</p></li><li><p>Communicate in English.</p></li><li><p>Able to work independently.</p></li><li><p>Plans, direct &amp; lead the project teams, organize New Project Introduction (NPI) activities, development and introductions.</p></li><li><p>Checking &amp; compiling the information or technical documentation, preparing quotation and provide manufacturing documentation.</p></li><li><p>Coordinating on the engineering input into the Project Management and Quality Plan.</p></li><li><p>Following up the approval of the part, arrange mold transfer to production, commercial issue with customer and resources needed to materialise the new project.</p></li><li><p>Act as window for technical issue related to product(s), its resolution Lead project meetings to collect and disseminate information.</p></li><li><p>Schedule and monitor program activity to achieve 'on-time"" result including follow-up with external suppliers to ensure timely response to action items.</p></li><li><p>Preparing quotations, utilizing supplier information, cost standards, technical information from quality manufacturing engineering, design and Assisting in the purchase of new equipment.</p></li><li><p>Create bill of material, detailed instructions for manufacturing process, external supplier specification to provide standard cost structure and instructions for manufacturing, work with the team on the Failure Mode Effect Analysis (FMEA) during project developments and work with the project team.</p></li><li><p>Reviews and monitors project progress and timeline performance to assure quality and adherence to requirements of contract documents.</p></li><li><p>Participating in equipment design, implementing, optimising technical processes and redesigning the production process if needed. Designing, modifying and overseeing processes to guarantee maximum output with minimum defects in the production line. Assures product and process quality by designing assembly methods, testing finished- product and process capabilities; establishing standards; confirming manufacturing processes</p></li><li><p>Testing, monitoring and maintaining equipment and conducting regular tests to make sure the equipment complies with both national and internal standards. Troubleshooting production issues and ensuring product consistency. Investigation process failiures and deviation form design intented outcome. Ensuring the safety of designed processes and installed equipment.</p></li><li><p>Writing, maintaining and collecting required paperwork to enable machine validation/approval for mass production.</p></li><li><p>Involve in the R&amp;D activities, develops manufacturing processes by studying product requirements; designing, modifying and testing manufacturing methods and equipment; conferring with equipment vendors. Provide necessary input enable creating WI for the assembly process.</p></li><li><p>Cooperating with Facility Maintenance Team on equipment AM and PM.</p></li></ul><p><br></p>","https://id.jobstreet.com/job/92423401"
"92223664","PLC PROGRAMMER","PT Masaline Engineering Indonesia","Cikarang Pusat, West Java",,"Full time","Engineering","Electrical/Electronic Engineering","2026-05-20T04:33:35.000Z","About the role PT Masaline Engineering Indonesia is seeking a talented PLC Programmer to join our dynamic engineering team. This full-time position is based in West Bekasi, West Java, and will play a crucial role in the design, development and implementation of our advanced automation systems. What you'll be doing Develop and program Programmable Logic Controllers (PLCs) for a variety of industrial automation projects Integrate PLC systems with other industrial components such as HMIs, SCADA systems, and field devices Troubleshoot and maintain existing PLC-based control systems Collaborate with cross-functional teams to deliver innovative automation solutions Document PLC programs and provide comprehensive technical support to operations teams Stay up-to-date with the latest PLC technologies, programming techniques and industry standards What we're looking for Bachelor's degree in Electrical/Electronics Engineering or a related field Minimum 3 years of experience as a PLC Programmer, preferably in the manufacturing or process, engineering, cosntruction, or electrical industries. Proficient in programming PLC systems, including ladder logic, function block diagrams, and structured text Strong knowledge of industrial automation protocols such as Modbus, Profibus, and EtherNet/IP Familiarity with HMI and SCADA software, such as Wonderware, Rockwell, or Siemens Excellent problem-solving and analytical skills Strong communication and teamwork abilities What we offer Competitive salary and performance-based bonuses Comprehensive health and retirement benefits Ongoing training and professional development opportunities Dynamic and collaborative work environment Opportunities for career advancement within a growing engineering company About us PT Masaline Engineering Indonesia is a leading provider of industrial automation solutions in the region. With a strong focus on innovation and customer satisfaction, we have established ourselves as a trusted partner for clients in a wide range of industries. Join our team and be a part of our exciting journey as we continue to push the boundaries of what's possible in the world of industrial automation. Apply now to become our next PLC Programmer and contribute to the success of our company","<p><strong>About the role</strong><br>PT Masaline Engineering Indonesia is seeking a talented PLC Programmer to join our dynamic engineering team. This full-time position is based in West Bekasi, West Java, and will play a crucial role in the design, development and implementation of our advanced automation systems.</p><p><strong>What you'll be doing</strong></p><ol><li><p>Develop and program Programmable Logic Controllers (PLCs) for a variety of industrial automation projects</p></li><li><p>Integrate PLC systems with other industrial components such as HMIs, SCADA systems, and field devices</p></li><li><p>Troubleshoot and maintain existing PLC-based control systems</p></li><li><p>Collaborate with cross-functional teams to deliver innovative automation solutions</p></li><li><p>Document PLC programs and provide comprehensive technical support to operations teams</p></li><li><p>Stay up-to-date with the latest PLC technologies, programming techniques and industry standards</p></li></ol><p><strong>What we're looking for</strong></p><ol><li><p>Bachelor's degree in Electrical/Electronics Engineering or a related field</p></li><li><p>Minimum 3 years of experience as a PLC Programmer, preferably in the manufacturing or process, engineering, cosntruction, or electrical industries.</p></li><li><p>Proficient in programming PLC systems, including ladder logic, function block diagrams, and structured text</p></li><li><p>Strong knowledge of industrial automation protocols such as Modbus, Profibus, and EtherNet/IP</p></li><li><p>Familiarity with HMI and SCADA software, such as Wonderware, Rockwell, or Siemens</p></li><li><p>Excellent problem-solving and analytical skills</p></li><li><p>Strong communication and teamwork abilities</p></li></ol><p><strong>What we offer</strong></p><ol><li><p>Competitive salary and performance-based bonuses</p></li><li><p>Comprehensive health and retirement benefits</p></li><li><p>Ongoing training and professional development opportunities</p></li><li><p>Dynamic and collaborative work environment</p></li><li><p>Opportunities for career advancement within a growing engineering company</p></li></ol><p><strong>About us</strong><br><br>PT Masaline Engineering Indonesia is a leading provider of industrial automation solutions in the region. With a strong focus on innovation and customer satisfaction, we have established ourselves as a trusted partner for clients in a wide range of industries. Join our team and be a part of our exciting journey as we continue to push the boundaries of what's possible in the world of industrial automation.</p><p>Apply now to become our next PLC Programmer and contribute to the success of our company</p>","https://id.jobstreet.com/job/92223664"
"91933098","IT Engineer","YOFC International","West Jakarta, Jakarta","Rp 6.000.000 – Rp 8.000.000 per month","Full time","Information & Communication Technology","Engineering - Hardware","2026-05-06T02:32:01.000Z","Responsibility: Install and configure computer hardware, software, networks, and applications Continuously monitor and maintain systems and networks Respond to technical support calls from other staff members or clients and communicate how to resolve issues Diagnose and troubleshoot system and network problems, software faults, or hardware complications Support the roll-out of new applications Keep a record of issues, along with solutions, to refer back to in future instances Prepare accurate and timely reports Requirements: Minimum Bachelor degree majoring in Information Technology/Computer Systems or related Has min. 2 years of related working experience Hands-on experience with Windows/Linux/Mac OS environments Good experience in troubleshooting hardware, laptops, mobile devices, printing devices, and other tech products is a must Ability to diagnose and troubleshoot basic technical issues Familiarity with remote desktop applications and help desk software (eg. Zendesk) Excellent problem-solving and communication skills Fluent in English, both written and Spoken (Can speak Mandarin is preferable.) Able to start working immediately Location home near APL Tower, West Jakarta","<p><strong>Responsibility:</strong></p><ul><li><p>Install and configure computer hardware, software, networks, and applications</p></li><li><p>Continuously monitor and maintain systems and networks</p></li><li><p>Respond to technical support calls from other staff members or clients and communicate how to resolve issues</p></li><li><p>Diagnose and troubleshoot system and network problems, software faults, or hardware complications</p></li><li><p>Support the roll-out of new applications</p></li><li><p>Keep a record of issues, along with solutions, to refer back to in future instances</p></li><li><p>Prepare accurate and timely reports</p></li></ul><p><strong>Requirements:</strong></p><ul><li><p>Minimum Bachelor degree majoring in Information Technology/Computer Systems or related</p></li><li><p>Has min. 2 years of related working experience</p></li><li><p>Hands-on experience with Windows/Linux/Mac OS environments</p></li><li><p><strong>Good experience in troubleshooting hardware, laptops, mobile devices, printing devices, and other tech products is a must</strong></p></li><li><p>Ability to diagnose and troubleshoot basic technical issues</p></li><li><p>Familiarity with remote desktop applications and help desk software (eg. Zendesk)</p></li><li><p>Excellent problem-solving and communication skills</p></li><li><p><strong>Fluent in English, both written and Spoken (Can speak Mandarin is preferable.)</strong></p></li><li><p><strong>Able to start working immediately</strong></p></li><li><p><strong>Location home near APL Tower, West Jakarta</strong></p></li></ul><p><br></p>","https://id.jobstreet.com/job/91933098"
"92298932","Geotechnical Engineer (Geotech Engineer)","Enviromate Technology International","Maluku",,"Contract/Temp","Mining, Resources & Energy","Mining - Exploration & Geoscience","2026-05-24T14:32:38.000Z","Project Based – Saumlaki, Maluku Qualifications: Bachelor’s degree (S1) in Civil Engineering, Geological Engineering (Teknik Geologi), or a related engineering discipline with a strong focus on Geotechnical/Soil & Rock Mechanics. Minimum 5 years of experience as a Geotechnical Engineer or in related civil/structural engineering activities. Mandatory experience within heavy construction infrastructure or Oil & Gas onshore projects (such as LNG plants, refineries, or petrochemical facilities). Strong understanding of geotechnical engineering software , soil mechanics and field testing. Good communication and coordination skills. English proficiency is mandatory both written and spoken (for technical reporting and coordination). Willing to be placed on a project site at Saumlaki, Maluku. Able to join immediately or within short notice. Meets occupational health requirements in accordance with company regulations. Responsibilities: Support geotechnical engineering activities and site investigations during project execution. Conduct geotechnical analysis, soil mechanics evaluation and technical coordination related to project requirements (foundations, earthworks and retaining structures). Coordinate with project teams, contractors and related parties regarding geotechnical activities on-site. Prepare technical reports, engineering drawings, documentation and geological/geotechnical data as required. Ensure all geotechnical activities comply with project procedures, standards and safety requirements.","<p>Project Based – Saumlaki, Maluku</p><h2><strong>Qualifications:</strong></h2><ul><li><p><strong>Bachelor’s degree (S1) in Civil Engineering, Geological Engineering (Teknik Geologi), or a related engineering discipline with a strong focus on Geotechnical/Soil &amp; Rock Mechanics.</strong></p></li><li><p>Minimum 5 years of experience as a Geotechnical Engineer or in related civil/structural engineering activities.</p></li><li><p><strong>Mandatory experience within heavy construction infrastructure or Oil &amp; Gas onshore projects (such as LNG plants, refineries, or petrochemical facilities).</strong></p></li><li><p>Strong understanding of geotechnical engineering software , soil mechanics and field testing.</p></li><li><p>Good communication and coordination skills.</p></li><li><p>English proficiency is mandatory both written and spoken (for technical reporting and coordination).</p></li><li><p>Willing to be placed on a project site at Saumlaki, Maluku.</p></li><li><p>Able to join immediately or within short notice.</p></li><li><p>Meets occupational health requirements in accordance with company regulations.</p></li></ul><p><strong>Responsibilities:</strong></p><ul><li><p>Support geotechnical engineering activities and site investigations during project execution.</p></li><li><p>Conduct geotechnical analysis, soil mechanics evaluation and technical coordination related to project requirements (foundations, earthworks and retaining structures).</p></li><li><p>Coordinate with project teams, contractors and related parties regarding geotechnical activities on-site.</p></li><li><p>Prepare technical reports, engineering drawings, documentation and geological/geotechnical data as required.</p></li><li><p>Ensure all geotechnical activities comply with project procedures, standards and safety requirements.</p></li></ul><p><br></p>","https://id.jobstreet.com/job/92298932"
"92331038","Product Engineer","PT BizLink Technology Indonesia","Batam Kota, Riau Islands",,"Contract/Temp","Engineering","Electrical/Electronic Engineering","2026-05-26T02:19:37.000Z","About the role We are seeking an experienced Product Engineer to join our team at PT Bizlink Technology Indonesia in Batam Kota, Riau Islands. As a Product Engineer, you will be responsible for overseeing the entire cable assembly and wire harness production process, ensuring adherence to quality standards and continuous improvement. This full-time role is an excellent opportunity to contribute to the success of our manufacturing operations. What you'll be doing Design and develop cable assembly and wire harness products to meet customer requirements Manage the production lifecycle, from prototyping to mass production Monitor production processes and implement continuous improvement initiatives Collaborate with cross-functional teams, including R&D, production, and quality assurance Troubleshoot and resolve technical issues in a timely manner Ensure products meet all relevant safety, regulatory, and quality standards Provide technical support and training to production staff What we're looking for Must Bachelor's degree in Electrical/Electronics Engineering Minimum 10 years of experience as a Product Engineer in manufacturing company, if also experience in the cable assembly or wire harness industry is a plus! Able to speak, write and read in English, can Mandarin is a plus! Strong understanding of cable/wire harness design, production, and testing Proficient in using CAD software and manufacturing process analysis tools Excellent problem-solving, analytical, and decision-making skills Ability to work collaboratively in a team environment Good communication and interpersonal skills","<p><strong>About the role</strong><br><br>We are seeking an experienced Product Engineer to join our team at PT Bizlink Technology Indonesia in Batam Kota, Riau Islands. As a Product Engineer, you will be responsible for overseeing the entire cable assembly and wire harness production process, ensuring adherence to quality standards and continuous improvement. This full-time role is an excellent opportunity to contribute to the success of our manufacturing operations.</p><p><strong>What you'll be doing</strong></p><ol><li><p>Design and develop cable assembly and wire harness products to meet customer requirements</p></li><li><p>Manage the production lifecycle, from prototyping to mass production</p></li><li><p>Monitor production processes and implement continuous improvement initiatives</p></li><li><p>Collaborate with cross-functional teams, including R&amp;D, production, and quality assurance</p></li><li><p>Troubleshoot and resolve technical issues in a timely manner</p></li><li><p>Ensure products meet all relevant safety, regulatory, and quality standards</p></li><li><p>Provide technical support and training to production staff</p></li></ol><p><strong>What we're looking for</strong></p><ol><li><p>Must Bachelor's degree in Electrical/Electronics Engineering</p></li><li><p>Minimum 10 years of experience as a Product Engineer in manufacturing company, if also experience in the cable assembly or wire harness industry is a plus!</p></li><li><p><strong>Able to speak, write and read in English, can Mandarin is a plus!</strong></p></li><li><p>Strong understanding of cable/wire harness design, production, and testing</p></li><li><p>Proficient in using CAD software and manufacturing process analysis tools</p></li><li><p>Excellent problem-solving, analytical, and decision-making skills</p></li><li><p>Ability to work collaboratively in a team environment</p></li><li><p>Good communication and interpersonal skills</p></li></ol><p><br></p>","https://id.jobstreet.com/job/92331038"
"92349918","Software Engineering Manager II","Transportation Solutions Indonesia","Kebayoran Lama, Jakarta",,"Full time","Information & Communication Technology","Networks & Systems Administration","2026-05-26T13:17:28.000Z","Company Description About Grab and Our Workplace Grab is Southeast Asia's leading superapp. From getting your favourite meals delivered to helping you manage your finances and getting around town hassle-free, we've got your back with everything. In Grab, purpose gives us joy and habits build excellence, while harnessing the power of Technology and AI to deliver the mission of driving Southeast Asia forward by economically empowering everyone, with heart, hunger, honour, and humility. Job Description Get to Know the Team GrabKios is the pillar of Grab's digital products business – from airtime top up, data package, bill payment, e-wallet top up, and many more. We support millions of users in multiple countries with their digital product needs. We empower hundreds of thousands of entrepreneurs to grow their digital products enterprise. And we also allow external platforms to start selling digital goods as our partners. We're always keen to grow our impact, and we're looking for individuals to join our Engineering team in Jakarta, Indonesia. Get to Know the Role As an Engineering Manager at Grab, you will improve strategic product and technology initiatives in financial services. You will execute the technical strategy in partnership with engineering, product, and business teams, and lead your engineering team. This role offers a chance to shape Grab's financial services direction and impact our growth in this space. Reporting to the Senior Engineer Manager, you will be based in our Jakarta Office. The Critical Tasks You Will Perform Lead a platform-focused team of backend, full-stack, and QA engineers, promoting a culture of continuous improvement. Participate in code and technical design reviews to maintain high development standards. Champion engineering excellence (e.g., tools, best practices, industry trends) within and beyond your immediate team. Build and deliver quarterly/half-yearly team roadmaps, partnering with other functions across product, design, analytics, and business. Manage daily project execution, including engineering capacity allocation and task commitments across planning cycles and sprints. Define strategy and targets to improve system capabilities and qualities (e.g., reliability, security, and extensibility). Work with other engineering and cross-functional leaders to solve complex interdependent projects across Grab. Collaborate with the Operations/Support team to ensure smooth system integrations with third-party vendors. Analyze data and reports to quantitatively evaluate and enhance platform excellence (e.g., uptime, latency, and correctness). Grow engineering talent through mentoring, career planning, and facilitation. Qualifications What Essential Skills You Will Need Bachelor's degree in Computer Science, Software Engineering, or a related field 5+ years of backend development experience 3+ years of engineering management experience, showcasing leadership, mentoring, and hands-on tech solutioning Proficiency in backend programming languages such as Go, Python, and Java In-depth knowledge of scalable backend architecture, distributed systems, and development best practices Experience with database design in relational databases such as MySQL or PostgreSQL Experience deploying code in AWS, Azure, or Google Cloud environments Expertise in version control systems (e.g., Git) and CI/CD pipelines (e.g., GitLab, Jenkins) Experience with Agile methodologies and leading Agile development teams Additional Information Life at Grab We care about your well-being at Grab, here are some of the global benefits we offer: We have your back with Term Life Insurance and comprehensive Medical Insurance. With GrabFlex, create a benefits package that suits your needs and aspirations. Celebrate moments that matter in life with loved ones through Parental and Birthday leave , and give back to your communities through Love-all-Serve-all (LASA) volunteering leave We have a confidential Grabber Assistance Programme to guide and uplift you and your loved ones through life's challenges. Balancing personal commitments and life's demands are made easier with our FlexWork arrangements such as differentiated hours What We Stand For At Grab We are committed to building an inclusive and equitable workplace that provides equal opportunity for Grabbers to grow and perform at their best. We consider all candidates fairly and equally regardless of nationality, ethnicity, race, religion, age, gender, family commitments, physical and mental impairments or disabilities, and other attributes that make them unique.","<div><p>
<strong>Company Description</strong><br>
</p></div>
<div><div>
<p><strong>About Grab and Our Workplace</strong></p>
<p>Grab is Southeast Asia's leading superapp. From getting your favourite meals delivered to helping you manage your finances and getting around town hassle-free, we've got your back with everything. In Grab, purpose gives us joy and habits build excellence, while harnessing the power of Technology and AI to deliver the mission of driving Southeast Asia forward by economically empowering everyone, with heart, hunger, honour, and humility.</p>
</div></div>
<div><p>
<strong>Job Description</strong><br>
</p></div>
<div><div>
<p><strong>Get to Know the Team</strong></p>
<p>GrabKios is the pillar of Grab's digital products business – from airtime top up, data package, bill payment, e-wallet top up, and many more. We support millions of users in multiple countries with their digital product needs. We empower hundreds of thousands of entrepreneurs to grow their digital products enterprise. And we also allow external platforms to start selling digital goods as our partners. We're always keen to grow our impact, and we're looking for individuals to join our Engineering team in Jakarta, Indonesia.</p>
<p><strong>Get to Know the Role</strong></p>
<p>As an Engineering Manager at Grab, you will improve strategic product and technology initiatives in financial services. You will execute the technical strategy in partnership with engineering, product, and business teams, and lead your engineering team. This role offers a chance to shape Grab's financial services direction and impact our growth in this space. Reporting to the Senior Engineer Manager, you will be based in our Jakarta Office.</p>
<p><strong>The Critical Tasks You Will Perform</strong></p>
<ul>
<li>Lead a platform-focused team of backend, full-stack, and QA engineers, promoting a culture of continuous improvement.</li>
<li>Participate in code and technical design reviews to maintain high development standards.</li>
<li>Champion engineering excellence (e.g., tools, best practices, industry trends) within and beyond your immediate team.</li>
<li>Build and deliver quarterly/half-yearly team roadmaps, partnering with other functions across product, design, analytics, and business.</li>
<li>Manage daily project execution, including engineering capacity allocation and task commitments across planning cycles and sprints.</li>
<li>Define strategy and targets to improve system capabilities and qualities (e.g., reliability, security, and extensibility).</li>
<li>Work with other engineering and cross-functional leaders to solve complex interdependent projects across Grab.</li>
<li>Collaborate with the Operations/Support team to ensure smooth system integrations with third-party vendors.</li>
<li>Analyze data and reports to quantitatively evaluate and enhance platform excellence (e.g., uptime, latency, and correctness).</li>
<li>Grow engineering talent through mentoring, career planning, and facilitation.</li>
</ul>
</div></div>
<div><p>
<strong>Qualifications</strong><br>
</p></div>
<div><div>
<p><strong>What Essential Skills You Will Need</strong></p>
<ul>
<li>Bachelor's degree in Computer Science, Software Engineering, or a related field</li>
<li>5+ years of backend development experience</li>
<li>3+ years of engineering management experience, showcasing leadership, mentoring, and hands-on tech solutioning</li>
<li>Proficiency in backend programming languages such as Go, Python, and Java</li>
<li>In-depth knowledge of scalable backend architecture, distributed systems, and development best practices</li>
<li>Experience with database design in relational databases such as MySQL or PostgreSQL</li>
<li>Experience deploying code in AWS, Azure, or Google Cloud environments</li>
<li>Expertise in version control systems (e.g., Git) and CI/CD pipelines (e.g., GitLab, Jenkins)</li>
<li>Experience with Agile methodologies and leading Agile development teams</li>
</ul>
</div></div>
<div><p>
<strong>Additional Information</strong><br>
</p></div>
<div><div>
<p><strong>Life at Grab</strong></p>
<p>We care about your well-being at Grab, here are some of the global benefits we offer:</p>
<ul>
<li>We have your back with <strong>Term Life Insurance </strong>and comprehensive <strong>Medical Insurance.</strong>
</li>
<li>With <strong>GrabFlex, </strong>create a benefits package that suits your needs and aspirations.</li>
<li>Celebrate moments that matter in life with loved ones through <strong>Parental</strong> and <strong>Birthday leave</strong>, and give back to your communities through <strong>Love-all-Serve-all (LASA)</strong> volunteering leave</li>
<li>We have a confidential <strong>Grabber Assistance Programme</strong> to guide and uplift you and your loved ones through life's challenges.</li>
<li>Balancing personal commitments and life's demands are made easier with our FlexWork arrangements such as differentiated hours</li>
</ul>
<p><strong>What We Stand For At Grab</strong></p>
<p>We are committed to building an inclusive and equitable workplace that provides equal opportunity for Grabbers to grow and perform at their best. We consider all candidates fairly and equally regardless of nationality, ethnicity, race, religion, age, gender, family commitments, physical and mental impairments or disabilities, and other attributes that make them unique.</p>
</div></div>","https://id.jobstreet.com/job/92349918"
"92218017","Data Engineer","Tuntun Sekuritas Indonesia","North Jakarta, Jakarta",,"Full time","Information & Communication Technology","Engineering - Software","2026-05-20T02:01:59.000Z","PT Tuntun Sekuritas Indonesia is looking for candidates to fill Data Engineer role. This position will be responsible for designing, building, and maintaining robust data infrastructure that enables reliable, scalable, and high-quality data access across the organization. Main Responsibilities: Extract data using web scraping and API integrations. Develop and maintain scalable data crawlers for diverse sources. Developing and maintaining data pipelines for efficient data extraction, transformation, and loading (ETL) processes. Ensure data quality through validation processes. Document technical specifications and workflows Collaborating with data analysts, data architects, and software engineers to understand data requirements and deliver relevant data sets. Participating in data governance and compliance efforts to meet regulatory requirements. Collaborating with cross-functional teams to drive data-driven decision-making within the organization. Requirements: More than 2 years of relevant experience or significant internship. Proficiency in programming languages like Python, Java, or SQL. Basic knowledge of data modeling and database management. Familiarity with ETL (Extract, Transform, Load) processes. Understanding of data warehousing concepts. Must have experience of extracting data from HTML, and web crawling.","<p>PT Tuntun Sekuritas Indonesia is looking for candidates to fill Data Engineer role. This position will be responsible for designing, building, and maintaining robust data infrastructure that enables reliable, scalable, and high-quality data access across the organization.</p><p><br></p><p><strong>Main Responsibilities: &nbsp;</strong></p><ol><li><p>Extract data using web scraping and API integrations.&nbsp;</p></li><li><p>Develop and maintain scalable data crawlers for diverse sources.&nbsp;</p></li><li><p>Developing and maintaining data pipelines for efficient data extraction, transformation, and loading (ETL) processes.&nbsp;</p></li><li><p>Ensure data quality through validation processes.&nbsp;</p></li><li><p>Document technical specifications and workflows&nbsp;</p></li><li><p>Collaborating with data analysts, data architects, and software engineers to understand data requirements and deliver relevant data sets.&nbsp;</p></li><li><p>Participating in data governance and compliance efforts to meet regulatory requirements.&nbsp;</p></li><li><p>Collaborating with cross-functional teams to drive data-driven decision-making within the organization. &nbsp;&nbsp;<br></p></li></ol><p><strong>Requirements:&nbsp;</strong></p><ol><li><p>&nbsp;More than 2 years of relevant experience or significant internship.</p></li><li><p>&nbsp;Proficiency in programming languages like Python, Java, or SQL.&nbsp;</p></li><li><p>Basic knowledge of data modeling and database management.&nbsp;</p></li><li><p>Familiarity with ETL (Extract, Transform, Load) processes.&nbsp;</p></li><li><p>Understanding of data warehousing concepts.&nbsp;</p></li><li><p>Must have experience of extracting data from HTML, and web crawling.</p></li></ol><p><br></p>","https://id.jobstreet.com/job/92218017"
"92080433","Senior Software Engineer (FE, React/React Native)","Luce Maintenance Group","West Jakarta, Jakarta","Rp 28,500,000 – Rp 36,500,000 per year","Full time","Information & Communication Technology","Engineering - Software","2026-05-13T03:17:52.000Z","Luce is a tech-enabled services platform that provides a full range of services from home cleaning to babysitting. Our vision is to give everyone the help they need at their fingertips through our web and mobile applications. We have been recognized by the Financial Times as one of Asia-Pacific’s Fastest Growing Companies 2025 and included in the list of 100 Singapore’s Fastest Growing Companies 2025. We are looking for a Senior Software Engineer FE to join us in our Jakarta, Indonesia Office. What You’ll Be Doing Lead development of complex features and shared modules across platforms. Design component architecture and state management (Redux Toolkit, React Query). Collaborate with backend teams; build APIs/services (20‑30 % time). Own performance budgets, accessibility, reliability metrics, and dashboards. Coach juniors and drive thorough code & design reviews. Author technical design docs and coordinate staged releases. About You 5‑8 yrs professional, ≥ 4 yrs deep in TS + React/React Native. Expertise in app architecture, performance tuning, automated testing. Comfortable designing REST/GraphQL APIs and implementing backend logic. Strong UX sense; deliver pixel‑perfect and accessible interfaces. Experience with CI/CD, OTA updates, and mobile release cycles. Proven mentoring and team‑level technical leadership. Data‑driven mindset; familiar with analytics and A/B testing frameworks. Tech Stack You’ll Work With Frontend: React 18+, React Native 0.74+, TypeScript 5.x, Next.js for SSR. State: Redux Toolkit, React Query Styling/UI: Tailwind CSS, Styled‑Components, shadcn/ui, Storybook (design system ownership). Testing:, React Testing Library. Performance Tooling: Webpack Bundle Analyzer, Hermes engine, Flipper. Monitoring & Crash Reporting: Sentry, New Relic Browser, Firebase Crashlytics. CI/CD & Release: CircleCI, GitHub Actions, Expo Application Services (EAS) CI pipelines, OTA updates with EAS. Experimentation & Analytics: LaunchDarkly, Firebase Remote Config. Interview Process Advanced front‑end architecture take‑home (2‑3 hrs). Paid assignment: build shared module + integration tests (4‑6 hrs). Technical deep‑dive on state management & performance. Leadership & culture‑fit call with CEO. Job Highlights Salary Range: Rp. 21,500,000 - Rp. 36,500,000 Great working environment Work with other like-minded, growth-focused individuals Hybrid working (WFH Credit) 13-month salary (Festive Allowance) 1-2 month Performance Bonus 0.5 month Company performance bonus Total average 14 – 15 months salary a year","<p>Luce is a tech-enabled services platform that provides a full range of services from home cleaning to babysitting. Our vision is to give everyone the help they need at their fingertips through our web and mobile applications.</p><p>We have been recognized by the Financial Times as one of Asia-Pacific’s Fastest Growing Companies 2025 and included in the list of 100 Singapore’s Fastest Growing Companies 2025.</p><p>We are looking for a Senior Software Engineer FE to join us in our Jakarta, Indonesia Office.</p><p>What You’ll Be Doing</p><ul><li><p>Lead development of complex features and shared modules across platforms.</p></li><li><p>Design component architecture and state management (Redux Toolkit, React Query).</p></li><li><p>Collaborate with backend teams; build APIs/services (20‑30 % time).</p></li><li><p>Own performance budgets, accessibility, reliability metrics, and dashboards.</p></li><li><p>Coach juniors and drive thorough code &amp; design reviews.</p></li><li><p>Author technical design docs and coordinate staged releases.</p></li></ul><p>About You</p><ul><li><p>5‑8 yrs professional, ≥ 4 yrs deep in TS + React/React Native.</p></li><li><p>Expertise in app architecture, performance tuning, automated testing.</p></li><li><p>Comfortable designing REST/GraphQL APIs and implementing backend logic.</p></li><li><p>Strong UX sense; deliver pixel‑perfect and accessible interfaces.</p></li><li><p>Experience with CI/CD, OTA updates, and mobile release cycles.</p></li><li><p>Proven mentoring and team‑level technical leadership.</p></li><li><p>Data‑driven mindset; familiar with analytics and A/B testing frameworks.</p></li></ul><p>Tech Stack You’ll Work With</p><ul><li><p>Frontend: React 18+, React Native 0.74+, TypeScript 5.x, Next.js for SSR.</p></li><li><p>State: Redux Toolkit, React Query</p></li><li><p>Styling/UI: Tailwind CSS, Styled‑Components, shadcn/ui, Storybook (design system ownership).</p></li><li><p>Testing:, React Testing Library.</p></li><li><p>Performance Tooling: Webpack Bundle Analyzer, Hermes engine, Flipper.</p></li><li><p>Monitoring &amp; Crash Reporting: Sentry, New Relic Browser, Firebase Crashlytics.</p></li><li><p>CI/CD &amp; Release: CircleCI, GitHub Actions, Expo Application Services (EAS) CI pipelines, OTA updates with EAS.</p></li><li><p>Experimentation &amp; Analytics: LaunchDarkly, Firebase Remote Config.</p></li></ul><p>Interview Process</p><ul><li><p>Advanced front‑end architecture take‑home (2‑3 hrs).</p></li><li><p>Paid assignment: build shared module + integration tests (4‑6 hrs).</p></li><li><p>Technical deep‑dive on state management &amp; performance.</p></li><li><p>Leadership &amp; culture‑fit call with CEO.</p></li></ul><p>Job Highlights</p><ul><li><p>Salary Range: Rp. 21,500,000 - Rp. 36,500,000</p></li><li><p>Great working environment</p></li><li><p>Work with other like-minded, growth-focused individuals</p></li><li><p>Hybrid working (WFH Credit)</p></li><li><p>13-month salary (Festive Allowance)</p></li><li><p>1-2 month Performance Bonus</p></li><li><p>0.5 month Company performance bonus</p></li><li><p>Total average 14 – 15 months salary a year</p></li></ul><p><br></p>","https://id.jobstreet.com/job/92080433"
"92032932","CTO, Building Materials, Serang Banten","Potentia HR","Serang, Banten",,"Full time","Manufacturing, Transport & Logistics","Management","2026-05-11T06:36:51.000Z","Job Overview: We are looking for a visionary leader who understands the ""physics of the factory."" The ideal candidate transitioned from a high-level engineering or material science background into a strategic leadership role. They should have experience in industries like aerospace, automotive, wind energy, or high-end sporting goods. Core Responsibilities: Material Innovation: Overseeing the development and testing of new resin systems, fiber reinforcements (carbon, glass, aramid), and sandwich structures. Process Engineering: Optimizing manufacturing techniques such as Autoclave, RTM (Resin Transfer Molding), VARTM, or Automated Fiber Placement (AFP). Digital Transformation: Implementing Industry 4.0 solutions, including digital twins, real-time sensor monitoring, and AI-driven quality control. Sustainability: Driving the adoption of bio-based resins and developing recycling/circularity strategies for composite waste. Qualification & Experience: 1) Key Competencies: Material Science Mastery Deep knowledge of polymer chemistry and structural mechanics. Operational Scaling Experience moving from R&D prototypes to high-volume production. Supply Chain Tech Ability to vet and integrate new hardware/software vendors. Regulatory Knowledge Familiarity with ISO 9001, AS9100 (Aerospace), or IATF 16949 (Automotive). 2) Cultural Fit & Soft Skills Safety First: A relentless commitment to chemical safety and structural integrity standards. The ""Builder"" Mindset: Proven track record of scaling production lines rather than just maintaining them. Cross-Functional Translator: Ability to explain complex chemical properties to investors and production bottlenecks to the Board. Pragmatic Innovator: Someone who doesn't just chase ""cool tech"" but focuses on ROI and production yield. 3) Requirement: Education: Master’s or PhD in Material Science, Mechanical Engineering, Industrial Engineering, or Chemical Engineering is an advantage Experience: 10+ years in manufacturing industries (especially in composite and related fields), with at least 5 years in a senior leadership role. This role requires extensive experience in complex labor relations and long-term strategic cycles. Track Record: Proven success in reducing cycle times or material scrap rates in a production environment.","<p><strong>Job Overview:</strong></p><p>We are looking for a visionary leader who understands the ""physics of the factory."" The ideal candidate transitioned from a high-level engineering or material science background into a strategic leadership role. They should have experience in industries like aerospace, automotive, wind energy, or high-end sporting goods.</p><p><strong>Core Responsibilities:</strong></p><ul><li><p>Material Innovation: Overseeing the development and testing of new resin systems, fiber reinforcements (carbon, glass, aramid), and sandwich structures.</p></li><li><p>Process Engineering: Optimizing manufacturing techniques such as Autoclave, RTM (Resin Transfer Molding), VARTM, or Automated Fiber Placement (AFP).</p></li><li><p>Digital Transformation: Implementing Industry 4.0 solutions, including digital twins, real-time sensor monitoring, and AI-driven quality control.</p></li><li><p>Sustainability: Driving the adoption of bio-based resins and developing recycling/circularity strategies for composite waste.</p></li></ul><p><strong>Qualification &amp; Experience:</strong></p><p><strong>1) Key Competencies:</strong></p><ul><li><p>Material Science Mastery Deep knowledge of polymer chemistry and structural mechanics.</p></li><li><p>Operational Scaling Experience moving from R&amp;D prototypes to high-volume production.</p></li><li><p>Supply Chain Tech Ability to vet and integrate new hardware/software vendors.</p></li><li><p>Regulatory Knowledge Familiarity with ISO 9001, AS9100 (Aerospace), or IATF 16949 (Automotive).</p></li></ul><p><strong>2) Cultural Fit &amp; Soft Skills</strong></p><ul><li><p>Safety First: A relentless commitment to chemical safety and structural integrity standards.</p></li><li><p>The ""Builder"" Mindset: Proven track record of scaling production lines rather than just maintaining them.</p></li><li><p>Cross-Functional Translator: Ability to explain complex chemical properties to investors and production bottlenecks to the Board.</p></li><li><p>Pragmatic Innovator: Someone who doesn't just chase ""cool tech"" but focuses on ROI and production yield.</p></li></ul><p><strong>3) Requirement:</strong></p><ul><li><p>Education: Master’s or PhD in Material Science, Mechanical Engineering, Industrial Engineering, or Chemical Engineering is an advantage</p></li><li><p>Experience: 10+ years in manufacturing industries (especially in composite and related fields), with at least 5 years in a senior leadership role.</p></li><li><p>This role requires extensive experience in complex labor relations and long-term strategic cycles.</p></li><li><p>Track Record: Proven success in reducing cycle times or material scrap rates in a production environment.</p></li></ul><p><br></p>","https://id.jobstreet.com/job/92032932"
"92245114","SITE ENGINEER","PARAMA ADHI PRATAMA","Bali","Rp 4.000.000 – Rp 6.000.000 per month","Full time","Engineering","Civil/Structural Engineering","2026-05-21T02:20:21.000Z","Tentang Kami PT Parama Adhi Pratama adalah perusahaan General Contractor yang bergerak di bidang konstruksi Infrastruktur Sumber Daya Air, Jalan & Jembatan . Kami berkomitmen menghadirkan hasil pekerjaan berkualitas tinggi melalui profesionalisme, integritas, dan kerja tim yang solid. Kami membuka kesempatan bagi Anda yang berpengalaman dan memiliki semangat untuk berkembang bersama kami sebagai: SITE ENGINEER Tanggung Jawab Utama: Mengelola dan mengawasi pelaksanaan pekerjaan di lapangan agar sesuai dengan gambar kerja, spesifikasi teknis, dan jadwal proyek. Menyusun laporan harian, mingguan, dan bulanan progres pekerjaan. Melakukan koordinasi dengan tim pelaksana, konsultan pengawas, dan pihak terkait. Memastikan pelaksanaan pekerjaan memenuhi standar mutu dan K3. Membantu Project Manager dalam pengendalian teknis dan administrasi proyek. Kualifikasi: Minimal S1 Teknik sipil/ sumber daya air (SDA) Pengalaman minimal 3 tahun di posisi/bidang yang sama pada proyek infrastruktur SDA, Air Minum perpipaan, jembatan dan jalan. Terampil menggunakan software seperti AutoCAD, Microsoft Project, dan Excel. Mampu menyusun metode kerja, produktivitas dan jadwal pelaksanaan, merencanakan kebutuhan tim kerja dan analisa harga pekerjaan. Mampu memahami gambar kerja, spesifikasi pekerjaan dan syarat-syarat kontrak. Siap ditempatkan di lokasi proyek dan bekerja dengan mobilitas tinggi. Memiliki kemampuan komunikasi dan koordinasi tim yang baik.","<p><strong>Tentang Kami</strong><br>PT Parama Adhi Pratama adalah perusahaan <strong>General Contractor</strong> yang bergerak di bidang konstruksi <strong>Infrastruktur Sumber Daya Air, Jalan &amp; Jembatan</strong>. Kami berkomitmen menghadirkan hasil pekerjaan berkualitas tinggi melalui profesionalisme, integritas, dan kerja tim yang solid. Kami membuka kesempatan bagi Anda yang berpengalaman dan memiliki semangat untuk berkembang bersama kami sebagai:</p><h2><strong>SITE ENGINEER</strong></h2><p><strong>Tanggung Jawab Utama:</strong></p><ol><li><p>Mengelola dan mengawasi pelaksanaan pekerjaan di lapangan agar sesuai dengan gambar kerja, spesifikasi teknis, dan jadwal proyek.</p></li><li><p>Menyusun laporan harian, mingguan, dan bulanan progres pekerjaan.</p></li><li><p>Melakukan koordinasi dengan tim pelaksana, konsultan pengawas, dan pihak terkait.</p></li><li><p>Memastikan pelaksanaan pekerjaan memenuhi standar mutu dan K3.</p></li><li><p>Membantu Project Manager dalam pengendalian teknis dan administrasi proyek.<br></p></li></ol><p><strong>Kualifikasi:</strong></p><ol><li><p>Minimal S1 Teknik sipil/ sumber daya air (SDA)</p></li><li><p>Pengalaman minimal 3 tahun di posisi/bidang yang sama pada proyek infrastruktur SDA, Air Minum perpipaan, jembatan dan jalan.</p></li><li><p>Terampil menggunakan software seperti AutoCAD, Microsoft Project, dan Excel.</p></li><li><p>Mampu menyusun metode kerja, produktivitas dan jadwal pelaksanaan, merencanakan kebutuhan tim kerja dan analisa harga pekerjaan.</p></li><li><p>Mampu memahami gambar kerja, spesifikasi pekerjaan dan syarat-syarat kontrak.</p></li><li><p>Siap ditempatkan di lokasi proyek dan bekerja dengan mobilitas tinggi.</p></li><li><p>Memiliki kemampuan komunikasi dan koordinasi tim yang baik.</p></li></ol><p><br></p>","https://id.jobstreet.com/job/92245114"
"92321014","HVAC ENGINEER","Shinsung E&G","Cikarang Pusat, West Java","Rp 8.000.000 – Rp 10.000.000 per month","Full time","Trades & Services","Air Conditioning & Refrigeration","2026-05-25T10:16:41.000Z","About the role We are seeking a talented HVAC Engineer to join our team at PT SHINSUNG ENC INDONESIA'. As a full-time HVAC Engineer, you will play a crucial role in designing, installing and maintaining the heating, ventilation and air conditioning systems for our facilities in Cikarang Pusat, West Java. What you'll be doing Perform design calculations and develop engineering drawings for HVAC systems Oversee the installation, testing and commissioning of HVAC equipment Coordinate with project/site team for installation and implementation Ensure HVAC design meets project requirements and applicable standards Able to select HVAC equipment (chiller, AHU, FCU, VRV/VRF, etc.) Able to carry out duct sizing and HVAC system design Able to perform heat load calculations What we're looking for Bachelor's degree in Mechanical Engineering or a related field Minimum 3 years of experience as an HVAC Engineer in the air conditioning and refrigeration industry Proficient in HVAC design software, such as AutoCAD and HVAC system modelling tools Strong technical knowledge of HVAC system components, including chillers, boilers, air handlers and controls Excellent problem-solving and troubleshooting skills Ability to read and interpret engineering drawings, schematics and specifications Strong communication and collaboration skills to work effectively with cross-functional teams Familiarity with relevant safety regulations and industry standards Fluent in English is preferred","<p><strong>About the role</strong><br><br>We are seeking a talented HVAC Engineer to join our team at PT SHINSUNG ENC INDONESIA'. As a full-time HVAC Engineer, you will play a crucial role in designing, installing and maintaining the heating, ventilation and air conditioning systems for our facilities in Cikarang Pusat, West Java.</p><p><strong>What you'll be doing</strong></p><ul><li><p>Perform design calculations and develop engineering drawings for HVAC systems</p></li><li><p>Oversee the installation, testing and commissioning of HVAC equipment</p></li><li><p>Coordinate with project/site team for installation and implementation</p></li><li><p>Ensure HVAC design meets project requirements and applicable standards</p></li><li><p>Able to select HVAC equipment (chiller, AHU, FCU, VRV/VRF, etc.)</p></li><li><p>Able to carry out duct sizing and HVAC system design</p></li><li><p>Able to perform heat load calculations</p></li></ul><p><strong>What we're looking for</strong></p><ul><li><p>Bachelor's degree in Mechanical Engineering or a related field</p></li><li><p>Minimum 3 years of experience as an HVAC Engineer in the air conditioning and refrigeration industry</p></li><li><p>Proficient in HVAC design software, such as AutoCAD and HVAC system modelling tools</p></li><li><p>Strong technical knowledge of HVAC system components, including chillers, boilers, air handlers and controls</p></li><li><p>Excellent problem-solving and troubleshooting skills</p></li><li><p>Ability to read and interpret engineering drawings, schematics and specifications</p></li><li><p>Strong communication and collaboration skills to work effectively with cross-functional teams</p></li><li><p>Familiarity with relevant safety regulations and industry standards</p></li><li><p>Fluent in English is preferred</p></li></ul><p><br></p><p><br></p>","https://id.jobstreet.com/job/92321014"
"92416091","Software Engineer (JAVA)","Infinitium Solutions","Central Jakarta, Jakarta",,"Full time","Information & Communication Technology","Developers/Programmers","2026-05-29T09:42:01.000Z","We are seeking for skilled software developers with at least 4 years of hands-on experience in Java and a strong background in Spring and web technologies such as Thymeleaf, React.js and Restful web services (or equivalent frameworks). The ideal candidate should also have experience working with SQL databases like PostgreSQL, SQL Server, along with a solid understanding of application security and performance optimization. Familiarity with modern development workflows and tools such as Git, CI/CD pipelines and Agile practices is desirable. Responsibilities Design, develop, and maintain high-quality software solutions that support financial transactions and critical business systems. Collaborate with cross-functional teams including product, risk, operations, and compliance to deliver new features safely and reliably. Write clean, scalable, and well-documented code following engineering and security best practices. Write and maintain unit and integration tests to ensure system correctness, reliability, and regression safety. Participate in code reviews and provide constructive feedback with a strong focus on quality, security, and maintainability. Troubleshoot, debug, and optimize systems with attention to performance, resilience, and data integrity in production environments. Contribute to technical discussions and architectural decisions, balancing speed of delivery with risk and compliance considerations. Continuously learn and apply new technologies, tools, and best practices to improve system stability, security, and development efficiency. Added Advantage Knowledge in payment or related system such as Payment Gateway, Reconciliation, Fraud Detection, 3DS authentication, etc Experience with cloud platforms (AWS, Azure, or GCP). Exposure to Docker, Kubernetes, or DevOps practices. Awareness of security, compliance, or audit requirements (e.g. PCI-DSS, data protection).","<p>We are seeking for skilled software developers with at least 4 years of hands-on experience in Java and a strong background in Spring and web technologies such as Thymeleaf, React.js and Restful web services (or equivalent frameworks). The ideal candidate should also have experience working with SQL databases like PostgreSQL, SQL Server, along with a solid understanding of application security and performance optimization. Familiarity with modern development workflows and tools such as Git, CI/CD pipelines and Agile practices is desirable.</p><p><strong>Responsibilities</strong></p><ul><li><p>Design, develop, and maintain high-quality software solutions that support financial transactions and critical business systems.</p></li><li><p>Collaborate with cross-functional teams including product, risk, operations, and compliance to deliver new features safely and reliably.</p></li><li><p>Write clean, scalable, and well-documented code following engineering and security best practices.</p></li><li><p>Write and maintain unit and integration tests to ensure system correctness, reliability, and regression safety.</p></li><li><p>Participate in code reviews and provide constructive feedback with a strong focus on quality, security, and maintainability.</p></li><li><p>Troubleshoot, debug, and optimize systems with attention to performance, resilience, and data integrity in production environments.</p></li><li><p>Contribute to technical discussions and architectural decisions, balancing speed of delivery with risk and compliance considerations.</p></li><li><p>Continuously learn and apply new technologies, tools, and best practices to improve system stability, security, and development efficiency.</p></li></ul><p><strong>Added Advantage</strong></p><ul><li><p>Knowledge in payment or related system such as Payment Gateway, Reconciliation, Fraud Detection, 3DS authentication, etc</p></li><li><p>Experience with cloud platforms (AWS, Azure, or GCP).</p></li><li><p>Exposure to Docker, Kubernetes, or DevOps practices.</p></li><li><p>Awareness of security, compliance, or audit requirements (e.g. PCI-DSS, data protection).</p></li></ul><p><br></p>","https://id.jobstreet.com/job/92416091"
"92465846","Structural Engineer","Mark W Tiedemann Architect, PC","North Jakarta, Jakarta","Rp 12.000.000 – Rp 15.000.000 per month","Full time","Engineering","Civil/Structural Engineering","2026-06-02T08:37:20.000Z","We are an Architectural and Engineering firm seeking a detail-oriented Structural Engineer (Design & Documentation) to join our dynamic team. This role is ideal for a fast learner with strong English communication skills and solid experience in structural design and construction documentation. As part of the selection process, candidates will be asked to complete a short technical assessment to evaluate drafting and construction document skills. Note: Salary shown is gross (before tax and deductions). BPJS Kesehatan and BPJS Ketenagakerjaan are provided in accordance with government regulations. Requirements: Based in Jakarta, Indonesia. Fluent in English (verbal and written). Bachelor's degree in Civil Engineering, Structural Engineering, or a related field. Minimum 6+ years of experience as a Structural Engineer, Structural Designer, or Structural Drafter involved in the design and documentation of hotels, apartments, mixed-use, or commercial projects. Proficiency in CAD software, such as AutoCAD or Revit. Strong understanding of structural engineering principles, construction methods, and applicable building codes. Excellent attention to detail and organizational skills. Fast learner with the ability to adapt quickly. Able to work effectively in a team environment. Responsibilities: Prepare and coordinate structural construction documents using AutoCAD and/or Revit. Collaborate with engineers and architects to develop and execute design concepts. Ensure compliance with building codes, structural regulations, and project standards. Modify and revise designs to meet project specifications and client needs. Maintain accurate records and documentation for all designs and drafts.","<p>We are an Architectural and Engineering firm seeking a detail-oriented Structural Engineer (Design &amp; Documentation) to join our dynamic team.</p><p>This role is ideal for a fast learner with strong English communication skills and solid experience in structural design and construction documentation.</p><p>As part of the selection process, candidates will be asked to complete a short technical assessment to evaluate drafting and construction document skills.</p><p><br></p><p><strong>Note:</strong></p><ul><li><p>Salary shown is gross (before tax and deductions).</p></li><li><p>BPJS Kesehatan and BPJS Ketenagakerjaan are provided in accordance with government regulations.</p></li></ul><p><br></p><p><strong>Requirements:</strong></p><ul><li><p>Based in <strong>Jakarta, Indonesia.</strong></p></li><li><p><strong>Fluent </strong>in English (verbal and written).</p></li><li><p>Bachelor's degree in Civil Engineering, Structural Engineering, or a related field.</p></li></ul><ul><li><p><strong>Minimum 6+ years of experience</strong> as a Structural Engineer, Structural Designer, or Structural Drafter involved in the design and documentation of hotels, apartments, mixed-use, or commercial projects.</p></li><li><p>Proficiency in CAD software, such as AutoCAD or Revit.</p></li><li><p>Strong understanding of structural engineering principles, construction methods, and applicable building codes.</p></li><li><p>Excellent attention to detail and organizational skills.</p></li><li><p>Fast learner with the ability to adapt quickly.</p></li><li><p>Able to work effectively in a team environment.<br></p></li></ul><p><strong>Responsibilities:</strong></p><ul><li><p>Prepare and coordinate structural construction documents using AutoCAD and/or Revit.</p></li><li><p>Collaborate with engineers and architects to develop and execute design concepts.</p></li><li><p>Ensure compliance with building codes, structural regulations, and project standards.</p></li><li><p>Modify and revise designs to meet project specifications and client needs.</p></li><li><p>Maintain accurate records and documentation for all designs and drafts.</p></li></ul><p><br></p><p><br></p>","https://id.jobstreet.com/job/92465846"
"92087073","Back End Engineer","Falah Technology Innovation","South Jakarta, Jakarta","Rp 8.500.000 – Rp 9.650.000 per month","Contract/Temp","Information & Communication Technology","Developers/Programmers","2026-05-13T06:26:29.000Z","PT. Falah Inovasi Teknologi is an Indonesian company specializing in VR, AR, and software solutions for professional training, military simulation, interactive education, and smart campus systems — delivering immersive technologies across multiple sectors. We are currently looking for a skilled and experienced: Back End Engineer P lacement: Jakarta Selatan Contract / Temporary Requirements Education & Experience Bachelor’s or Master’s degree (S1/S2) in Computer Science, Informatics Engineering, or related fields Minimum 4–5 years of experience in backend development with complex project experience Technical Skills Strong understanding of Raw SQL, Query Optimization, Indexing Strategies, ACID Properties, and Transaction Isolation Levels Experience handling Race Conditions and Distributed Locks Experience designing RESTful APIs, GraphQL, or gRPC Understanding of Monolith, Modular Monolith, and Microservices architectures Experience using Message Brokers (RabbitMQ, Kafka, Redis Pub/Sub) Familiar with caching strategies using Redis or Memcached Familiar with Docker, Kubernetes, and backend monitoring tools (Prometheus, Grafana) Understanding authentication and security mechanisms (JWT / OAuth2, Rate Limiting) Familiar with Unit Testing, Integration Testing, Git, and Agile/Scrum Soft Skills Strong problem-solving and analytical skills Good communication and collaboration across teams Willingness to learn and adapt to new technologies Responsibilities Design scalable and maintainable backend architecture and systems Optimize database queries and schema design Implement asynchronous processing and caching strategies Conduct code reviews and mentor junior engineers Participate in Agile development processes Monitor system performance and resolve bottlenecks Improve performance and maintain application reliability Maintain confidentiality of company projects","<p><strong>PT. Falah Inovasi Teknologi</strong> is an Indonesian company specializing in <strong>VR, AR, and software solutions</strong> for professional training, military simulation, interactive education, and smart campus systems — delivering immersive technologies across multiple sectors.</p><p>We are currently looking for a skilled and experienced:</p><p><strong>Back End Engineer</strong><br>P<strong>lacement:</strong> Jakarta Selatan<br><strong>Contract / Temporary</strong></p><p> <strong>Requirements</strong></p><p><strong>Education &amp; Experience</strong></p><ul><li><p>Bachelor’s or Master’s degree (S1/S2) in <strong>Computer Science, Informatics Engineering, or related fields</strong></p></li><li><p>Minimum <strong>4–5 years of experience in backend development</strong> with complex project experience</p></li></ul><p><strong>Technical Skills</strong></p><ul><li><p>Strong understanding of <strong>Raw SQL, Query Optimization, Indexing Strategies, ACID Properties, and Transaction Isolation Levels</strong></p></li><li><p>Experience handling <strong>Race Conditions and Distributed Locks</strong></p></li><li><p>Experience designing <strong>RESTful APIs, GraphQL, or gRPC</strong></p></li><li><p>Understanding of <strong>Monolith, Modular Monolith, and Microservices architectures</strong></p></li><li><p>Experience using <strong>Message Brokers</strong> (RabbitMQ, Kafka, Redis Pub/Sub)</p></li><li><p>Familiar with <strong>caching strategies</strong> using Redis or Memcached</p></li><li><p>Familiar with <strong>Docker, Kubernetes, and backend monitoring tools</strong> (Prometheus, Grafana)</p></li><li><p>Understanding <strong>authentication and security mechanisms</strong> (JWT / OAuth2, Rate Limiting)</p></li><li><p>Familiar with <strong>Unit Testing, Integration Testing, Git, and Agile/Scrum</strong></p></li></ul><p><strong>Soft Skills</strong></p><ul><li><p>Strong <strong>problem-solving and analytical skills</strong></p></li><li><p>Good <strong>communication and collaboration across teams</strong></p></li><li><p>Willingness to <strong>learn and adapt to new technologies</strong></p></li></ul><p><strong>Responsibilities</strong></p><ul><li><p>Design scalable and maintainable <strong>backend architecture and systems</strong></p></li><li><p>Optimize <strong>database queries and schema design</strong></p></li><li><p>Implement <strong>asynchronous processing and caching strategies</strong></p></li><li><p>Conduct <strong>code reviews and mentor junior engineers</strong></p></li><li><p>Participate in <strong>Agile development processes</strong></p></li><li><p>Monitor system performance and resolve <strong>bottlenecks</strong></p></li><li><p>Improve performance and maintain <strong>application reliability</strong></p></li><li><p>Maintain confidentiality of company projects</p></li></ul><p><br></p>","https://id.jobstreet.com/job/92087073"
"92206035","Sales Engineer","PT.Eurocrane Indonesia Technology","Surabaya, East Java","Rp 13.000.000 – Rp 17.000.000 per month","Full time","Sales","New Business Development","2026-05-19T09:14:50.000Z","Job Description Develop sales plans, activities and manage day-to-day activities in order to implement the organization’s overall business strategy for an assigned geography, product line, market segment and customers/accounts. Establish, expand and manage company sales Partners in East Indonesia teritory. Execute sales and product marketing activities to achieve defined targets and support company business strategies. Proactively in searching for customer intelligence and create new opportunities in all segments of customers/key accounts. Continuously monitoring the result of business operation and development. Demonstration: Explaining and demonstrating the product's technical capabilities to prospective customer. Custom Solutions: Working with customers to adapt the product to their specific requirements. Technical Support: Offering technical advice and solutions during the sales cycle and sometimes post-sale. Regular and periodic travelling. Qualifications Bachelor degree on engineering (Mechanical/Electrical/Industrial, will be preferred). Work Experience Min. 3 years of experience in sales for industrial sector, preferred in overhead crane industry Having working knowledge in mechanical and electrical Understand on the industries, customers, and distribution channel/distributor management Independent thinker. Fluent in verbal and written English Shows initiative Strong Personality and Leadership High level of Social Competence Well develop Technical and Methodological Competence Proficient knowledge of standard software (MS Office) Having A driver licence certificate Having own car","<p><strong>Job Description</strong></p><ul><li><p>Develop sales plans, activities and manage day-to-day activities in order to implement the organization’s overall business strategy for an assigned geography, product line, market segment and customers/accounts.</p></li><li><p>Establish, expand and manage company sales Partners in East Indonesia teritory.</p></li><li><p>Execute sales and product marketing activities to achieve defined targets and support company business strategies.</p></li><li><p>Proactively in searching for customer intelligence and create new opportunities in all segments of customers/key accounts.</p></li><li><p>Continuously monitoring the result of business operation and development.</p></li><li><p>Demonstration: Explaining and demonstrating the product's technical capabilities to prospective customer.</p></li><li><p>Custom Solutions: Working with customers to adapt the product to their specific requirements.</p></li><li><p>Technical Support: Offering technical advice and solutions during the sales cycle and sometimes post-sale.</p></li><li><p>Regular and periodic travelling.</p></li></ul><p><br></p><p><strong>Qualifications</strong></p><ul><li><p>Bachelor degree on engineering (Mechanical/Electrical/Industrial, will be preferred).</p></li><li><p>Work Experience Min. 3 years of experience in sales for industrial sector, preferred in overhead crane industry</p></li><li><p>Having working knowledge in&nbsp; mechanical and electrical</p></li><li><p>Understand on the industries, customers, and distribution channel/distributor management Independent thinker.</p></li><li><p>Fluent in verbal and written English</p></li><li><p>Shows initiative</p></li><li><p>Strong Personality and Leadership</p></li><li><p>High level of Social Competence</p></li><li><p>Well develop Technical and Methodological Competence</p></li><li><p>Proficient knowledge of standard software (MS Office)</p></li><li><p>Having A driver licence certificate</p></li><li><p>Having own car</p></li></ul><p><br></p>","https://id.jobstreet.com/job/92206035"
"92164427","Internship - Engineering","MAS Holdings","Kendal, Central Java",,"Casual/Vacation","Engineering","Civil/Structural Engineering","2026-05-18T03:04:00.000Z","Learning exposure : Experience working in a manufacturing environment with cross-functional teams in Engineering department. Internship Requirement : Fresh graduate in Civil Engineering (max 1 year) Able to operate Microsoft Office (especially Excel) Basic knowledge of CAD software (AutoCAD or similar) Able to read technical drawings Good analytical thinking and problem-solving skills Willing to learn and work in a fast-paced manufacturing environment Able to communicate in English, both verbal and written Detail-oriented and responsible Willing to be placed in Kendal, Central Java Willing to undertake an internship program for 6 months .","<p>Learning exposure :</p><p>Experience working in a manufacturing environment with cross-functional teams in Engineering department.</p><p>Internship Requirement :</p><ul><li><p>Fresh graduate in Civil Engineering (max 1 year)</p></li><li><p>Able to operate Microsoft Office (especially Excel)</p></li><li><p>Basic knowledge of CAD software (AutoCAD or similar)</p></li><li><p>Able to read technical drawings</p></li><li><p>Good analytical thinking and problem-solving skills</p></li><li><p>Willing to learn and work in a fast-paced manufacturing environment</p></li><li><p>Able to communicate in English, both verbal and written</p></li><li><p>Detail-oriented and responsible</p></li><li><p>Willing to be placed in Kendal, Central Java</p></li><li><p>Willing to undertake an <strong>internship program for 6 months</strong>.<br></p></li></ul><p><br></p>","https://id.jobstreet.com/job/92164427"
"92495295","Junior AI / Fullstack Engineer","TalentGo","South Tangerang, Banten","Rp 7.000.000 – Rp 10.000.000 per month","Full time","Information & Communication Technology","Engineering - Software","2026-06-03T11:22:00.000Z","Tujuan Posisi Bertanggung jawab mengelola, mengembangkan, dan memastikan stabilitas sistem AI, automasi, aplikasi internal, database, serta integrasi sistem yang digunakan oleh Wiselie agar dapat berjalan secara efektif, aman, dan mendukung operasional bisnis. Job Description Mengelola dan melakukan maintenance sistem AI dan automasi perusahaan (OpenClaw dan tools terkait). Mengembangkan dan memelihara aplikasi internal berbasis web untuk kebutuhan operasional perusahaan. Mengelola database, authentication, storage, dan integrasi sistem menggunakan Supabase/PostgreSQL. Mengembangkan frontend dan backend aplikasi menggunakan teknologi modern (React, Next.js, API, dsb). Mengelola repository GitHub, deployment, version control, dan dokumentasi teknis. Melakukan troubleshooting, debugging, dan penyelesaian incident pada sistem, integrasi API, maupun automasi. Membangun dashboard monitoring untuk memantau performa sistem, automasi, dan proses bisnis. Membuat dokumentasi teknis, SOP, deployment guide, dan incident report. Berkolaborasi dengan berbagai departemen untuk menerjemahkan kebutuhan bisnis menjadi solusi teknologi yang efektif. Menjaga keamanan sistem, data, akses pengguna, serta kredensial perusahaan. Kualifikasi Wajib Pengalaman minimal 2–4 tahun sebagai Software Engineer, Full Stack Developer, Automation Engineer, atau posisi sejenis. Menguasai JavaScript/TypeScript dan Python. Memahami Git dan GitHub secara mendalam. Memiliki pengalaman menggunakan PostgreSQL atau Supabase. Menguasai pengembangan aplikasi frontend menggunakan React, Next.js, Tailwind, atau framework sejenis. Berpengalaman melakukan integrasi API, webhook, OAuth, dan third-party services. Memahami deployment, server environment, logging, cron job, dan dasar DevOps. Memiliki kemampuan problem solving dan debugging yang kuat. Mampu membuat dokumentasi teknis yang jelas dan rapi. Memiliki ownership tinggi terhadap sistem yang dikelola. Nilai Tambah Pernah mengelola AI Agent, LLM, Automation Workflow, atau AI Operations. Berpengalaman dengan Discord Bot, WhatsApp Integration, Google Workspace API, atau Automation Platform. Memahami konsep RAG, Vector Database, Tool Calling, dan AI Workflow. Berpengalaman membangun dashboard operasional dan internal tools. Pernah bekerja di perusahaan dengan operasional yang kompleks dan cepat berkembang.","<p><strong>Tujuan Posisi</strong></p><p>Bertanggung jawab mengelola, mengembangkan, dan memastikan stabilitas sistem AI, automasi, aplikasi internal, database, serta integrasi sistem yang digunakan oleh Wiselie agar dapat berjalan secara efektif, aman, dan mendukung operasional bisnis.</p><p><strong>Job Description</strong></p><ul><li><p>Mengelola dan melakukan maintenance sistem AI dan automasi perusahaan (OpenClaw dan tools terkait).</p></li><li><p>Mengembangkan dan memelihara aplikasi internal berbasis web untuk kebutuhan operasional perusahaan.</p></li><li><p>Mengelola database, authentication, storage, dan integrasi sistem menggunakan Supabase/PostgreSQL.</p></li><li><p>Mengembangkan frontend dan backend aplikasi menggunakan teknologi modern (React, Next.js, API, dsb).</p></li><li><p>Mengelola repository GitHub, deployment, version control, dan dokumentasi teknis.</p></li><li><p>Melakukan troubleshooting, debugging, dan penyelesaian incident pada sistem, integrasi API, maupun automasi.</p></li><li><p>Membangun dashboard monitoring untuk memantau performa sistem, automasi, dan proses bisnis.</p></li><li><p>Membuat dokumentasi teknis, SOP, deployment guide, dan incident report.</p></li><li><p>Berkolaborasi dengan berbagai departemen untuk menerjemahkan kebutuhan bisnis menjadi solusi teknologi yang efektif.</p></li><li><p>Menjaga keamanan sistem, data, akses pengguna, serta kredensial perusahaan.</p></li></ul><p><strong>Kualifikasi</strong></p><ul><li><p>Wajib Pengalaman minimal 2–4 tahun sebagai Software Engineer, Full Stack Developer, Automation Engineer, atau posisi sejenis.</p></li><li><p>Menguasai JavaScript/TypeScript dan Python.</p></li><li><p>Memahami Git dan GitHub secara mendalam.</p></li><li><p>Memiliki pengalaman menggunakan PostgreSQL atau Supabase.</p></li><li><p>Menguasai pengembangan aplikasi frontend menggunakan React, Next.js, Tailwind, atau framework sejenis.</p></li><li><p>Berpengalaman melakukan integrasi API, webhook, OAuth, dan third-party services.</p></li><li><p>Memahami deployment, server environment, logging, cron job, dan dasar DevOps. Memiliki kemampuan problem solving dan debugging yang kuat.</p></li><li><p>Mampu membuat dokumentasi teknis yang jelas dan rapi.</p></li><li><p>Memiliki ownership tinggi terhadap sistem yang dikelola.</p></li></ul><p><strong>Nilai Tambah</strong></p><ul><li><p>Pernah mengelola AI Agent, LLM, Automation Workflow, atau AI Operations.</p></li><li><p>Berpengalaman dengan Discord Bot, WhatsApp Integration, Google Workspace API, atau Automation Platform.</p></li><li><p>Memahami konsep RAG, Vector Database, Tool Calling, dan AI Workflow.</p></li><li><p>Berpengalaman membangun dashboard operasional dan internal tools.</p></li><li><p>Pernah bekerja di perusahaan dengan operasional yang kompleks dan cepat berkembang.</p></li></ul><p><br></p>","https://id.jobstreet.com/job/92495295"
"92270989","IT Programmer","Sinergi Abadi Sentosa","Tangerang, Banten","Rp 6.500.000 – Rp 8.000.000 per month","Full time","Information & Communication Technology","Developers/Programmers","2026-05-22T02:19:23.000Z","Kualifikasi : Pendidikan minimal S1/S2 jurusan Sistem Informasi, Teknik Informatika, Ilmu Komputer, atau bidang terkait. Memiliki pengalaman minimal 3 tahun sebagai IT Programmer / Software Developer. Menguasai database structure dan management, khususnya MySQL. Memahami konsep Software Engineering dan Rekayasa Perangkat Lunak (RPL). Menguasai bahasa pemrograman dan framework seperti PHP, ReactJS, VueJS, dan NodeJS. Memahami pengembangan aplikasi berbasis web. Memahami pengembangan mobile application (iOS & Android). Memahami integrasi dan pengelolaan API. Memiliki kemampuan problem solving dan analytical thinking yang baik. Mampu bekerja secara individu maupun tim. Tugas & Tanggung Jawab : Bertanggung jawab dalam merancang, mengembangkan, menguji, dan memelihara aplikasi web maupun mobile application. Melakukan pengembangan Front-End dan Back-End sesuai kebutuhan sistem. Membuat serta mengintegrasikan API antar sistem/aplikasi. Melakukan maintenance, troubleshooting, dan debugging pada aplikasi. Mengoptimalkan performa aplikasi dan database. Melakukan pengembangan fitur baru sesuai kebutuhan perusahaan. Memastikan aplikasi berjalan dengan baik, aman, dan user friendly. Berkoordinasi dengan tim terkait untuk analisa kebutuhan sistem dan implementasi aplikasi. Membuat dokumentasi teknis terkait pengembangan sistem dan aplikasi. Melakukan testing serta evaluasi sistem sebelum deployment aplikasi. Tahapan Rekrutmen: Seleksi Administrasi Interview HR & User ( Offline / Tatap Muka Langsung ) Offering Letter Seluruh proses interview dilakukan secara offline (tatap muka langsung) di kantor perusahaan. Kandidat yang lolos seleksi administrasi akan diundang hadir sesuai jadwal yang ditentukan.","<p><strong>Kualifikasi :</strong></p><ul><li><p>Pendidikan minimal S1/S2 jurusan Sistem Informasi, Teknik Informatika, Ilmu Komputer, atau bidang terkait.</p></li><li><p>Memiliki pengalaman minimal 3 tahun sebagai IT Programmer / Software Developer.</p></li><li><p>Menguasai database structure dan management, khususnya MySQL.</p></li><li><p>Memahami konsep Software Engineering dan Rekayasa Perangkat Lunak (RPL).</p></li><li><p>Menguasai bahasa pemrograman dan framework seperti PHP, ReactJS, VueJS, dan NodeJS.</p></li><li><p>Memahami pengembangan aplikasi berbasis web.</p></li><li><p>Memahami pengembangan mobile application (iOS &amp; Android).</p></li><li><p>Memahami integrasi dan pengelolaan API.</p></li><li><p>Memiliki kemampuan problem solving dan analytical thinking yang baik.</p></li><li><p>Mampu bekerja secara individu maupun tim.</p></li></ul><p><br></p><p><strong>Tugas &amp; Tanggung Jawab :</strong></p><ul><li><p>Bertanggung jawab dalam merancang, mengembangkan, menguji, dan memelihara aplikasi web maupun mobile application.</p></li><li><p>Melakukan pengembangan Front-End dan Back-End sesuai kebutuhan sistem.</p></li><li><p>Membuat serta mengintegrasikan API antar sistem/aplikasi.</p></li><li><p>Melakukan maintenance, troubleshooting, dan debugging pada aplikasi.</p></li><li><p>Mengoptimalkan performa aplikasi dan database.</p></li><li><p>Melakukan pengembangan fitur baru sesuai kebutuhan perusahaan.</p></li><li><p>Memastikan aplikasi berjalan dengan baik, aman, dan user friendly.</p></li><li><p>Berkoordinasi dengan tim terkait untuk analisa kebutuhan sistem dan implementasi aplikasi.</p></li><li><p>Membuat dokumentasi teknis terkait pengembangan sistem dan aplikasi.</p></li><li><p>Melakukan testing serta evaluasi sistem sebelum deployment aplikasi.</p></li></ul><p><br></p><p><strong>Tahapan Rekrutmen:</strong></p><ol><li><p>Seleksi Administrasi</p></li><li><p>Interview HR &amp; User (<strong>Offline / Tatap Muka Langsung</strong>)</p></li><li><p>Offering Letter</p></li></ol><p><strong>Seluruh proses interview dilakukan secara offline (tatap muka langsung) di kantor perusahaan. Kandidat yang lolos seleksi administrasi akan diundang hadir sesuai jadwal yang ditentukan.</strong></p>","https://id.jobstreet.com/job/92270989"
"92053258","ERP Application / Functional Consultant","Tink Tank Solutions","Central Jakarta, Jakarta",,"Full time","Information & Communication Technology","Business/Systems Analysts","2026-05-12T03:18:38.000Z","Job Responsibilities: Responsible for supporting and delivering the ERP Software solutions such as: SAP Business One, Acumatica or similar ERP solution Analyze and understand systems processes and client business requirements, and translate them to system configuration design that translate into Project Solution Blueprint Having experience in conducting business requirement gathering session with key users, head departments and top management to engage business discussion to capture the client business requirements, client pain/issue on operations Understand client business processes across accounting, finance, purchasing, inventory, sales, warehouse, production/manufacturing, and other client business operations Configure the software ERP solutions to accommodate designated processes and transaction flow (both system and business process), including interface programs to ensure fit business requirements to project solution blueprint and also using best practice approach solutions Prepare business flow documentation and functional specifications based on client requirement into document project solution blueprint Perform internal system testing, integration test and key user acceptance test (UAT) and validate business scenarios on those testing to ensure ERP readiness for deployement Train end users and key users on ERP system usage based on solution blueprint and doing train the trainers within the clients. Support data migration and master data preparation during saldo balance cutoff. Assist project managers or others teams in implementation to ensure timelines and project coordination is still within on schedule or not delay Troubleshoot functional issues during implementation and after go-live to validate all business cases are passed. Provide post go-live support and ensure smooth ERP adoption. Coordinate with technical/development teams for customization requirements if needed some modification by providing technical/functional design specification Maintain good communication and professional relationships with teams and clients. Continuously learn new ERP features, business processes, and industry trends. Candidate Requirements: S1 or Diploma in one of the following fields: Computer Science, Information Systems, Accounting, Finance or Industrial Engineering Required skill(s): Accounting, Finance, Business Analyst, System Analyst, Business Process and ERP knowledge in SAP Business One, Acumatica or other ERP solutions. Familiar with Microsoft Excel and business reporting. Strong analytical and problem-solving skills. Strong logical thinking and structured mindset. Good communication and presentation abilities using English or Bahasa Indonesia. Good English communication (minimum passive English reading/writing). Fast learner with high curiosity toward business and technology. Interested in business process improvement and digital transformation. Able to communicate confidently with client key users and management teams. Able to work independently and also collaboratively in teams Good attitude, discipline, and willingness to learn continuously. Comfortable working in dynamic project environments. Fresh graduates are welcome, especially those active in organizations, internships, competitions, leadership activities, or problem-solving projects. At least 3 year(s) of working experience in Implementation for ERP SAP Business One, Acumatica or other ERP solutions 3 Full-Time position(s) available. Willing to travel for client meetings or implementations if needed.","<p><strong>Job Responsibilities:</strong></p><ul><li><p>Responsible for supporting and delivering the ERP Software solutions such as: SAP Business One, Acumatica or similar ERP solution</p></li><li><p>Analyze and understand systems processes and client business requirements, and translate them to system configuration design that translate into Project Solution Blueprint</p></li><li><p>Having experience in conducting business requirement gathering session with key users, head departments and top management to engage business discussion to capture the client business requirements, client pain/issue on operations</p></li><li><p>Understand client business processes across accounting, finance, purchasing, inventory, sales, warehouse, production/manufacturing, and other client business operations</p></li><li><p>Configure the software ERP solutions to accommodate designated processes and transaction flow (both system and business process), including interface programs to ensure fit business requirements to project solution blueprint and also using best practice approach solutions</p></li><li><p>Prepare business flow documentation and functional specifications based on client requirement into document project solution blueprint</p></li><li><p>Perform internal system testing, integration test and key user acceptance test (UAT) and validate business scenarios on those testing to ensure ERP readiness for deployement</p></li><li><p>Train end users and key users on ERP system usage based on solution blueprint and doing train the trainers within the clients.</p></li><li><p>Support data migration and master data preparation during saldo balance cutoff.</p></li><li><p>Assist project managers or others teams in implementation to ensure timelines and project coordination is still within on schedule or not delay</p></li><li><p>Troubleshoot functional issues during implementation and after go-live to validate all business cases are passed.</p></li><li><p>Provide post go-live support and ensure smooth ERP adoption.</p></li><li><p>Coordinate with technical/development teams for customization requirements if needed some modification by providing technical/functional design specification</p></li><li><p>Maintain good communication and professional relationships with teams and clients.</p></li><li><p>Continuously learn new ERP features, business processes, and industry trends.</p></li></ul><p><br></p><p><strong>Candidate Requirements:</strong></p><ul><li><p>S1 or Diploma in one of the following fields: Computer Science, Information Systems, Accounting, Finance or Industrial Engineering</p></li><li><p>Required skill(s): Accounting, Finance, Business Analyst, System Analyst, Business Process and ERP knowledge in SAP Business One, Acumatica or other ERP solutions. Familiar with Microsoft Excel and business reporting.</p></li><li><p>Strong analytical and problem-solving skills. Strong logical thinking and structured mindset.</p></li><li><p>Good communication and presentation abilities using English or Bahasa Indonesia. Good English communication (minimum passive English reading/writing).</p></li><li><p>Fast learner with high curiosity toward business and technology.</p></li><li><p>Interested in business process improvement and digital transformation.</p></li><li><p>Able to communicate confidently with client key users and management teams. Able to work independently and also collaboratively in teams</p></li><li><p>Good attitude, discipline, and willingness to learn continuously. Comfortable working in dynamic project environments.</p></li><li><p>Fresh graduates are welcome, especially those active in organizations, internships, competitions, leadership activities, or problem-solving projects.</p></li><li><p>At least 3 year(s) of working experience in Implementation for ERP SAP Business One, Acumatica or other ERP solutions&nbsp;</p></li><li><p>3 Full-Time position(s) available. Willing to travel for client meetings or implementations if needed.</p></li></ul><p><br></p>","https://id.jobstreet.com/job/92053258"
"92492096","Test Engineer","Indonesia Fintopia Technology","South Jakarta, Jakarta",,"Full time","Information & Communication Technology","Testing & Quality Assurance","2026-06-03T08:30:38.000Z","Minimum Qualifications Bachelor's degree in Computer Science or a related field. 1–3 years of hands-on experience in software testing. Familiarity with common testing frameworks and methodologies. Strong knowledge of SQL. Understanding of operating system concepts and Java programming. Experience in the P2P lending or fintech industry is a plus. Good verbal and written communication skills in English; proficiency in Chinese is an advantage. Excellent communication, coordination, and interpersonal skills. Strong sense of responsibility, attention to detail, and ability to work effectively in a team environment. Roles & Responsibilities Perform front-end, back-end, and API testing to ensure product quality and reliability. Design, develop, and execute test plans, test cases, and testing strategies. Analyze test results, identify defects, and work closely with developers to ensure timely resolution. Evaluate and monitor quality metrics throughout the software development lifecycle. Collaborate with software engineers, product managers, and other stakeholders to improve system performance and deliver high-quality product releases. Participate in requirement reviews and provide feedback from a quality assurance perspective. Perform other duties and responsibilities as assigned by the team leader or management.","<p><strong>Minimum Qualifications</strong></p><ul><li><p>Bachelor's degree in Computer Science or a related field.</p></li><li><p>1–3 years of hands-on experience in software testing.</p></li><li><p>Familiarity with common testing frameworks and methodologies.</p></li><li><p>Strong knowledge of SQL.</p></li><li><p>Understanding of operating system concepts and Java programming.</p></li><li><p>Experience in the P2P lending or fintech industry is a plus.</p></li><li><p>Good verbal and written communication skills in English; proficiency in Chinese is an advantage.</p></li><li><p>Excellent communication, coordination, and interpersonal skills.</p></li><li><p>Strong sense of responsibility, attention to detail, and ability to work effectively in a team environment.</p></li></ul><p><br></p><p><strong>Roles &amp; Responsibilities</strong></p><ul><li><p>Perform front-end, back-end, and API testing to ensure product quality and reliability.</p></li><li><p>Design, develop, and execute test plans, test cases, and testing strategies.</p></li><li><p>Analyze test results, identify defects, and work closely with developers to ensure timely resolution.</p></li><li><p>Evaluate and monitor quality metrics throughout the software development lifecycle.</p></li><li><p>Collaborate with software engineers, product managers, and other stakeholders to improve system performance and deliver high-quality product releases.</p></li><li><p>Participate in requirement reviews and provide feedback from a quality assurance perspective.</p></li><li><p>Perform other duties and responsibilities as assigned by the team leader or management.</p></li></ul><p><br></p>","https://id.jobstreet.com/job/92492096"
"92067551","Prompt Engineer / Animator – Film AI","PT. IDEALINK BERSAMA BERKARYA","South Jakarta, Jakarta","Rp 6.000.000 – Rp 7.000.000 per month","Full time","Information & Communication Technology","Engineering - Software","2026-05-13T03:04:22.000Z","Prompt Engineer / Animator – Film AI Kami sedang mencari Prompt Engineer / Animator berbakat untuk bergabung dengan tim kreatif kami dalam membuat film berbasis AI. Jika kamu memiliki kombinasi kreativitas tinggi, pemahaman AI, dan pengalaman animasi, ini kesempatan untuk menjadi bagian dari proyek film inovatif! **Job Description l Membuat, menguji, dan mengoptimalkan prompt AI untuk menghasilkan visual dan animasi berkualitas tinggi sesuai konsep film. l Mengembangkan storyboard dan animasi dengan bantuan AI, memastikan kesesuaian antara ide kreatif dan hasil visual. l Bekerja sama dengan tim kreatif, sutradara, dan teknisi AI untuk menerjemahkan naskah atau konsep menjadi visual bergerak. l Mengatur pipeline produksi animasi berbasis AI, termasuk rendering, iterasi, dan editing. l Meneliti dan menerapkan tools AI terbaru untuk meningkatkan kualitas animasi dan efisiensi produksi. l Membuat dokumentasi prompt dan workflow untuk memudahkan tim lain mengikuti standar produksi. ** Kualifikasi l Pengalaman Lebih dari 3 th di bidang animasi digital atau film, baik tradisional maupun berbasis AI. l Menguasai software misal: Blender, After Effects, Maya, MidJourney, DALL·E, RunwayML, atau Stable Diffusionseadance,nanobanana,google vo3,grook,klink ai,higsfield,manju). l Memiliki pengalaman dalam kemampuan menulis prompt AI kreatif yang efektif. l Kreatif dan memiliki sense visual storytelling yang kuat. l Mampu bekerja secara kolaboratif dalam tim lintas disiplin (seni, teknis, AI). l Familiar dengan pipeline produksi film atau animasi (dari konsep hingga post-production). l Kemampuan problem-solving dan adaptasi cepat terhadap teknologi baru.","<p><br><strong>Prompt Engineer / Animator – Film AI&nbsp;</strong></p><p><br></p><p>Kami sedang mencari Prompt Engineer / Animator berbakat untuk bergabung dengan tim kreatif kami dalam membuat film berbasis AI. Jika kamu memiliki kombinasi kreativitas tinggi, pemahaman AI, dan pengalaman animasi, ini kesempatan untuk menjadi bagian dari proyek film inovatif!</p><p><br></p><p><strong>**Job Description</strong></p><p><br></p><p><br></p><p>l&nbsp;Membuat, menguji, dan mengoptimalkan prompt AI untuk menghasilkan visual dan animasi berkualitas tinggi sesuai konsep film.</p><p><br></p><p>l&nbsp;Mengembangkan storyboard dan animasi dengan bantuan AI, memastikan kesesuaian antara ide kreatif dan hasil visual.</p><p><br></p><p>l&nbsp;Bekerja sama dengan tim kreatif, sutradara, dan teknisi AI untuk menerjemahkan naskah atau konsep menjadi visual bergerak.</p><p><br></p><p>l&nbsp;Mengatur pipeline produksi animasi berbasis AI, termasuk rendering, iterasi, dan editing.</p><p><br></p><p>l&nbsp;Meneliti dan menerapkan tools AI terbaru untuk meningkatkan kualitas animasi dan efisiensi produksi.</p><p><br></p><p>l&nbsp;Membuat dokumentasi prompt dan workflow untuk memudahkan tim lain mengikuti standar produksi.</p><p><br></p><p><strong>** Kualifikasi</strong></p><p><br></p><p>l&nbsp;&nbsp;Pengalaman Lebih &nbsp;dari 3 &nbsp;th di bidang animasi digital atau film, baik tradisional maupun berbasis AI.</p><p><br></p><p>l&nbsp;Menguasai software &nbsp;misal: Blender, After Effects, Maya, MidJourney, DALL·E, RunwayML, atau Stable Diffusionseadance,nanobanana,google vo3,grook,klink ai,higsfield,manju).</p><p><br></p><p>l&nbsp;Memiliki pengalaman dalam &nbsp;kemampuan menulis prompt AI kreatif yang efektif.</p><p><br></p><p>l&nbsp;Kreatif dan memiliki sense visual storytelling yang kuat.</p><p><br></p><p>l&nbsp;Mampu bekerja secara kolaboratif dalam tim lintas disiplin (seni, teknis, AI).</p><p><br></p><p>l&nbsp;Familiar dengan pipeline produksi film atau animasi (dari konsep hingga post-production).</p><p><br></p><p>l&nbsp;Kemampuan problem-solving dan adaptasi cepat terhadap teknologi baru.</p><p><br></p><p><br></p><p><br></p><p><br></p>","https://id.jobstreet.com/job/92067551"
"92302164","Software Engineer PM (JAPANESE or MANDARIN Speaker)","HiThink Technology Indonesia","South Jakarta, Jakarta","Rp 14.000.000 – Rp 20.000.000 per month","Full time","Information & Communication Technology","Engineering - Software","2026-05-25T00:52:20.000Z","About the position Join our team at HITHINK TECHNOLOGY INDONESIA as Software Engineer PM (Japanese or Mandarin Speaker). This is a full-time position based in South Jakarta, Jakarta, offering you the opportunity to develop your skills and gain valuable experience in a dynamic, fast-paced technology environment. Job Desc Summary: The role oversees end-to-end project management, including: Management & Scope: Define project deliverables, manage scope changes, and align team/client expectations. Planning & Control: Develop, monitor, and adjust schedules to ensure timely delivery. Cost Management: Create budgets, control expenses, and address cost variances. Quality Assurance: Implement quality standards, monitor performance, and drive continuous improvement. Risk Management: Assess risks, plan mitigations, and execute contingency measures. Procurement: Oversee procurement plans, vendor performance, and execution. Team Leadership: Build and lead teams, manage workloads, coach talent, and conduct evaluations. Stakeholder Communication: Develop communication strategies, engage stakeholders, and provide regular reports. Project Closeout: Conduct reviews and capture lessons learned. Commercial Support: Support sales in negotiations, contracts, and payments. Process Governance: Maintain PMO frameworks, policies, and workflows. Ad-hoc Tasks: Handle additional duties from leadership. Qualifications: Full-time undergraduate or master's degree graduates, related to science and engineering, such as computer science, software engineering, big data, cloud computing, Internet of Things, network engineering, information, communication, electronics, etc. Fluent bilingual communication (Listening/Speaking/Reading/Writing) in Japanese Language (Minimum JLPT N3) or English. Optional Language Requirements: Mandarin Language (Minimum HSK 4). Minimum 3-6 years of specialized experience, with managerial roles. Experience in managing projects cumulatively exceeding 300 person-months, or leading teams with 20+ members. Able to do business travel according to project needs. Other Supporting Skill & Experience: Proficient in general software engineering principles. Well-versed in fundamental project management methodologies. Knowledgeable in business etiquette protocols. Competent in training and presentation techniques. Thorough understanding of company-specific software development process standards. Awareness of current industry landscape and emerging trends. Advanced proficiency in project management tools utilization. Expert-level competence in office productivity software applications. Demonstrated mastery of client communication techniques. If you're ready to embark on an exciting and rewarding journey for this position, we encourage you to apply now!","<p><strong>About the position</strong><br><br><strong>Join our team at HITHINK TECHNOLOGY INDONESIA as Software Engineer PM (Japanese or Mandarin Speaker). This is a full-time position based in South Jakarta, Jakarta, offering you the opportunity to develop your skills and gain valuable experience in a dynamic, fast-paced technology environment.</strong></p><p><strong>Job Desc Summary:</strong></p><ol><li><p>The role oversees end-to-end project management, including:</p></li><li><p>Management &amp; Scope: Define project deliverables, manage scope changes, and align team/client expectations.</p></li><li><p>Planning &amp; Control: Develop, monitor, and adjust schedules to ensure timely delivery.</p></li><li><p>Cost Management: Create budgets, control expenses, and address cost variances.</p></li><li><p>Quality Assurance: Implement quality standards, monitor performance, and drive continuous improvement.</p></li><li><p>Risk Management: Assess risks, plan mitigations, and execute contingency measures.</p></li><li><p>Procurement: Oversee procurement plans, vendor performance, and execution.</p></li><li><p>Team Leadership: Build and lead teams, manage workloads, coach talent, and conduct evaluations.</p></li><li><p>Stakeholder Communication: Develop communication strategies, engage stakeholders, and provide regular reports.</p></li><li><p>Project Closeout: Conduct reviews and capture lessons learned.</p></li><li><p>Commercial Support: Support sales in negotiations, contracts, and payments.</p></li><li><p>Process Governance: Maintain PMO frameworks, policies, and workflows.</p></li><li><p>Ad-hoc Tasks: Handle additional duties from leadership.</p></li></ol><p><br></p><p><strong>Qualifications:</strong></p><ol><li><p>Full-time undergraduate or master's degree graduates, related to science and engineering, such as computer science, software engineering, big data, cloud computing, Internet of Things, network engineering, information, communication, electronics, etc.</p></li><li><p>Fluent bilingual communication (Listening/Speaking/Reading/Writing) in Japanese Language (Minimum JLPT N3) or English.</p></li><li><p>Optional Language Requirements: Mandarin Language (Minimum HSK 4).</p></li><li><p>Minimum 3-6 years of specialized experience, with managerial roles.</p></li><li><p>Experience in managing projects cumulatively exceeding 300 person-months, or leading teams with 20+ members.</p></li><li><p>Able to do business travel according to project needs.<br></p></li></ol><p><strong><em>Other Supporting Skill &amp; Experience:</em></strong></p><ol><li><p>Proficient in general software engineering principles.</p></li><li><p>Well-versed in fundamental project management methodologies.</p></li><li><p>Knowledgeable in business etiquette protocols.</p></li><li><p>Competent in training and presentation techniques.</p></li><li><p>Thorough understanding of company-specific software development process standards.</p></li><li><p>Awareness of current industry landscape and emerging trends.</p></li><li><p>Advanced proficiency in project management tools utilization.</p></li><li><p>Expert-level competence in office productivity software applications.</p></li><li><p>Demonstrated mastery of client communication techniques.</p></li></ol><p><br></p><p><strong>If you're ready to embark on an exciting and rewarding journey for this position, we encourage you to apply now!</strong><br></p>","https://id.jobstreet.com/job/92302164"
"91959563","Software Engineer","Infolog Pte Ltd","Jakarta","Rp 8.000.000 – Rp 12.000.000 per month","Contract/Temp","Information & Communication Technology","Developers/Programmers","2026-05-07T02:11:04.000Z","About Us: Infolog is a Singapore Software & Consultancy Company focuses in Warehouse Management System & Transport System as well Warehouse Automation Solution. Infolog is one of the leader in such software application and serving 100 over clients globally Beside Singapore, Infolog has offices in Jakarta & Bandung in Indonesia as well as Malaysia. Job Descriptions: Develop New application and also maintain/enhance existing applications Understand requirement from Business Analyst/Consultant and develop the system based on requirement Willing to work as a team and follow our development rules Provide On-Site support when required and may need to travel to overseas such as Singapore, Malaysia, Thailand, Vietnam. Qualifications Programmer: Good logic & problem solving skill Proficient in Android/iOS development Angular , Prime Ng, CSS, HTML, Javascript, Json, Bootstrap Willing to implement responsive design .Net Core , C#, SQL Stored Procedure, Web Api Have experience minimum one year. Proficient using git versioning it will be advantage Advance Knowledge of Object Oriented Programming Preferred with the following but not a must: Understand concept of MVC, N- Tier Architecture, Repository Pattern, Dependency Injection Base knowledge of standard HTTP Security best practice Understand about Database Optimization and Locking Mechanism Why Join Us? Expose to project globally and not limit to local project only Opportunity to travel to overseas for overseas project Medical & Dental Benefit Good Salary Package for right candidate Good Exposure to the Robotic automation Good career path","<p><strong>About Us:</strong></p><ul><li><p>Infolog is a Singapore Software &amp; Consultancy Company focuses in Warehouse Management System &amp; Transport System as well Warehouse Automation Solution.</p></li><li><p>Infolog is one of the leader in such software application and serving 100 over clients globally</p></li><li><p>Beside Singapore, Infolog has offices in Jakarta &amp; Bandung in Indonesia as well as Malaysia.</p></li></ul><p><br></p><p><strong>Job Descriptions:</strong></p><ul><li><p>Develop New application and also maintain/enhance existing applications&nbsp;</p></li><li><p>Understand requirement from Business Analyst/Consultant and develop the system based on requirement</p></li><li><p>Willing to work as a team and follow our development rules</p></li><li><p>Provide On-Site support when required and may need to travel to overseas such as Singapore, Malaysia, Thailand, Vietnam.</p></li></ul><p><br></p><p><strong>Qualifications Programmer:</strong></p><ul><li><p>Good logic &amp; problem solving skill</p></li><li><p>Proficient in Android/iOS development</p></li><li><p>Angular , Prime Ng, CSS, HTML, Javascript, Json, Bootstrap</p></li><li><p>Willing to implement responsive design</p></li><li><p>.Net Core , C#, SQL Stored Procedure, Web Api</p></li><li><p>Have experience minimum one year.</p></li><li><p>Proficient using git versioning it will be advantage</p></li><li><p>Advance Knowledge of Object Oriented Programming</p></li></ul><p><br></p><p><strong>Preferred with the following but not a must:</strong></p><ul><li><p>Understand concept of MVC, N- Tier Architecture, Repository Pattern, Dependency Injection</p></li><li><p>Base knowledge of standard HTTP Security best practice</p></li><li><p>Understand about Database Optimization and Locking Mechanism</p></li></ul><p><br></p><p><strong>Why Join Us?</strong></p><ul><li><p>Expose to project globally and not limit to local project only</p></li><li><p>Opportunity to travel to overseas for overseas project</p></li><li><p>Medical &amp; Dental Benefit</p></li><li><p>Good Salary Package for right candidate</p></li><li><p>Good Exposure to the Robotic automation</p></li><li><p>Good career path</p></li></ul><p><br></p>","https://id.jobstreet.com/job/91959563"
"92457196","SOFTWARE ENGINEER","KAKIKU Family Health and Beauty","Tangerang, Banten","Rp 7.000.000 – Rp 10.000.000 per month","Full time","Information & Communication Technology","Developers/Programmers","2026-06-02T04:20:14.000Z","KUALIFIKASI: Wajib memiliki pendidikan minimal S1 di bidang IT (Teknik Informatika, Sistem Informasi, atau bidang terkait). Memiliki pengalaman minimal 2-5 tahun sebagai IT Administrator, IT Support khususnya dalam pengembangan aplikasi (web/mobile). CV menggunakan foto. Menguasai minimal satu bahasa pemrograman (misalnya: Python, JavaScript, atau PHP) serta memahami konsep database (MySQL, PostgreSQL, dll). Memahami dasar software development lifecycle (SDLC), API integration, dan automation tools. Memiliki pengalaman dalam membuat aplikasi internal, dashboard, atau tools otomatisasi menjadi nilai tambah. Memiliki kemampuan komunikasi yang sangat baik, proaktif, dan mampu menerjemahkan kebutuhan bisnis ke solusi teknis. Mampu multitasking, detail-oriented, serta menjaga kerahasiaan data. DESKRIPSI PEKERJAAN: Menjadi penghubung antara kebutuhan bisnis pimpinan dengan solusi teknologi, termasuk merancang dan mengembangkan aplikasi sederhana hingga menengah. Mengembangkan dan memelihara aplikasi internal, dashboard, atau tools berbasis web/mobile untuk meningkatkan efisiensi kerja. Melakukan automation terhadap proses manual menggunakan script atau tools tertentu. Berkolaborasi dengan tim IT atau vendor dalam pengembangan sistem yang lebih kompleks. Melakukan troubleshooting, debugging, serta peningkatan performa aplikasi yang digunakan. Mengelola dan memastikan integrasi antar sistem (API, database, cloud services) berjalan dengan baik. Membuat dokumentasi teknis serta laporan pengembangan sistem. Tetap menjalankan fungsi sebagai Personal Assistant dalam mendukung kebutuhan digital dan operasional pimpinan.","<p><strong>KUALIFIKASI:</strong></p><ul><li><p>Wajib memiliki pendidikan minimal S1 di bidang IT (Teknik Informatika, Sistem Informasi, atau bidang terkait).</p></li><li><p>Memiliki pengalaman minimal 2-5 tahun sebagai IT Administrator, IT Support khususnya dalam pengembangan aplikasi (web/mobile).</p></li><li><p>CV menggunakan foto.</p></li><li><p>Menguasai minimal satu bahasa pemrograman (misalnya: Python, JavaScript, atau PHP) serta memahami konsep database (MySQL, PostgreSQL, dll).</p></li><li><p>Memahami dasar software development lifecycle (SDLC), API integration, dan automation tools.</p></li><li><p>Memiliki pengalaman dalam membuat aplikasi internal, dashboard, atau tools otomatisasi menjadi nilai tambah.</p></li><li><p>Memiliki kemampuan komunikasi yang sangat baik, proaktif, dan mampu menerjemahkan kebutuhan bisnis ke solusi teknis.</p></li><li><p>Mampu multitasking, detail-oriented, serta menjaga kerahasiaan data.</p></li></ul><p><br></p><p><strong>DESKRIPSI PEKERJAAN:</strong></p><ol><li><p>Menjadi penghubung antara kebutuhan bisnis pimpinan dengan solusi teknologi, termasuk merancang dan mengembangkan aplikasi sederhana hingga menengah.</p></li><li><p>Mengembangkan dan memelihara aplikasi internal, dashboard, atau tools berbasis web/mobile untuk meningkatkan efisiensi kerja.</p></li><li><p>Melakukan automation terhadap proses manual menggunakan script atau tools tertentu.</p></li><li><p>Berkolaborasi dengan tim IT atau vendor dalam pengembangan sistem yang lebih kompleks.</p></li><li><p>Melakukan troubleshooting, debugging, serta peningkatan performa aplikasi yang digunakan.</p></li><li><p>Mengelola dan memastikan integrasi antar sistem (API, database, cloud services) berjalan dengan baik.</p></li><li><p>Membuat dokumentasi teknis serta laporan pengembangan sistem.</p></li><li><p>Tetap menjalankan fungsi sebagai Personal Assistant dalam mendukung kebutuhan digital dan operasional pimpinan.</p></li></ol><p><br></p>","https://id.jobstreet.com/job/92457196"
"92217979","AI Engineer","Tuntun Sekuritas Indonesia","North Jakarta, Jakarta",,"Full time","Information & Communication Technology","Engineering - Software","2026-05-20T02:00:51.000Z","PT Tuntun Sekuritas Indonesia is looking for candidates to fill AI Engineer role. This position will be responsible for designing, building, and deploying advanced artificial intelligence solutions that enhance products, services, and internal processes across the organization. Key Responsibilities: Design, develop, and train machine learning and deep learning models. Experiment with different model architectures to enhance performance. Integrate AI models into existing systems and applications. Deploy and maintain models in production environments. Optimize models for speed, scalability, and cost-efficiency. Research and explore new techniques for optimizing Large Language Models (LLMs). Collaborate with data engineers, software engineers, product managers, and other teams. Clearly communicate technical concepts to non-technical stakeholders. Define project requirements and deliverables with cross-functional teams. Monitor and improve model performance using feedback and new data. Document the development process, models, and algorithms. Prepare reports and presentations on project progress and outcomes. Requirements: Bachelor’s or Master’s degree in Computer Science, Engineering, Mathematics, or a related field. Min 5 years Proven experience in machine learning, deep learning, and AI model development. Hands-on experience with AI frameworks like TensorFlow or PyTorch. Proficiency in Python; experience in Java, GoLang, or Node.js is a plus. Experience with training and deploying Large Language Models (e.g., GPT, LLAMA). Strong problem-solving and analytical skills.","<p>PT Tuntun Sekuritas Indonesia is looking for candidates to fill AI Engineer role. This position will be responsible for designing, building, and deploying advanced artificial intelligence solutions that enhance products, services, and internal processes across the organization.<br></p><p><strong>Key Responsibilities:</strong></p><ol><li><p>Design, develop, and train machine learning and deep learning models.</p></li><li><p>Experiment with different model architectures to enhance performance.</p></li><li><p>Integrate AI models into existing systems and applications.</p></li><li><p>Deploy and maintain models in production environments.</p></li><li><p>Optimize models for speed, scalability, and cost-efficiency.</p></li><li><p>Research and explore new techniques for optimizing Large Language Models (LLMs).</p></li><li><p>Collaborate with data engineers, software engineers, product managers, and other teams.</p></li><li><p>Clearly communicate technical concepts to non-technical stakeholders.</p></li><li><p>Define project requirements and deliverables with cross-functional teams.</p></li><li><p>Monitor and improve model performance using feedback and new data.</p></li><li><p>Document the development process, models, and algorithms.</p></li><li><p>Prepare reports and presentations on project progress and outcomes.<br></p></li></ol><p><strong>Requirements:</strong></p><ol><li><p>Bachelor’s or Master’s degree in Computer Science, Engineering, Mathematics, or a related field.</p></li><li><p>Min 5 years Proven experience in machine learning, deep learning, and AI model development.</p></li><li><p>Hands-on experience with AI frameworks like TensorFlow or PyTorch.</p></li><li><p>Proficiency in Python; experience in Java, GoLang, or Node.js is a plus.</p></li><li><p>Experience with training and deploying Large Language Models (e.g., GPT, LLAMA).</p></li><li><p>Strong problem-solving and analytical skills.</p></li></ol><p><br></p>","https://id.jobstreet.com/job/92217979"
"92464201","Senior Mechanical Design Engineer","Formulatrix","Central Java",,"Full time","Engineering","Mechanical Engineering","2026-06-02T07:34:31.000Z","About the role We are seeking a highly skilled Senior Mechanical Design Engineer to join our talented team at Formulatrix Indonesia. In this full-time role, you will be responsible for conducting research and analysis, designing and prototyping the product until it is ready to be manufactured. Based in Central Java, this is an exciting opportunity to make a significant impact within a dynamic and innovative company. What will you do? Conducting research and analysis to create the concept of new products. Designing systems and components that meet the needs and requirements using engineering tools. Prototyping, evaluating the test and design result, and redesigning until the product is ready to be manufactured. Providing good report and documentation. Reviewing and evaluating existing products to create recommendations of modifications and improvement for product development. Managing team member and work together to accomplish the goal. Working and collaborating with other professionals within and outside the engineering sector. Planning milestones, project time frame, and goals. Managing projects using engineering principles and techniques. Monitoring and commissioning engineering system. What are we looking for? Educational Qualification Candidates must possess at least a Diploma's degree with a heavy focus on mechanical/mechatronics. Experience At least 5 years of working experience in design and manufacturing process (machining and fabrication). Technical Skills Have the ability of using CAD/CAM (SolidWorks or Onshape is a plus). Have the ability of operating CNC machine. Have expertise of mechanical engineering especially in Kinematics / Precise and Moving parts assembly / Special Purpose Machine or Small - mechanism design. Have the ability to participate in DFMEAs and support PFMEAs. Have a good design improvement, trials, and root-cause analysis. Soft Skills Accurate, attention to detail, tactful, and a fast learner is a must. Have a good interpersonal, leadership, and conflict resolution skills. Have a superb creativity, logic, vision, and problem-solving skills. Have a good communication skill in English both oral and written. Have the ability to work individually and in a team Placement Willing to work in Salatiga or Semarang according to the project needs. What we offer At Formulatrix Indonesia, we are dedicated to providing a supportive and rewarding work environment for our employees. In addition to a competitive salary, we offer a range of benefits, including: Comprehensive health insurance coverage Generous paid time off and holiday leave Opportunities for professional development and career advancement Collaborative and innovative work culture Modern, well-equipped facilities with the latest technologies Apply now to become our next Mechanical Design Engineer - Special Purpose Machines at Formulatrix Indonesia.","<p><strong>About the role</strong><br>We are seeking a highly skilled Senior Mechanical Design Engineer to join our talented team at Formulatrix Indonesia. In this full-time role, you will be responsible for conducting research and analysis, designing and prototyping the product until it is ready to be manufactured. Based in Central Java, this is an exciting opportunity to make a significant impact within a dynamic and innovative company.</p><p><strong>What will you do?</strong></p><ul><li><p>Conducting research and analysis to create the concept of new products.</p></li><li><p>Designing systems and components that meet the needs and requirements using engineering tools.</p></li><li><p>Prototyping, evaluating the test and design result, and redesigning until the product is ready to be manufactured.</p></li><li><p>Providing good report and documentation.</p></li><li><p>Reviewing and evaluating existing products to create recommendations of modifications and improvement for product development.</p></li><li><p>Managing team member and work together to accomplish the goal.</p></li><li><p>Working and collaborating with other professionals within and outside the engineering sector.</p></li><li><p>Planning milestones, project time frame, and goals.</p></li><li><p>Managing projects using engineering principles and techniques.</p></li><li><p>Monitoring and commissioning engineering system.</p></li></ul><p><strong>What are we looking for?</strong></p><p><strong>Educational Qualification</strong></p><ul><li><p>Candidates must possess at least a Diploma's degree with a heavy focus on mechanical/mechatronics.</p></li></ul><p><strong>Experience</strong></p><ul><li><p>At least 5 years of working experience in design and manufacturing process (machining and fabrication).</p></li></ul><p><strong>Technical Skills</strong></p><ul><li><p>Have the ability of using CAD/CAM (SolidWorks or Onshape is a plus).</p></li><li><p>Have the ability of operating CNC machine.</p></li><li><p>Have expertise of mechanical engineering especially in Kinematics / Precise and Moving parts assembly / Special Purpose Machine or Small - mechanism design.</p></li><li><p>Have the ability to participate in DFMEAs and support PFMEAs.</p></li><li><p>Have a good design improvement, trials, and root-cause analysis.</p></li></ul><p><strong>Soft Skills</strong></p><ul><li><p>Accurate, attention to detail, tactful, and a fast learner is a must.</p></li><li><p>Have a good interpersonal, leadership, and conflict resolution skills.</p></li><li><p>Have a superb creativity, logic, vision, and problem-solving skills.</p></li><li><p>Have a good communication skill in English both oral and written.</p></li><li><p>Have the ability to work individually and in a team</p></li></ul><p><strong>Placement</strong></p><ul><li><p>Willing to work in Salatiga or Semarang according to the project needs.</p></li></ul><p><strong>What we offer</strong><br>At Formulatrix Indonesia, we are dedicated to providing a supportive and rewarding work environment for our employees. In addition to a competitive salary, we offer a range of benefits, including:</p><ul><li><p>Comprehensive health insurance coverage</p></li><li><p>Generous paid time off and holiday leave</p></li><li><p>Opportunities for professional development and career advancement</p></li><li><p>Collaborative and innovative work culture</p></li><li><p>Modern, well-equipped facilities with the latest technologies</p></li></ul><p>Apply now to become our next Mechanical Design Engineer - Special Purpose Machines at Formulatrix Indonesia.</p>","https://id.jobstreet.com/job/92464201"
"92082819","Application Engineer, BMS","EDMI","South Jakarta, Jakarta",,"Contract/Temp","Engineering","Building Services Engineering","2026-05-13T04:13:31.000Z","Key Responsibilities: Design, develop, and test BMS applications using various programming languages (e.g., BACnet, LonTalk, Java, C++) Integrate BMS applications with building systems, such as HVAC, lighting, security, and energy management Develop user interfaces, dashboards, and reports to visualize building data and performance metrics Collaborate with cross-functional teams, including engineering, operations, and facilities management Troubleshoot and resolve application issues, ensuring high system uptime and reliability Stay up-to-date with industry trends, best practices, and emerging technologies in BMS and building automation Requirements: Bachelor's degree in Computer Science, Engineering, or related field Experience with BMS protocols (e.g., BACnet, LonTalk, Modbus) and programming languages (e.g., Java, C++, Python) Knowledge of building automation systems, including HVAC, lighting, and security controls Experience with software development methodologies (e.g., Agile, Scrum) and version control systems (e.g., Git) Strong problem-solving skills, attention to detail, and ability to work independently Preferred Qualifications: Experience with BMS platforms (e.g., Niagara, Tridium, Siemens Desigo) Knowledge of IoT technologies and data analytics Certification in building automation or BMS (e.g., BACnet, LonMark)","<p><strong>Key Responsibilities:</strong></p><ul><li><p>Design, develop, and test BMS applications using various programming languages (e.g., BACnet, LonTalk, Java, C++)</p></li><li><p>Integrate BMS applications with building systems, such as HVAC, lighting, security, and energy management</p></li><li><p>Develop user interfaces, dashboards, and reports to visualize building data and performance metrics</p></li><li><p>Collaborate with cross-functional teams, including engineering, operations, and facilities management</p></li><li><p>Troubleshoot and resolve application issues, ensuring high system uptime and reliability</p></li><li><p>Stay up-to-date with industry trends, best practices, and emerging technologies in BMS and building automation</p></li></ul><p><strong>Requirements:</strong></p><ul><li><p>Bachelor's degree in Computer Science, Engineering, or related field</p></li><li><p>Experience with BMS protocols (e.g., BACnet, LonTalk, Modbus) and programming languages (e.g., Java, C++, Python)</p></li><li><p>Knowledge of building automation systems, including HVAC, lighting, and security controls</p></li><li><p>Experience with software development methodologies (e.g., Agile, Scrum) and version control systems (e.g., Git)</p></li><li><p>Strong problem-solving skills, attention to detail, and ability to work independently</p></li></ul><p><strong>Preferred Qualifications:</strong></p><ul><li><p>Experience with BMS platforms (e.g., Niagara, Tridium, Siemens Desigo)</p></li><li><p>Knowledge of IoT technologies and data analytics</p></li><li><p>Certification in building automation or BMS (e.g., BACnet, LonMark)</p></li></ul><p><br></p>","https://id.jobstreet.com/job/92082819"
"92460294","Process Commissioning Engineer/ Sr. Process Commissioning Engineer","PT Emmerick Indonesia Jaya","Jakarta",,"Full time","Engineering","Process Engineering","2026-06-02T05:35:19.000Z","Supports preparation of pre-commissioning/commissioning schedule; participates in site implementation and follow-up of activities to ensure compliance with project schedule Reviews and comments on Project Pre-commissioning and Commissioning Procedures to ensure compliance with industrial standards and safe working practices. Follows up the preparation by the operations personnel of the Operating Instructions and Log Sheets based on the Operating Manuals issued by Licensor/Contractor Supervise and coordinates Contractor’s Pre-commissioning and Commissioning personnel and liaise with operations and production for site activities to ensure output meets project and Company requirements and is in compliance with safety, quality, environmental and technical standards. Ensure that alternate designs or changes are economical, operable and meet safety, maintenance and schedule requirements, reporting accordingly to his hierarchy. Ensures proper and accurate documentation is provided / updated and relevant records maintained during the pre-commissioning and commissioning. Participates in the inspection of equipment and materials upon its installation at site and for final inspection before box-up according to the Quality Assurance Plan. Participates and witnesses Pre-commissioning and Commissioning inspections and validates their results Participates actively in preparation, implementation and follow-up of the Work Permit System. Ensure adequate human and material resources are available as necessary as well as required utilities. Supports the Pre-commissioning/Commissioning Leader in preparation and finalizing of the periodical project reports and presentations Requirements: Bachelor’s degree in Chemical/ Process Engineering discipline or equivalent Minimum experience of 10 years for Process Commissioning Engineer worked in the LDPE industry, operations preferably in petrochemical or oil and gas industry and at least 5 years as pre-commissioning and/or commissioning engineer and/or superintendent position for oil & gas or petrochemical plant Knowledge of Pre-Commissioning, Commissioning Procedures and Systems Fluency in speaking and writing English Knowledge related to plant operation software packages such as DCS, PLC, Plant Information System","<ul><li><p>Supports preparation of pre-commissioning/commissioning schedule; participates in site implementation and follow-up of activities to ensure compliance with project schedule</p></li><li><p>Reviews and comments on Project Pre-commissioning and Commissioning Procedures to ensure compliance with industrial standards and safe working practices.</p></li><li><p>Follows up the preparation by the operations personnel of the Operating Instructions and Log Sheets based on the Operating Manuals issued by Licensor/Contractor</p></li><li><p>Supervise and coordinates Contractor’s Pre-commissioning and Commissioning personnel and liaise with operations and production for site activities to ensure output meets project and Company requirements and is in compliance with safety, quality, environmental and technical standards.</p></li><li><p>Ensure that alternate designs or changes are economical, operable and meet safety, maintenance and schedule requirements, reporting accordingly to his hierarchy.</p></li><li><p>Ensures proper and accurate documentation is provided / updated and relevant records maintained during the pre-commissioning and commissioning.</p></li><li><p>Participates in the inspection of equipment and materials upon its installation at site and for final inspection before box-up according to the Quality Assurance Plan.</p></li><li><p>Participates and witnesses Pre-commissioning and Commissioning inspections and validates their results</p></li><li><p>Participates actively in preparation, implementation and follow-up of the Work Permit System.</p></li><li><p>Ensure adequate human and material resources are available as necessary as well as required utilities.</p></li><li><p>Supports the Pre-commissioning/Commissioning Leader in preparation and finalizing of the periodical project reports and presentations</p></li></ul><p><br></p><p>Requirements:</p><ul><li><p>Bachelor’s degree in Chemical/ Process Engineering discipline or equivalent</p></li><li><p>Minimum experience of 10 years for Process Commissioning Engineer worked in the LDPE industry, operations preferably in petrochemical or oil and gas industry and at least 5 years as pre-commissioning and/or commissioning engineer and/or superintendent position for oil &amp; gas or petrochemical plant</p></li><li><p>Knowledge of Pre-Commissioning, Commissioning Procedures and Systems</p></li><li><p>Fluency in speaking and writing English</p></li><li><p>Knowledge related to plant operation software packages such as DCS, PLC, Plant Information System</p></li></ul><p><br></p>","https://id.jobstreet.com/job/92460294"
"91965903","Mechanical Design Engineer","Formulatrix","Central Java",,"Full time","Engineering","Mechanical Engineering","2026-05-07T04:37:22.000Z","About the role As a Mechanical Design Engineer at Formulatrix Indonesia, you will play a crucial role in the design, development, and prototyping of innovative automation lab equipment. This is a full-time position based in Central Java, where you will be responsible for designing, prototyping, testing, and optimizing mechanical components and systems to meet the objectives. What you'll be doing Conducting research and analysis to create the concept of new products. Designing and prototyping mechanical components and systems. Evaluating the test and design result, and redesigning until the product is ready to be manufactured. Analyzing design requirements, constraints, and specifications to ensure optimal performance and functionality. Preparing detailed engineering drawings, specifications, and documentation to support manufacturing and assembly. Working and collaborating with other professionals within and outside the engineering sector. What we're looking for Minimum diploma degree in Mechanical / Mechatronics Engineering or a related field. Has experience in mechanical design and manufacturing (machining and fabrication). Has experience in mechanism design, automation, or special purpose machines. Have the ability of using CAD/CAM (SolidWorks or Onshape is a plus). Have the ability to participate in DFMEAs and support PFMEAs. Willing to work in Salatiga or Semarang according to the project needs. Good communication skills in English, both oral and written. Soft skills Excellent problem-solving, critical thinking, and analytical skills. Effective communication and teamwork skills to collaborate with cross-functional teams. Ability to work independently and manage multiple projects simultaneously. What we offer At Formulatrix Indonesia, we are committed to providing our employees with a rewarding and fulfilling work experience. We offer a competitive salary, comprehensive benefits package, and opportunities for professional development and career growth. Our company culture values innovation, collaboration, and work-life balance, making us an attractive employer for talented individuals like yourself. Apply now!","<p><strong>About the role</strong><br>As a Mechanical Design Engineer at Formulatrix Indonesia, you will play a crucial role in the design, development, and prototyping of innovative automation lab equipment. This is a full-time position based in Central Java, where you will be responsible for designing, prototyping, testing, and optimizing mechanical components and systems to meet the objectives.</p><p><strong>What you'll be doing</strong></p><ul><li><p>Conducting research and analysis to create the concept of new products.</p></li><li><p>Designing and prototyping mechanical components and systems.</p></li><li><p>Evaluating the test and design result, and redesigning until the product is ready to be manufactured.</p></li><li><p>Analyzing design requirements, constraints, and specifications to ensure optimal performance and functionality.</p></li><li><p>Preparing detailed engineering drawings, specifications, and documentation to support manufacturing and assembly.</p></li><li><p>Working and collaborating with other professionals within and outside the engineering sector.</p></li></ul><p><strong>What we're looking for</strong></p><ul><li><p>Minimum diploma degree in Mechanical / Mechatronics Engineering or a related field.</p></li><li><p>Has experience in mechanical design and manufacturing (machining and fabrication).</p></li><li><p>Has experience in mechanism design, automation, or special purpose machines.</p></li><li><p>Have the ability of using CAD/CAM (SolidWorks or Onshape is a plus).</p></li><li><p>Have the ability to participate in DFMEAs and support PFMEAs.</p></li><li><p>Willing to work in Salatiga or Semarang according to the project needs.</p></li><li><p>Good communication skills in English, both oral and written.</p></li></ul><p><strong>Soft skills</strong></p><ul><li><p>Excellent problem-solving, critical thinking, and analytical skills.</p></li><li><p>Effective communication and teamwork skills to collaborate with cross-functional teams.</p></li><li><p>Ability to work independently and manage multiple projects simultaneously.</p></li></ul><p><strong>What we offer</strong><br>At Formulatrix Indonesia, we are committed to providing our employees with a rewarding and fulfilling work experience. We offer a competitive salary, comprehensive benefits package, and opportunities for professional development and career growth. Our company culture values innovation, collaboration, and work-life balance, making us an attractive employer for talented individuals like yourself.</p><p>Apply now!<br></p>","https://id.jobstreet.com/job/91965903"
"92399978","Equipment Deputy Manager","PT BizLink Technology Indonesia","Batam, Riau Islands",,"Full time","Manufacturing, Transport & Logistics","Management","2026-05-29T01:50:24.000Z","Duties/Responsibilities: Develop and implement maintenance strategies and schedules to ensure the reliability and availability of engineering equipment. Manage a team of technicians responsible for equipment maintenance, calibration, troubleshooting, and repair. Establish and maintain equipment calibration programs to ensure accuracy and compliance with industry standards and regulatory requirements. Coordinate with engineering teams to understand equipment requirements and support R&D, testing, and manufacturing activities including new machinery setup in the factory. Monitor equipment performance and implement predictive maintenance techniques to identify and address potential issues before they escalate. Develop and maintain documentation, including equipment manuals, maintenance procedures, and calibration records. Evaluate new equipment purchases and upgrades, including cost-benefit analysis, technical specifications, and vendor selection. Implement equipment training programs for staff to ensure safe and efficient operation of engineering equipment. Collaborate with external vendors and service providers for specialized maintenance and repair services as needed. Perform all other related duties as assigned by Plant Manager or General Manager Required Skills/Abilities: Bachelor's degree in Engineering, preferably in mechanical engineering, electrical engineering, or a related field. At least 10 years of experience in equipment maintenance and management with at least 8 years in leadership roles. Fluent in speaking, reading, and writing in English (can Mandarin is a plus!). Strong technical knowledge of a wide range of engineering equipment, including but not limited to, test rigs, instrumentation, CNC machines, and fabrication tools. Experience with maintenance management systems (CMMS) and equipment calibration software. Excellent leadership and communication skills with the ability to motivate and develop a high-performing team. Strong problem-solving and troubleshooting abilities with a focus on root cause analysis and preventive maintenance. Knowledge of safety regulations and best practices in equipment operation and maintenance. Familiarity with regulatory requirements and standards related to equipment calibration and validation. Project management skills with the ability to prioritize tasks and manage multiple projects simultaneously. Able to perform in a fast-paced environment and meet deadlines Able to work well under pressure and handle emergency and stressful situations Positive mindset and Can Do Attitude","<h2><strong><em>Duties/Responsibilities:</em></strong></h2><ul><li><p>Develop and implement maintenance strategies and schedules to ensure the reliability and availability of engineering equipment.</p></li><li><p>Manage a team of technicians responsible for equipment maintenance, calibration, troubleshooting, and repair.</p></li><li><p>Establish and maintain equipment calibration programs to ensure accuracy and compliance with industry standards and regulatory requirements.</p></li><li><p>Coordinate with engineering teams to understand equipment requirements and support R&amp;D, testing, and manufacturing activities including new machinery setup in the factory.</p></li><li><p>Monitor equipment performance and implement predictive maintenance techniques to identify and address potential issues before they escalate.</p></li><li><p>Develop and maintain documentation, including equipment manuals, maintenance procedures, and calibration records.</p></li><li><p>Evaluate new equipment purchases and upgrades, including cost-benefit analysis, technical specifications, and vendor selection.</p></li><li><p>Implement equipment training programs for staff to ensure safe and efficient operation of engineering equipment.</p></li><li><p>Collaborate with external vendors and service providers for specialized maintenance and repair services as needed.</p></li><li><p>Perform all other related duties as assigned by Plant Manager or General Manager<br><br></p></li></ul><h2><strong><em>Required Skills/Abilities:&nbsp;</em></strong></h2><ul><li><p>Bachelor's degree in Engineering, preferably in mechanical engineering, electrical engineering, or a related field.</p></li><li><p>At least 10 years of experience in equipment maintenance and management with at least 8 years in leadership roles.</p></li><li><p>Fluent in speaking, reading, and writing in English (can Mandarin is a plus!).</p></li><li><p>Strong technical knowledge of a wide range of engineering equipment, including but not limited to, test rigs, instrumentation, CNC machines, and fabrication tools.</p></li><li><p>Experience with maintenance management systems (CMMS) and equipment calibration software.</p></li><li><p>Excellent leadership and communication skills with the ability to motivate and develop a high-performing team.</p></li><li><p>Strong problem-solving and troubleshooting abilities with a focus on root cause analysis and preventive maintenance.</p></li><li><p>Knowledge of safety regulations and best practices in equipment operation and maintenance.</p></li><li><p>Familiarity with regulatory requirements and standards related to equipment calibration and validation.</p></li><li><p>Project management skills with the ability to prioritize tasks and manage multiple projects simultaneously.</p></li><li><p>Able to perform in a fast-paced environment and meet deadlines</p></li><li><p>Able to work well under pressure and handle emergency and stressful situations</p></li><li><p>Positive mindset and Can Do Attitude</p></li></ul><p><br></p>","https://id.jobstreet.com/job/92399978"
"92350018","Java Software Engineer (FULL ENGLISH SPEAKING)","Eterna Indonesia","Jakarta","Rp 12.000.000 – Rp 15.000.000 per month","Full time","Information & Communication Technology","Developers/Programmers","2026-05-26T13:31:36.000Z","About Eterna Indonesia Eterna Indonesia is a fast-growing BPO company providing multiple business services including IT infrastructure, software development, security operations, and customer support. We bridge top talent from Southeast Asia with innovative U.S.-based businesses through our remote-first model. We are Great Place to Work®️ certified with over 200+ employees currently working with NASDAQ and Fortune 500 companies. We are currently hiring a skilled Java Software Engineer to design, develop, and maintain scalable backend systems with comprehensive testing practices for our U.S.-based clients. About the Role You'll build and maintain robust backend services using Java and Spring Boot, with a strong emphasis on code quality and test coverage. This is a fully remote, full-time role with night shift hours (Indonesian time) aligned to U.S. business hours. You'll own the full development lifecycle — from writing clean, maintainable code to implementing extensive unit and integration test suites that ensure the highest quality standards across production systems. Key Responsibilities Develop and maintain scalable backend services and APIs using Java and Spring Boot Design, write, and maintain comprehensive unit and integration tests using JUnit Write clean, maintainable, and efficient code following best practices and coding standards Troubleshoot, debug, and optimize application performance through extensive testing and profiling Participate in code reviews to maintain code quality and share knowledge across the team Collaborate with frontend developers, QA engineers, and product stakeholders to deliver features end-to-end Implement RESTful APIs and integrate with external services and third-party systems Contribute to CI/CD pipeline improvements to support automated testing and deployment workflows Identify and resolve performance bottlenecks and technical debt proactively Document technical designs, API specifications, and testing strategies Participate in Agile ceremonies including sprint planning, daily standups, and retrospectives Requirements (Must-have) 2+ years of software development experience with Java Strong proficiency in Java programming and object-oriented design principles Hands-on experience building backend services with the Spring Boot framework Proven experience writing unit and integration tests using JUnit Solid understanding of RESTful API design and implementation Familiarity with relational databases and SQL Experience with version control systems (Git) Strong problem-solving abilities and attention to detail Commitment to writing testable, well-documented, and maintainable code Familiarity with CLI tools and terminal-based development workflows Experience using AI-assisted development tools within the IDE or terminal (e.g., Claude Code, Cursor, GitHub Copilot, or similar) Understanding of MCP (Model Context Protocol) integrations and AI-augmented coding workflows Fluent in English (written and spoken) for daily client communication Willingness to work night shift (Indonesian time) aligned to U.S. business hours Preferred Qualifications Frontend Development: Experience with Angular for frontend development Familiarity with TypeScript and modern JavaScript (ES6+) Understanding of component-based frontend architecture Cloud & DevOps: Experience with AWS services (EC2, S3, RDS, Lambda, or similar) Familiarity with containerization using Docker Understanding of CI/CD pipelines (Jenkins, GitHub Actions, GitLab CI) Basic knowledge of Infrastructure as Code (Terraform, CloudFormation) Note: We welcome candidates who are pursuing these certifications or have equivalent demonstrated experience. Tools & Technologies You May Use Java, Spring Boot, Spring MVC, Spring Data, JUnit, Mockito, TestContainers, Maven, Gradle, Git, GitHub, GitLab, PostgreSQL, MySQL, Redis, Docker, Jenkins, GitHub Actions, AWS (EC2, S3, RDS, Lambda), Swagger/OpenAPI, SonarQube, Postman, IntelliJ IDEA, Jira, Confluence, Slack. Join Our Team At Eterna Indonesia, you'll be part of a collaborative remote-first culture. You'll have the opportunity to build backend systems that power critical applications for Fortune 500 clients, work with modern Java technologies, and contribute to a quality-first engineering culture. We value ownership, continuous learning, and transparency. This role offers growth paths into Senior Java Developer, Technical Lead, or Software Architect positions.","<p>About Eterna Indonesia</p><p>Eterna Indonesia is a fast-growing BPO company providing multiple business services including IT infrastructure, software development, security operations, and customer support. We bridge top talent from Southeast Asia with innovative U.S.-based businesses through our remote-first model. We are Great Place to Work®️ certified with over 200+ employees currently working with NASDAQ and Fortune 500 companies.</p><p>We are currently hiring a skilled Java Software Engineer to design, develop, and maintain scalable backend systems with comprehensive testing practices for our U.S.-based clients.</p><h2><strong><br>About the Role</strong></h2><p>You'll build and maintain robust backend services using Java and Spring Boot, with a strong emphasis on code quality and test coverage. This is a fully remote, full-time role with night shift hours (Indonesian time) aligned to U.S. business hours. You'll own the full development lifecycle — from writing clean, maintainable code to implementing extensive unit and integration test suites that ensure the highest quality standards across production systems.</p><h2><strong><br>Key Responsibilities</strong></h2><ul><li><p>Develop and maintain scalable backend services and APIs using Java and Spring Boot</p></li><li><p>Design, write, and maintain comprehensive unit and integration tests using JUnit</p></li><li><p>Write clean, maintainable, and efficient code following best practices and coding standards</p></li><li><p>Troubleshoot, debug, and optimize application performance through extensive testing and profiling</p></li><li><p>Participate in code reviews to maintain code quality and share knowledge across the team</p></li><li><p>Collaborate with frontend developers, QA engineers, and product stakeholders to deliver features end-to-end</p></li><li><p>Implement RESTful APIs and integrate with external services and third-party systems</p></li><li><p>Contribute to CI/CD pipeline improvements to support automated testing and deployment workflows</p></li><li><p>Identify and resolve performance bottlenecks and technical debt proactively</p></li><li><p>Document technical designs, API specifications, and testing strategies</p></li><li><p>Participate in Agile ceremonies including sprint planning, daily standups, and retrospectives</p></li></ul><h2><strong><br>Requirements (Must-have)</strong></h2><ul><li><p>2+ years of software development experience with Java</p></li><li><p>Strong proficiency in Java programming and object-oriented design principles</p></li><li><p>Hands-on experience building backend services with the Spring Boot framework</p></li><li><p>Proven experience writing unit and integration tests using JUnit</p></li><li><p>Solid understanding of RESTful API design and implementation</p></li><li><p>Familiarity with relational databases and SQL</p></li><li><p>Experience with version control systems (Git)</p></li><li><p>Strong problem-solving abilities and attention to detail</p></li><li><p>Commitment to writing testable, well-documented, and maintainable code</p></li><li><p>Familiarity with CLI tools and terminal-based development workflows</p></li><li><p>Experience using AI-assisted development tools within the IDE or terminal (e.g., Claude Code, Cursor, GitHub Copilot, or similar)</p></li><li><p>Understanding of MCP (Model Context Protocol) integrations and AI-augmented coding workflows</p></li><li><p>Fluent in English (written and spoken) for daily client communication</p></li><li><p>Willingness to work night shift (Indonesian time) aligned to U.S. business hours</p></li></ul><h2><strong><br>Preferred Qualifications</strong></h2><p>Frontend Development:</p><ul><li><p>Experience with Angular for frontend development</p></li><li><p>Familiarity with TypeScript and modern JavaScript (ES6+)</p></li><li><p>Understanding of component-based frontend architecture</p></li></ul><p>Cloud &amp; DevOps:</p><ul><li><p>Experience with AWS services (EC2, S3, RDS, Lambda, or similar)</p></li><li><p>Familiarity with containerization using Docker</p></li><li><p>Understanding of CI/CD pipelines (Jenkins, GitHub Actions, GitLab CI)</p></li><li><p>Basic knowledge of Infrastructure as Code (Terraform, CloudFormation)</p></li></ul><p>Note: We welcome candidates who are pursuing these certifications or have equivalent demonstrated experience.</p><h2><strong><br>Tools &amp; Technologies You May Use</strong></h2><p>Java, Spring Boot, Spring MVC, Spring Data, JUnit, Mockito, TestContainers, Maven, Gradle, Git, GitHub, GitLab, PostgreSQL, MySQL, Redis, Docker, Jenkins, GitHub Actions, AWS (EC2, S3, RDS, Lambda), Swagger/OpenAPI, SonarQube, Postman, IntelliJ IDEA, Jira, Confluence, Slack.</p><h2><strong><br>Join Our Team</strong></h2><p>At Eterna Indonesia, you'll be part of a collaborative remote-first culture. You'll have the opportunity to build backend systems that power critical applications for Fortune 500 clients, work with modern Java technologies, and contribute to a quality-first engineering culture. We value ownership, continuous learning, and transparency.</p><p>This role offers growth paths into Senior Java Developer, Technical Lead, or Software Architect positions.</p>","https://id.jobstreet.com/job/92350018"
"92467722","Architect Engineer (Project Placement)","China State Construction Engineering Corporation","Jakarta",,"Full time","Engineering","Civil/Structural Engineering","2026-06-02T10:03:53.000Z","JOB RESPONSIBILITIES: 1.Fully Responsible For The Company's Project Architectural Design And,Production Work Performance, Andcontrolling The Architectural Design Work From The Aspects Of Design Scope, Requirements, Progress, Quality, And Cost: 2.Responsible For The Overall Performance Of Architectural Design Management At All Stages Of The company's Products. Including But Not Limited To Reviewing And Revising Contract Design Documentscoordinating With Design Consultants, Project Supervisors, Project General Contractors, And Otherelevant Parties. Managing The Architectural Design Management Of The Project From The Perspectives Of progress, Cost, Quality, And Risk. 3.Assist In The Preparation, Review, And Performance Of Company Project Design Contract Signing Documentsand Be Responsible For The Construction-Related Aspects Of The Contract;, 4.Participate In Design Coordination, Disclosure Meetings, Expert Reviews, And On-Site Coordinationmeetings Related To The Discipline:. 5.In Addition To The Above-Mentioned Main Items, Other Work Required For The Architect To Perform Hisduties According To Industry Practices. REQUIREMENTS: 1,Bachelor's Degree Or Above In Architecture: 2.More Than.8 Years Of Experience In Architectural Design, Company. With At Least 2 Large-Scale Projectdesign Experiences, Able To Independently Organize Medium And Large-Scale Architectural Design Work; 3.Familiar With International Norms Related To Architectural Design.Such As British Andamericanstandards, With The Ability In Project Site Design (Master Plan Design), Planning And Architecturaldesign, Able To Complete Various Stages Of Architectural Design Work According To Standards; 4.Have a Deep Understanding Of Related Professions (Such As Curtain Wall, Decoration,Landscape,Structure, Equipment) Design, With Certain Ability Of Coordination And Verification, And Rich Experiencein On-Site Construction Cooperation: 5.Exhibit Exceptional Review Capabilities For Architectural Design Drawings, Building Materials, And Spec(Technical Specification), And Identify Issues In Design Review And Then Providing The Solutions. 6.Proficient In Architectural Design Software Such As Auto Cad, Revit, And Other Relevant Software Such As : office 7.Dedicated, Responsible, Good At Communication Organization And Design Coordination, As Well As Teamwork spirit 8.Those Who Have Local Legally Recognized Registered Architect Qualification Are Preferred. 9.Willing To Be Placed In Project Batam / West Java","<p><strong>JOB RESPONSIBILITIES:</strong></p><p>1.Fully Responsible For The Company's Project Architectural Design And,Production Work Performance, Andcontrolling The Architectural Design Work From The Aspects Of Design Scope, Requirements, Progress, Quality, And Cost:</p><p>2.Responsible For The Overall Performance Of Architectural Design Management At All Stages Of The company's Products. Including But Not Limited To Reviewing And Revising Contract Design Documentscoordinating With Design Consultants, Project Supervisors, Project General Contractors, And Otherelevant Parties. Managing The Architectural Design Management Of The Project From The Perspectives Of progress, Cost, Quality, And Risk.</p><p>3.Assist In The Preparation, Review, And Performance Of Company Project Design Contract Signing Documentsand Be Responsible For The Construction-Related Aspects Of The Contract;,</p><p>4.Participate In Design Coordination, Disclosure Meetings, Expert Reviews, And On-Site Coordinationmeetings Related To The Discipline:.</p><p>5.In Addition To The Above-Mentioned Main Items, Other Work Required For The Architect To Perform Hisduties According To Industry Practices.</p><p><br></p><p><strong>REQUIREMENTS:</strong></p><p>1,Bachelor's Degree Or Above In Architecture:</p><p>2.More Than.8 Years Of Experience In Architectural Design, Company. With At Least 2 Large-Scale Projectdesign Experiences, Able To Independently Organize Medium And Large-Scale Architectural Design Work;</p><p>3.Familiar With International Norms Related To Architectural Design.Such As British Andamericanstandards, With The Ability In Project Site Design (Master Plan Design), Planning And Architecturaldesign, Able To Complete Various Stages Of Architectural Design Work According To Standards;</p><p>4.Have a Deep Understanding Of Related Professions (Such As Curtain Wall, Decoration,Landscape,Structure, Equipment) Design, With Certain Ability Of Coordination And Verification, And Rich Experiencein On-Site Construction Cooperation:</p><p>5.Exhibit Exceptional Review Capabilities For Architectural Design Drawings, Building Materials, And Spec(Technical Specification), And Identify Issues In Design Review And Then Providing The Solutions.</p><p>6.Proficient In Architectural Design Software Such As Auto Cad, Revit, And Other Relevant Software Such As : office &nbsp;</p><p>7.Dedicated, Responsible, Good At Communication Organization And Design Coordination, As Well As Teamwork spirit</p><p>8.Those Who Have Local Legally Recognized Registered Architect Qualification Are Preferred.</p><p>9.Willing To Be Placed In Project Batam / West Java <br>&nbsp;</p>","https://id.jobstreet.com/job/92467722"
"92272618","QA/QC Inspector (English Speaker)","PT.SINOMA DEVELOPMENT INDONESIA","Cilegon, Banten","Rp 7.000.000 – Rp 10.500.000 per month","Full time","Manufacturing, Transport & Logistics","Quality Assurance & Control","2026-05-22T03:00:18.000Z","Job Requirements Bachelor’s degree or Diploma in Civil Engineering, Mechanical Engineering, Electrical Engineering, or other related engineering disciplines. Able to communicate using English/Mandarin . Must hold a valid QA/QC professional qualification certificate . Minimum 2–3 years of QA/QC or site quality management experience in construction / industrial / engineering projects (cement plant, industrial plant, infrastructure projects preferred). Strong capability in quality documentation and records management (inspection records, test reports, checklists, NCR, acceptance documents, etc.). Familiar with project quality standards, inspection procedures, and relevant codes and specifications. Able to prepare, review and manage QA/QC documents and reports independently. Good coordination and communication skills with Client, Consultant / Supervisor, and Contractor. Able to work on site and accept project-based assignments. Proficient in basic office software (Word, Excel, PDF, etc.). Good working attitude, strong sense of responsibility and attention to detail. Job Description Responsible for daily site quality inspection, quality supervision and quality control activities in accordance with project specifications, drawings and quality standards. Carry out and follow up site quality inspection and acceptance works for construction activities, materials and workmanship. Prepare, compile and manage various QA/QC documents and records , including inspection forms, checklists, test reports, material inspection records and quality acceptance documents. Prepare and issue quality reports and related quality statistics regularly. Organize and coordinate quality inspection and acceptance activities involving the Client, Consultant / Supervision Engineer and Contractor. Participate in joint inspections, internal inspections and handover inspections. Track, record and follow up non-conformance issues (NCR) and corrective actions until closure. Assist in establishing and improving the project quality management system and procedures. Support internal and external audits related to QA/QC activities. Perform other related tasks assigned by the project management team.","<h2>Job Requirements</h2><ol><li><p>Bachelor’s degree or Diploma in Civil Engineering, Mechanical Engineering, Electrical Engineering, or other related engineering disciplines. Able to communicate using<strong> English/Mandarin</strong>.</p></li><li><p><strong>Must hold a valid QA/QC professional qualification certificate</strong>.</p></li><li><p>Minimum 2–3 years of QA/QC or site quality management experience in construction / industrial / engineering projects (cement plant, industrial plant, infrastructure projects preferred).</p></li><li><p>Strong capability in <strong>quality documentation and records management</strong> (inspection records, test reports, checklists, NCR, acceptance documents, etc.).</p></li><li><p>Familiar with project quality standards, inspection procedures, and relevant codes and specifications.</p></li><li><p>Able to prepare, review and manage QA/QC documents and reports independently.</p></li><li><p>Good coordination and communication skills with Client, Consultant / Supervisor, and Contractor.</p></li><li><p>Able to work on site and accept project-based assignments.</p></li><li><p>Proficient in basic office software (Word, Excel, PDF, etc.).</p></li><li><p>Good working attitude, strong sense of responsibility and attention to detail.</p></li></ol><hr><h2>Job Description</h2><ol><li><p>Responsible for daily <strong>site quality inspection, quality supervision and quality control activities</strong> in accordance with project specifications, drawings and quality standards.</p></li><li><p>Carry out and follow up <strong>site quality inspection and acceptance</strong> works for construction activities, materials and workmanship.</p></li><li><p>Prepare, compile and manage various <strong>QA/QC documents and records</strong>, including inspection forms, checklists, test reports, material inspection records and quality acceptance documents.</p></li><li><p>Prepare and issue <strong>quality reports</strong> and related quality statistics regularly.</p></li><li><p>Organize and coordinate <strong>quality inspection and acceptance activities</strong> involving the Client, Consultant / Supervision Engineer and Contractor.</p></li><li><p>Participate in joint inspections, internal inspections and handover inspections.</p></li><li><p>Track, record and follow up non-conformance issues (NCR) and corrective actions until closure.</p></li><li><p>Assist in establishing and improving the project quality management system and procedures.</p></li><li><p>Support internal and external audits related to QA/QC activities.</p></li><li><p>Perform other related tasks assigned by the project management team.</p></li></ol><p><br></p>","https://id.jobstreet.com/job/92272618"
"92412411","STAFF CAM","PT.JYE SHING INDUSTRIAL","Karawang, West Java","Rp 6.000.000 – Rp 7.000.000 per month","Full time","Design & Architecture","Other","2026-05-29T07:33:37.000Z","About the role As a STAFF CAM at PT.JYE SHING INDUSTRIAL', you will play a crucial role in the company's Design & Architecture operations in the Karawang, West Java location. This full-time position offers the opportunity to contribute to the strategic objectives of the organisation and develop your skills within a dynamic, growing team. What you'll be doing Performing complex CAM programming and operations to support the production of high-quality engineering designs Optimising CNC machine performance and ensuring efficient production processes Collaborating with the design team to translate conceptual ideas into feasible manufacturing solutions Troubleshooting technical issues and implementing corrective actions to maintain productivity Documenting and maintaining detailed records of all CAM-related activities Continuously seeking opportunities to improve workflows and implement new technologies What we're looking for Minimum 2 years of experience in a similar CAM role, preferably within the Design & Architecture industry Proficient in operating CNC machines and programming using CAM software Strong technical problem-solving and critical thinking skills Ability to work collaboratively with cross-functional teams Excellent attention to detail and commitment to quality Willingness to learn and adapt to new technologies and processes Possesses Powermill & Rhinoceros 7/8 Version skills. Understands English. What we offer At PT.JYE SHING INDUSTRIAL', we are committed to providing our employees with a rewarding and supportive work environment. In addition to a competitive salary, you will have access to a range of benefits, including: Opportunities for professional development and career advancement Comprehensive health and wellness programs Flexible work arrangements to support work-life balance Employee recognition and reward schemes About us PT.JYE SHING INDUSTRIAL' is a leading provider of innovative design and engineering solutions in the Karawang region. With a strong focus on quality, efficiency, and customer satisfaction, we are dedicated to delivering exceptional results for our clients. Our team of talented professionals is committed to driving the company's success and contributing to the growth of the Design & Architecture industry. Apply now to join our dynamic team and be a part of the exciting future of PT.JYE SHING INDUSTRIAL'.","<p><strong>About the role</strong><br><br>As a STAFF CAM at PT.JYE SHING INDUSTRIAL', you will play a crucial role in the company's Design &amp; Architecture operations in the Karawang, West Java location. This full-time position offers the opportunity to contribute to the strategic objectives of the organisation and develop your skills within a dynamic, growing team.</p><p><strong>What you'll be doing</strong></p><ol><li><p>Performing complex CAM programming and operations to support the production of high-quality engineering designs</p></li><li><p>Optimising CNC machine performance and ensuring efficient production processes</p></li><li><p>Collaborating with the design team to translate conceptual ideas into feasible manufacturing solutions</p></li><li><p>Troubleshooting technical issues and implementing corrective actions to maintain productivity</p></li><li><p>Documenting and maintaining detailed records of all CAM-related activities</p></li><li><p>Continuously seeking opportunities to improve workflows and implement new technologies</p></li></ol><p><strong>What we're looking for</strong></p><ol><li><p>Minimum 2 years of experience in a similar CAM role, preferably within the Design &amp; Architecture industry</p></li><li><p>Proficient in operating CNC machines and programming using CAM software</p></li><li><p>Strong technical problem-solving and critical thinking skills</p></li><li><p>Ability to work collaboratively with cross-functional teams</p></li><li><p>Excellent attention to detail and commitment to quality</p></li><li><p>Willingness to learn and adapt to new technologies and processes<br></p></li><li><p>Possesses Powermill &amp; Rhinoceros 7/8 Version skills.</p><p><br></p></li><li><p>Understands English.<br><br></p></li></ol><p><strong>What we offer</strong><br><br>At PT.JYE SHING INDUSTRIAL', we are committed to providing our employees with a rewarding and supportive work environment. In addition to a competitive salary, you will have access to a range of benefits, including:<br><br></p><ol><li><p>Opportunities for professional development and career advancement</p></li><li><p>Comprehensive health and wellness programs</p></li><li><p>Flexible work arrangements to support work-life balance</p></li><li><p>Employee recognition and reward schemes</p></li></ol><p><br></p><p><strong>About us</strong><br><br>PT.JYE SHING INDUSTRIAL' is a leading provider of innovative design and engineering solutions in the Karawang region. With a strong focus on quality, efficiency, and customer satisfaction, we are dedicated to delivering exceptional results for our clients. Our team of talented professionals is committed to driving the company's success and contributing to the growth of the Design &amp; Architecture industry.</p><p>Apply now to join our dynamic team and be a part of the exciting future of PT.JYE SHING INDUSTRIAL'.</p><p><br></p>","https://id.jobstreet.com/job/92412411"
"92040266","Software Engineer - Backend","Formulatrix","Central Java",,"Full time","Information & Communication Technology","Engineering - Software","2026-05-11T10:40:02.000Z","About the role We are looking for an experienced Software Engineer to join our team at Formulatrix Indonesia, a leading technology company based in Salatiga, Central Java. In this full-time role, you will play a crucial part in the development and implementation of cutting-edge software solutions that power our innovative products. What you'll be doing Design, develop and maintain high-quality, scalable software applications and systems. Collaborate with cross-functional teams to understand business requirements and translate them into technical solutions. Write clean, efficient and well-documented code using the latest software engineering best practices. Identify and resolve complex technical issues, bugs and bottlenecks. Contribute to the continuous improvement of our software development processes and tool. What we're looking for Bachelor’s degree in Computer Science, Information Technology, Electronics Engineering, or equivalent practical experience. At least 1 year of experience as a Software Engineer or Developer, preferably in a similar role. Strong proficiency in at least one object-oriented programming language (C#, C++, Python, Java, or similar). Solid understanding of object-oriented programming, software architecture, and design patterns. Experience with the full software development lifecycle. Familiarity with unit testing, debugging, and version control systems. Good understanding of software performance, scalability, and maintainability. Willing to work in Salatiga / Bandung / Semarang (depending on placement). Soft skills: Strong analytical and problem-solving skills. Curious, proactive, and eager to learn new technologies. Highly motivated and a strong team player. Clear and effective communication skills in English. Detail-oriented with the ability to adapt and prioritize in a fast-paced R&D environment. Nice to have: Hands-on experience with robotics hardware, troubleshooting, and system debugging. Hands-on experience developing robotics systems, including kinematics, control, and path planning. Experience building and deploying neural networks for computer vision. Strong knowledge of computer vision algorithms, optics, imaging systems, and familiarity with ML/CV frameworks (TensorFlow, PyTorch, OpenCV). Proficient in Linux on SBCs (NVIDIA Jetson, Raspberry Pi) with a strong interest in research and emerging technologies. Preferrable (one or more): Electronics Engineering background What we offer Enjoy working in a slow-living city with clean air, fresh water from mountain spring, beautiful natural sceneries, away from pollution and traffic-jam in large cities. BPJS Health & Employment Insurance Additional Health Insurance Performance Bonus Religious Holiday Allowance (THR) Flexible Work Arrangements Paid Time Off (eligible after 3 months of employment) Casual Dress Code (e.g., T-shirts) Office facilities that support professional productivity as well as social interaction and collaboration","<p><strong>About the role</strong></p><p>We are looking for an experienced Software Engineer to join our team at Formulatrix Indonesia, a leading technology company based in Salatiga, Central Java. In this full-time role, you will play a crucial part in the development and implementation of cutting-edge software solutions that power our innovative products.</p><p><strong>What you'll be doing</strong></p><ul><li><p>Design, develop and maintain high-quality, scalable software applications and systems.</p></li><li><p>Collaborate with cross-functional teams to understand business requirements and translate them into technical solutions.</p></li><li><p>Write clean, efficient and well-documented code using the latest software engineering best practices.</p></li><li><p>Identify and resolve complex technical issues, bugs and bottlenecks.</p></li><li><p>Contribute to the continuous improvement of our software development processes and tool.</p></li></ul><p><strong>What we're looking for</strong></p><ul><li><p>Bachelor’s degree in Computer Science, Information Technology, Electronics Engineering, or equivalent practical experience.</p></li><li><p>At least 1 year of experience as a Software Engineer or Developer, preferably in a similar role.</p></li><li><p>Strong proficiency in at least one object-oriented programming language (C#, C++, Python, Java, or similar).</p></li><li><p>Solid understanding of object-oriented programming, software architecture, and design patterns.</p></li><li><p>Experience with the full software development lifecycle.</p></li><li><p>Familiarity with unit testing, debugging, and version control systems.</p></li><li><p>Good understanding of software performance, scalability, and maintainability.</p></li><li><p>Willing to work in Salatiga / Bandung / Semarang (depending on placement).</p></li></ul><p><strong>Soft skills:</strong></p><ul><li><p>Strong analytical and problem-solving skills.</p></li><li><p>Curious, proactive, and eager to learn new technologies.</p></li><li><p>Highly motivated and a strong team player.</p></li><li><p>Clear and effective communication skills in English.</p></li><li><p>Detail-oriented with the ability to adapt and prioritize in a fast-paced R&amp;D environment.</p></li></ul><p><strong>Nice to have:</strong></p><ul><li><p>Hands-on experience with robotics hardware, troubleshooting, and system debugging.</p></li><li><p>Hands-on experience developing robotics systems, including kinematics, control, and path planning.</p></li><li><p>Experience building and deploying neural networks for computer vision.</p></li><li><p>Strong knowledge of computer vision algorithms, optics, imaging systems, and familiarity with ML/CV frameworks (TensorFlow, PyTorch, OpenCV).</p></li><li><p>Proficient in Linux on SBCs (NVIDIA Jetson, Raspberry Pi) with a strong interest in research and emerging technologies.</p></li><li><p>Preferrable (one or more): Electronics Engineering background</p></li></ul><p><strong>What we offer</strong></p><ul><li><p>Enjoy working in a slow-living city with clean air, fresh water from mountain spring, beautiful natural sceneries, away from pollution and traffic-jam in large cities.</p></li><li><p>BPJS Health &amp; Employment Insurance</p></li><li><p>Additional Health Insurance</p></li><li><p>Performance Bonus</p></li><li><p>Religious Holiday Allowance (THR)</p></li><li><p>Flexible Work Arrangements</p></li><li><p>Paid Time Off (eligible after 3 months of employment)</p></li><li><p>Casual Dress Code (e.g., T-shirts)</p></li><li><p>Office facilities that support professional productivity as well as social interaction and collaboration</p></li></ul><p><br></p>","https://id.jobstreet.com/job/92040266"
"92488033","Mine Plan Engineer Superitendent (Minning Nickel)","Private Advertiser","North Konawe, Southeast Sulawesi",,"Full time","Mining, Resources & Energy","Mining - Operations","2026-06-03T06:23:53.000Z","We are seeking a dedicated Mine Plan Engineer Superintendent to join our team. As the Mine Plan Engineer Superintendent, you will play a crucial role in overseeing the development and execution of the mine plan for our operations in North Konawe, Southeast Sulawesi. This full-time position will be responsible for ensuring the efficient and effective implementation of our mining activities. What you'll be doing Developing and managing the mine plan to optimise production, cost-effectiveness, and safety Monitoring and analysing mining operations to identify opportunities for improvement Collaborating with cross-functional teams to coordinate mining activities and resolve any issues that arise Preparing regular reports and presentations on the status of the mine plan and its performance Providing guidance and support to the mine planning team, ensuring they have the necessary resources and tools to succeed Ensuring compliance with all relevant mining regulations and industry standards Continuously exploring ways to enhance the efficiency and sustainability of our mining operations What we're looking for Degree in Mining Engineering or a related field Minimum 8 years of experience in mine planning, with a proven track record of successful mine plan development and implementation Strong understanding of mining processes, equipment, and technology Excellent analytical and problem-solving skills, with the ability to make data-driven decisions Strong communication and leadership skills, with the ability to effectively collaborate with cross-functional teams Proficient in the use of mine planning software and data analysis tools Knowledge of relevant mining regulations and industry best practices Willing to work on a roster system","<p>We are seeking a dedicated Mine Plan Engineer Superintendent to join our team. As the Mine Plan Engineer Superintendent, you will play a crucial role in overseeing the development and execution of the mine plan for our operations in North Konawe, Southeast Sulawesi. This full-time position will be responsible for ensuring the efficient and effective implementation of our mining activities.</p><p><strong>What you'll be doing</strong></p><ol><li><p>Developing and managing the mine plan to optimise production, cost-effectiveness, and safety</p></li><li><p>Monitoring and analysing mining operations to identify opportunities for improvement</p></li><li><p>Collaborating with cross-functional teams to coordinate mining activities and resolve any issues that arise</p></li><li><p>Preparing regular reports and presentations on the status of the mine plan and its performance</p></li><li><p>Providing guidance and support to the mine planning team, ensuring they have the necessary resources and tools to succeed</p></li><li><p>Ensuring compliance with all relevant mining regulations and industry standards</p></li><li><p>Continuously exploring ways to enhance the efficiency and sustainability of our mining operations</p></li></ol><p><strong>What we're looking for</strong></p><ol><li><p>Degree in Mining Engineering or a related field</p></li><li><p>Minimum 8 years of experience in mine planning, with a proven track record of successful mine plan development and implementation</p></li><li><p>Strong understanding of mining processes, equipment, and technology</p></li><li><p>Excellent analytical and problem-solving skills, with the ability to make data-driven decisions</p></li><li><p>Strong communication and leadership skills, with the ability to effectively collaborate with cross-functional teams</p></li><li><p>Proficient in the use of mine planning software and data analysis tools</p></li><li><p>Knowledge of relevant mining regulations and industry best practices</p></li><li><p>Willing to work on a roster system</p></li></ol><p><br></p><p><br></p>","https://id.jobstreet.com/job/92488033"
"92230273","Senior Structural Engineer","Netindo Jaya Memory","Bandung, West Java","Rp 8.000.000 – Rp 12.000.000 per month","Contract/Temp","Engineering","Civil/Structural Engineering","2026-05-20T08:06:08.000Z","PT Memori Netindo Jaya adalah perusahaan yang bergerak di bidang teknologi dan rekayasa, dengan fokus pada pengembangan solusi desain, manufaktur, serta integrasi sistem berbasis kebutuhan industri. Perusahaan ini dikenal dalam penyediaan layanan desain teknik, termasuk penggunaan software CAD seperti SolidWorks untuk mendukung proses perancangan produk dan komponen. Dengan mengedepankan inovasi dan kualitas, PT Memori Netindo Jaya berkomitmen untuk memberikan solusi yang efisien dan tepat guna bagi klien, baik dari sektor manufaktur maupun proyek engineering lainnya. Perusahaan ini juga menekankan kolaborasi tim, profesionalisme, serta pengembangan kompetensi karyawan sebagai bagian dari pertumbuhan berkelanjutan. Job Responsibilities : • Melakukan review awal proyek serta quality control (QC) pada gambar seperti validasi gambar engineering dan fabrikasi. • Memastikan kesesuaian dengan spesifikasi proyek, kode, dan standar yang berlaku. • Berkoordinasi secara efektif dengan tim internal, klien, dan stakeholder sepanjang siklus proyek. • Memberikan arahan teknis dan supervisi kepada detailer/drafter Untuk memastikan akurasi dan kemudahan pelaksanaan. • Bertanggung jawab atas persetujuan desain (design approval) dan final sign-off. Job Requirements : • Pendidikan Minimal S1 Teknik Sipil, Teknik Struktur Bangunan, atau bidang terkait. • Pengalaman 5–10 tahun di bidang struktur baja / tower / fabrikasi. • Mampu berkomunikasi dalam Bahasa Inggris • Memahami software Seperti CAD, SolidWorks, Autodesk Inventor, dan tools 3D modeling lainnya. • Memiliki pemahaman dasar analisis struktur dan perhitungan beban • Memahami standar struktur internasional (SNI/AISC dll) • Memahami struktur baja dan elemen struktur (angle, channel, plate, pipa/tube). • Memahami sambungan struktur (gusset plate, splice plate, base plate). • Menguasai detail baut dan lubang (ukuran, jarak, clearance, dan posisi). • Memiliki pengetahuan dasar mengenai detail pengelasan dan jenis sambungan. • Memahami sistem bracing dan framing tower (susunan member dan logika struktur). • Mampu membuat dan mereview shop drawing / gambar fabrikasi. • Berpengalaman dalam penyusunan dan review BOM / Cut List (Bill of Materials). • Memahami proses assembly di workshop (fit-up dan urutan perakitan). • Memahami aspek constructability serta kelayakan instalasi di lapangan.","<p>PT Memori Netindo Jaya adalah perusahaan yang bergerak di bidang teknologi dan rekayasa, dengan fokus pada pengembangan solusi desain, manufaktur, serta integrasi sistem berbasis kebutuhan industri. Perusahaan ini dikenal dalam penyediaan layanan desain teknik, termasuk penggunaan software CAD seperti SolidWorks untuk mendukung proses perancangan produk dan komponen.<br><br>Dengan mengedepankan inovasi dan kualitas, PT Memori Netindo Jaya berkomitmen untuk memberikan solusi yang efisien dan tepat guna bagi klien, baik dari sektor manufaktur maupun proyek engineering lainnya. Perusahaan ini juga menekankan kolaborasi tim, profesionalisme, serta pengembangan kompetensi karyawan sebagai bagian dari pertumbuhan berkelanjutan.</p><p><br></p><p><strong>Job Responsibilities :</strong></p><p>• Melakukan review awal proyek serta quality control (QC) pada gambar seperti validasi gambar engineering dan fabrikasi.</p><p>• Memastikan kesesuaian dengan spesifikasi proyek, kode, dan standar yang berlaku.</p><p>• Berkoordinasi secara efektif dengan tim internal, klien, dan stakeholder sepanjang siklus proyek.</p><p>• Memberikan arahan teknis dan supervisi kepada detailer/drafter Untuk memastikan akurasi dan kemudahan pelaksanaan.</p><p>• Bertanggung jawab atas persetujuan desain (design approval) dan final sign-off.</p><p><br></p><p><strong>Job Requirements :</strong></p><p>• Pendidikan Minimal S1 Teknik Sipil, Teknik Struktur Bangunan, atau bidang terkait.</p><p>• Pengalaman 5–10 tahun di bidang struktur baja / tower / fabrikasi.</p><p>• Mampu berkomunikasi dalam Bahasa Inggris<br><br>• Memahami software Seperti CAD, SolidWorks, Autodesk Inventor, dan tools 3D modeling lainnya.</p><p>• Memiliki pemahaman dasar analisis struktur dan perhitungan beban</p><p>• Memahami standar struktur internasional (SNI/AISC dll)</p><p>• Memahami struktur baja dan elemen struktur (angle, channel, plate, pipa/tube).</p><p>• Memahami sambungan struktur (gusset plate, splice plate, base plate).</p><p>• Menguasai detail baut dan lubang (ukuran, jarak, clearance, dan posisi).</p><p>• Memiliki pengetahuan dasar mengenai detail pengelasan dan jenis sambungan.</p><p>• Memahami sistem bracing dan framing tower (susunan member dan logika struktur).</p><p>• Mampu membuat dan mereview shop drawing / gambar fabrikasi.</p><p>• Berpengalaman dalam penyusunan dan review BOM / Cut List (Bill of Materials).</p><p>• Memahami proses assembly di workshop (fit-up dan urutan perakitan).</p><p>• Memahami aspek constructability serta kelayakan instalasi di lapangan.</p><p><br></p>","https://id.jobstreet.com/job/92230273"
"92138934","Junior Electrical Engineer","Omazaki Group","South Tangerang, Banten",,"Contract/Temp","Engineering","Electrical/Electronic Engineering","2026-05-15T07:07:28.000Z","Job Responsibilities: To develop detail electrical schematics and layout drawings Create accurate electrical design with power system study software such as ETAP, DigSilent, etc. Create accurate project specifications and technical reports for customers Prepare estimates and budgets Complete regulatory documents concerning safety issues and resolve electrical design issues Finish projects on time and within budget Communicate with clients and co-workers about analysis results Job Requirements: Minimum Bachelor Degree (S1) in Electrical Engineering (Power System) Minimum 1 year of experience in Electrical Engineering field, but fresh graduates are welcome to apply Must have minimum basic experience with ETAP and AutoCAD Ready to be develop a multi-skilled engineer Strong analytical, interpersonal, adaptability, and problem-solving skills Must fluent spoken and written in English and Bahasa Indonesia Detail-oriented, honest and disciplined Have knowledge of electrical engineering regulation and standards","<p><strong>Job Responsibilities:</strong></p><ul><li><p>To develop detail electrical schematics and layout drawings</p></li><li><p>Create accurate electrical design with power system study software such as ETAP, DigSilent, etc.</p></li><li><p>Create accurate project specifications and technical reports for customers</p></li><li><p>Prepare estimates and budgets</p></li><li><p>Complete regulatory documents concerning safety issues and resolve electrical design issues</p></li><li><p>Finish projects on time and within budget</p></li><li><p>Communicate with clients and co-workers about analysis results</p></li></ul><p><br></p><p><strong>Job Requirements:</strong></p><ul><li><p>Minimum Bachelor Degree (S1) in Electrical Engineering (Power System)</p></li><li><p>Minimum 1 year of experience in Electrical Engineering field, but fresh graduates are welcome to apply</p></li><li><p>Must have minimum basic experience with ETAP and AutoCAD</p></li><li><p>Ready to be develop a multi-skilled engineer</p></li><li><p>Strong analytical, interpersonal, adaptability, and problem-solving skills</p></li><li><p>Must fluent spoken and written in English and Bahasa Indonesia</p></li><li><p>Detail-oriented, honest and disciplined</p></li><li><p>Have knowledge of electrical engineering regulation and standards</p></li></ul><p><br></p>","https://id.jobstreet.com/job/92138934"
"92455928","QA Engineer","Treasury.id","Tangerang, Banten",,"Full time","Information & Communication Technology","Testing & Quality Assurance","2026-06-02T03:30:07.000Z","Responsibilities : Create test plans Perform manual testing on application Create document test cases Identify any potential problems that users might encounter Research and analyze product features being tested Review user interfaces and user experience Research new tools, technologies, and testing processes Works together with the software engineer to enhance and improve the application Qualifications : Diploma / Bachelor / Master's degree in a related field preferred Have an experience at least one year as a QA Tester Sharp attention to detail Strong analytical and problem-solving skills","<p><strong>Responsibilities :</strong></p><ul><li><p>Create test plans</p></li><li><p>Perform manual testing on application</p></li><li><p>Create document test cases</p></li><li><p>Identify any potential problems that users might encounter</p></li><li><p>Research and analyze product features being tested</p></li><li><p>Review user interfaces and user experience</p></li><li><p>Research new tools, technologies, and testing processes</p></li><li><p>Works together with the software engineer to enhance and improve the application</p></li></ul><p><br></p><p><strong>Qualifications :</strong></p><ul><li><p>Diploma / Bachelor / Master's degree in a related field preferred</p></li><li><p>Have an experience at least one year as a QA Tester</p></li><li><p>Sharp attention to detail</p></li><li><p>Strong analytical and problem-solving skills</p></li></ul><p><br></p>","https://id.jobstreet.com/job/92455928"
"92416357","Electrical Engineer","Private Advertiser","Medan, North Sumatra","Rp 5.000.000 – Rp 7.000.000 per month","Full time","Engineering","Electrical/Electronic Engineering","2026-05-29T09:53:22.000Z","Key responsibilities Designing, installing, and maintaining electrical systems and equipment Troubleshooting and repairing electrical issues to minimise downtime and ensure continuous operations Conducting regular inspections and testing of electrical systems to identify and address any potential problems Developing and implementing preventative maintenance programs to prolong the lifespan of electrical assets Collaborating with cross-functional teams to ensure the integration of electrical systems with other engineering disciplines Staying up-to-date with industry regulations, best practices, and technological advancements in the field of electrical engineering Providing technical support and guidance to operations teams to ensure the safe and efficient use of electrical equipment What we're looking for A bachelor's degree in Electrical Engineering or a related field At least 5 years of experience as an Electrical Engineer, preferably in the offshore or maritime industry Strong knowledge of electrical systems, including power generation, distribution, and control systems Familiarity with relevant electrical safety standards and regulations Proficiency in using electrical design software and modelling tools Excellent problem-solving, critical thinking, and decision-making skills Strong communication and collaboration abilities to work effectively with cross-functional teams","<p><strong>Key responsibilities</strong></p><ol><li><p>Designing, installing, and maintaining electrical systems and equipment</p></li><li><p>Troubleshooting and repairing electrical issues to minimise downtime and ensure continuous operations</p></li><li><p>Conducting regular inspections and testing of electrical systems to identify and address any potential problems</p></li><li><p>Developing and implementing preventative maintenance programs to prolong the lifespan of electrical assets</p></li><li><p>Collaborating with cross-functional teams to ensure the integration of electrical systems with other engineering disciplines</p></li><li><p>Staying up-to-date with industry regulations, best practices, and technological advancements in the field of electrical engineering</p></li><li><p>Providing technical support and guidance to operations teams to ensure the safe and efficient use of electrical equipment</p></li></ol><p><strong>What we're looking for</strong></p><ol><li><p>A bachelor's degree in Electrical Engineering or a related field</p></li><li><p>At least 5 years of experience as an Electrical Engineer, preferably in the offshore or maritime industry</p></li><li><p>Strong knowledge of electrical systems, including power generation, distribution, and control systems</p></li><li><p>Familiarity with relevant electrical safety standards and regulations</p></li><li><p>Proficiency in using electrical design software and modelling tools</p></li><li><p>Excellent problem-solving, critical thinking, and decision-making skills</p></li><li><p>Strong communication and collaboration abilities to work effectively with cross-functional teams</p></li></ol><p><br></p>","https://id.jobstreet.com/job/92416357"
"92478936","CAD Designer","Private Advertiser","Batam Kota, Riau Islands",,"Contract/Temp","Engineering","Engineering Drafting","2026-06-03T02:11:36.000Z","We are looking for a talented and detail-oriented CAD Designer to join our team. The successful candidate will be responsible for creating detailed technical drawings, supporting production planning activities, and coordinating with both local and overseas teams to ensure projects are delivered accurately and efficiently. Job Responsibilities Liaise with architects, engineers, and project teams to gather product, structural, and design requirements. Calculate dimensions, material requirements, and weight limitations for designs and production. Create detailed technical drawings and models using Computer-Aided Design (CAD) software. Prepare and review preliminary sketches and designs with the Engineering team. Develop diagrams, layouts, and workflow illustrations to support manufacturing and project execution. Identify potential operational issues and propose design improvements to enhance functionality and manufacturability. Prepare technical manuals and documentation describing product operation, features, and maintenance. Support production planning activities, including scheduling and workflow coordination. Initiate, develop, and maintain supply plans for components and finished products to support production requirements and customer demand. Generate and manage work orders with appropriate lot sizes to ensure efficient production, timely delivery, and inventory optimization. Monitor MRP messages and support continuous production flow. Analyze inventory levels and identify excess or obsolete materials while maintaining required stock levels. Process documentation and maintain accurate records in accordance with company procedures. Coordinate closely with the Brisbane office and Supervisors in Batam to support project and production activities. Participate in ISO 9001:2015 Awareness Training and support the implementation of the company's Quality Management System. Requirements High School, Diploma, or Bachelor's Degree in Mechanical Engineering, Civil Engineering, Industrial Engineering, Architecture, or a related field. Minimum 3 years of experience as a CAD Designer, Draftsman, Design Engineer, or similar role. Proficient in AutoCAD and other CAD software (SolidWorks, Inventor, Revit, Tekla, or similar applications are an advantage). Strong ability to read and interpret technical drawings and engineering specifications. Experience in manufacturing, construction, or engineering industries is preferred. Familiarity with production planning, material requirements planning (MRP), and inventory management is an advantage. Good understanding of manufacturing processes and production workflows. Proficient in Microsoft Office applications. Strong communication skills in English (written and verbal). Excellent analytical, problem-solving, and organizational skills. Able to work independently and collaboratively in a fast-paced environment. Preferably stay or domicile in Batam. Personal Characteristics Detail-oriented and highly accurate. Strong analytical and critical thinking skills. Proactive and solution-oriented. Good communication and interpersonal skills. Able to manage multiple tasks and deadlines effectively. Cooperative, adaptable, and willing to learn.","<p>We are looking for a talented and detail-oriented <strong>CAD Designer</strong> to join our team. The successful candidate will be responsible for creating detailed technical drawings, supporting production planning activities, and coordinating with both local and overseas teams to ensure projects are delivered accurately and efficiently.</p><p><br></p><h2><strong>Job Responsibilities</strong></h2><ul><li><p>Liaise with architects, engineers, and project teams to gather product, structural, and design requirements.</p></li><li><p>Calculate dimensions, material requirements, and weight limitations for designs and production.</p></li><li><p>Create detailed technical drawings and models using Computer-Aided Design (CAD) software.</p></li><li><p>Prepare and review preliminary sketches and designs with the Engineering team.</p></li><li><p>Develop diagrams, layouts, and workflow illustrations to support manufacturing and project execution.</p></li><li><p>Identify potential operational issues and propose design improvements to enhance functionality and manufacturability.</p></li><li><p>Prepare technical manuals and documentation describing product operation, features, and maintenance.</p></li><li><p>Support production planning activities, including scheduling and workflow coordination.</p></li><li><p>Initiate, develop, and maintain supply plans for components and finished products to support production requirements and customer demand.</p></li><li><p>Generate and manage work orders with appropriate lot sizes to ensure efficient production, timely delivery, and inventory optimization.</p></li><li><p>Monitor MRP messages and support continuous production flow.</p></li><li><p>Analyze inventory levels and identify excess or obsolete materials while maintaining required stock levels.</p></li><li><p>Process documentation and maintain accurate records in accordance with company procedures.</p></li><li><p>Coordinate closely with the Brisbane office and Supervisors in Batam to support project and production activities.</p></li><li><p>Participate in ISO 9001:2015 Awareness Training and support the implementation of the company's Quality Management System.<br></p></li></ul><h2>Requirements</h2><ul><li><p>High School, Diploma, or Bachelor's Degree in Mechanical Engineering, Civil Engineering, Industrial Engineering, Architecture, or a related field.</p></li><li><p>Minimum 3 years of experience as a CAD Designer, Draftsman, Design Engineer, or similar role.</p></li><li><p>Proficient in AutoCAD and other CAD software (SolidWorks, Inventor, Revit, Tekla, or similar applications are an advantage).</p></li><li><p>Strong ability to read and interpret technical drawings and engineering specifications.</p></li><li><p>Experience in manufacturing, construction, or engineering industries is preferred.</p></li><li><p>Familiarity with production planning, material requirements planning (MRP), and inventory management is an advantage.</p></li><li><p>Good understanding of manufacturing processes and production workflows.</p></li><li><p>Proficient in Microsoft Office applications.</p></li><li><p>Strong communication skills in English (written and verbal).</p></li><li><p>Excellent analytical, problem-solving, and organizational skills.</p></li><li><p>Able to work independently and collaboratively in a fast-paced environment.</p></li><li><p>Preferably stay or domicile in Batam.</p></li></ul><p><br></p><h2>Personal Characteristics</h2><ul><li><p>Detail-oriented and highly accurate.</p></li><li><p>Strong analytical and critical thinking skills.</p></li><li><p>Proactive and solution-oriented.</p></li><li><p>Good communication and interpersonal skills.</p></li><li><p>Able to manage multiple tasks and deadlines effectively.</p></li><li><p>Cooperative, adaptable, and willing to learn.</p></li></ul><p><br></p>","https://id.jobstreet.com/job/92478936"
"92479148","Drafter (Architecture & 3D Visualization)","Vienna Lux Cooperation","Bali","Rp 4.000.000 – Rp 5.000.000 per month","Full time","Design & Architecture","Architectural Drafting","2026-06-03T02:18:32.000Z","Responsibilities Create, revise, and develop architectural plans, technical drawings, and drafting documentation. Implement specifications and design directions from Architects and Engineers. Produce 3D models and renderings to support design visualization and presentations. Ensure drawings comply with architectural drawing standards and basic construction detailing. Cross-check drawing accuracy, dimensions, and technical information to minimize errors. Coordinate with internal teams to ensure project requirements and revisions are properly implemented. Proactively ask questions and verify unclear information to maintain drawing accuracy and quality. Support project documentation using design software and productivity tools, including AI-based tools where applicable. Requirements Diploma/Bachelor’s Degree in Architecture, Civil Engineering, Drafting, Technical Drawing, or equivalent. Minimum 1–2 years of experience as a Drafter, Architectural Drafter, or similar role. Strong understanding of architectural drawing standards and basic construction detailing. Basic understanding of building construction methods and materials. Detail-oriented with strong problem-solving and communication skills. Proactive, collaborative, and able to work effectively in a fast-paced environment.","<h2>Responsibilities</h2><ul><li><p>Create, revise, and develop architectural plans, technical drawings, and drafting documentation.</p></li><li><p>Implement specifications and design directions from Architects and Engineers.</p></li><li><p>Produce 3D models and renderings to support design visualization and presentations.</p></li><li><p>Ensure drawings comply with architectural drawing standards and basic construction detailing.</p></li><li><p>Cross-check drawing accuracy, dimensions, and technical information to minimize errors.</p></li><li><p>Coordinate with internal teams to ensure project requirements and revisions are properly implemented.</p></li><li><p>Proactively ask questions and verify unclear information to maintain drawing accuracy and quality.</p></li><li><p>Support project documentation using design software and productivity tools, including AI-based tools where applicable.</p></li></ul><h2>Requirements</h2><ul><li><p>Diploma/Bachelor’s Degree in Architecture, Civil Engineering, Drafting, Technical Drawing, or equivalent.</p></li><li><p>Minimum <strong>1–2 years of experience</strong> as a Drafter, Architectural Drafter, or similar role.</p></li><li><p>Strong understanding of architectural drawing standards and basic construction detailing.</p></li><li><p>Basic understanding of building construction methods and materials.</p></li><li><p>Detail-oriented with strong problem-solving and communication skills.</p></li><li><p>Proactive, collaborative, and able to work effectively in a fast-paced environment.</p></li></ul><p><br></p>","https://id.jobstreet.com/job/92479148"
"92463543","NetSuite Technical Consultant","PT Hand Solutions Indonesia","Central Jakarta, Jakarta",,"Full time","Information & Communication Technology","Consultants","2026-06-03T02:27:41.000Z","NetSuite Technical Consultant Job Requirements: · Bachelor’s degree or above in Computer Science, Software Engineering, Information Management and Information Systems, or related fields. · At least 1 year of experience in NetSuite implementation or technical development, with familiarity in NetSuite modules and functionalities. · Strong communication skills and a collaborative team spirit, with the ability to work effectively with cross-functional and multinational teams. · Excellent analytical and problem-solving abilities, with the capability to work independently under pressure. · Understanding of ERP business processes, including Finance, Procurement, Sales, Inventory, and Supply Chain Management. · Good command of written and reading English. Job DESK: 1. Responsible for NetSuite system customization, secondary development, and optimization to ensure the system meets business requirements. 2. Develop system integrations to ensure seamless connectivity between NetSuite and third-party systems (such as e-commerce platforms, WMS, CRM, banking systems, etc.). 3. Handle data migration, system testing, performance optimization, and issue troubleshooting to ensure system stability. 4. Prepare technical documentation, interface specifications, and user manuals to ensure standardized project delivery. 5. Maintain effective communication with project managers, functional consultants, and clients, and provide professional technical solutions.","<p><strong>NetSuite Technical Consultant</strong></p><p><br><strong>Job Requirements:</strong><br><br>· Bachelor’s degree or above in Computer Science, Software Engineering, Information Management and Information Systems, or related fields.<br><br>· At least 1 year of experience in NetSuite implementation or technical development, with familiarity in NetSuite modules and functionalities.<br><br>· Strong communication skills and a collaborative team spirit, with the ability to work effectively with cross-functional and multinational teams.<br><br>· Excellent analytical and problem-solving abilities, with the capability to work independently under pressure.<br><br>· Understanding of ERP business processes, including Finance, Procurement, Sales, Inventory, and Supply Chain Management.<br><br>· Good command of written and reading English.<br><br><br><br><strong>Job DESK:</strong><br><br>1. Responsible for NetSuite system customization, secondary development, and optimization to ensure the system meets business requirements.<br><br>2. Develop system integrations to ensure seamless connectivity between NetSuite and third-party systems (such as e-commerce platforms, WMS, CRM, banking systems, etc.).<br><br>3. Handle data migration, system testing, performance optimization, and issue troubleshooting to ensure system stability.<br><br>4. Prepare technical documentation, interface specifications, and user manuals to ensure standardized project delivery.<br><br>5. Maintain effective communication with project managers, functional consultants, and clients, and provide professional technical solutions.<br></p><p><br></p>","https://id.jobstreet.com/job/92463543"
"92457600","Full Stack Developer","PT Emmerick Indonesia Jaya","Jakarta",,"Full time","Information & Communication Technology","Developers/Programmers","2026-06-02T04:13:04.000Z","Job Description Design, develop, test, deploy, and maintain web-based applications and digital solutions for Oil & Gas industry projects. Collaborate with business analysts, project managers, engineers, and end-users to gather requirements and translate them into technical solutions. Develop responsive front-end applications and robust back-end services using modern development frameworks and technologies. Design and manage databases, APIs, and system integrations with enterprise applications such as ERP, CMMS, Asset Management Systems, and other operational platforms. Participate in system architecture design, code reviews, troubleshooting, debugging, and performance optimization. Develop dashboards, reporting tools, and data visualization solutions to support operational and business decision-making. Prepare technical documentation, user guides, and system design specifications. Support digital transformation initiatives, including Industrial IoT, data analytics, asset management, and operational excellence programs within the Oil & Gas sector. Requirements Bachelor's degree in Computer Science, Information Technology, Software Engineering, or a related discipline. Minimum 3–7 years of experience in Full Stack Development. Strong proficiency in front-end technologies such as HTML5, CSS3, JavaScript, TypeScript, React, Angular, Vue.js, or equivalent frameworks. Strong proficiency in back-end development using Node.js, .NET, Java, Python, PHP, or equivalent technologies. Hands-on experience with relational databases such as SQL Server, PostgreSQL, MySQL, or Oracle. Familiarity with Oil & Gas business processes, asset management, maintenance management, reliability engineering, or operational data systems is preferred. Proficiency in data analytics, reporting tools, and dashboard development using Power BI or similar platforms is an advantage. Strong analytical, problem-solving, and communication skills. Ability to work effectively in a consulting environment with multiple stakeholders and project teams. Fluent in English, both written and spoken.","<h2>Job Description</h2><ul><li><p>Design, develop, test, deploy, and maintain web-based applications and digital solutions for Oil &amp; Gas industry projects.</p></li><li><p>Collaborate with business analysts, project managers, engineers, and end-users to gather requirements and translate them into technical solutions.</p></li><li><p>Develop responsive front-end applications and robust back-end services using modern development frameworks and technologies.</p></li><li><p>Design and manage databases, APIs, and system integrations with enterprise applications such as ERP, CMMS, Asset Management Systems, and other operational platforms.</p></li><li><p>Participate in system architecture design, code reviews, troubleshooting, debugging, and performance optimization.</p></li><li><p>Develop dashboards, reporting tools, and data visualization solutions to support operational and business decision-making.</p></li><li><p>Prepare technical documentation, user guides, and system design specifications.</p></li><li><p>Support digital transformation initiatives, including Industrial IoT, data analytics, asset management, and operational excellence programs within the Oil &amp; Gas sector.</p></li></ul><h2>Requirements</h2><ul><li><p>Bachelor's degree in Computer Science, Information Technology, Software Engineering, or a related discipline.</p></li><li><p>Minimum 3–7 years of experience in Full Stack Development.</p></li><li><p>Strong proficiency in front-end technologies such as HTML5, CSS3, JavaScript, TypeScript, React, Angular, Vue.js, or equivalent frameworks.</p></li><li><p>Strong proficiency in back-end development using Node.js, .NET, Java, Python, PHP, or equivalent technologies.</p></li><li><p>Hands-on experience with relational databases such as SQL Server, PostgreSQL, MySQL, or Oracle.</p></li><li><p>Familiarity with Oil &amp; Gas business processes, asset management, maintenance management, reliability engineering, or operational data systems is preferred.</p></li><li><p>Proficiency in data analytics, reporting tools, and dashboard development using Power BI or similar platforms is an advantage.</p></li><li><p>Strong analytical, problem-solving, and communication skills.</p></li><li><p>Ability to work effectively in a consulting environment with multiple stakeholders and project teams.</p></li><li><p>Fluent in English, both written and spoken.</p></li></ul><p><br></p>","https://id.jobstreet.com/job/92457600"
"92167007","Development Support (Quality Assurance Engineer) - Outsource","Serasi Autoraya","Yogyakarta Special Region",,"Contract/Temp","Information & Communication Technology","Testing & Quality Assurance","2026-05-18T03:57:59.000Z","Requirements: Memahami konsep SDLC Pengalaman yang terbukti sebagai Quality Assurance Engineer atau peran serupa Menguasai metodologi QA, tool s dan proses software Pengalaman dalam menulis rencana tes yang jelas, ringkas dan komprehensif dan test cases Pengalaman dengan white box and black box testing Pengalaman dengan automated testing tools (Playwright) Expert dalam SQL and scripting (NodeJs, TypeScript, .Net , Python, dan lain-lain) Pengalaman dengan Agile/Scrum development process Pengalaman dengan performance dan/atau security testing (Jmeter,K6) Identikasi, mendokumentasi, dan men- track bugs Lama kontrak 6 bulan","<p><strong><em>Requirements:</em></strong></p><ul><li><p>Memahami&nbsp;konsep&nbsp;SDLC&nbsp;</p></li><li><p>Pengalaman&nbsp;yang&nbsp;terbukti&nbsp;sebagai <em>Quality&nbsp;Assurance&nbsp;Engineer</em>&nbsp;atau&nbsp;peran&nbsp;serupa&nbsp;</p></li><li><p>Menguasai&nbsp;metodologi <em>QA,&nbsp;tool</em>s&nbsp;dan&nbsp;proses <em>software</em>&nbsp;</p></li><li><p>Pengalaman&nbsp;dalam&nbsp;menulis&nbsp;rencana&nbsp;tes&nbsp;yang&nbsp;jelas,&nbsp;ringkas&nbsp;dan&nbsp;komprehensif&nbsp;dan <em>test&nbsp;cases</em>&nbsp;</p></li><li><p>Pengalaman&nbsp;dengan <em>white&nbsp;box&nbsp;and&nbsp;black&nbsp;box&nbsp;testing</em>&nbsp;</p></li><li><p>Pengalaman&nbsp;dengan <em>automated&nbsp;testing&nbsp;tools&nbsp;(Playwright)</em>&nbsp;</p></li><li><p><em>Expert</em>&nbsp;dalam <em>SQL&nbsp;and&nbsp;scripting&nbsp;(NodeJs,&nbsp;TypeScript,&nbsp;.Net</em>,&nbsp;Python,&nbsp;dan&nbsp;lain-lain)&nbsp;</p></li><li><p>Pengalaman&nbsp;dengan <em>Agile/Scrum&nbsp;development&nbsp;process</em>&nbsp;</p></li><li><p>Pengalaman&nbsp;dengan <em>performance</em>&nbsp;dan/atau <em>security&nbsp;testing&nbsp;(Jmeter,K6)</em>&nbsp;</p></li><li><p>Identikasi,&nbsp;mendokumentasi, dan&nbsp;men-<em>track&nbsp;bugs</em>&nbsp;</p></li><li><p>Lama kontrak 6 bulan</p></li></ul><p><br></p>","https://id.jobstreet.com/job/92167007"
"92132347","Product Engineer","Catalyst Psychology & HR Management Services","Bekasi, West Java","Rp 6.000.000 – Rp 6.600.000 per month","Full time","Engineering","Mechanical Engineering","2026-05-15T04:05:12.000Z","Catalyst is supporting TASS Engineering in hiring a highly driven and resilient Product Engineer who thrives in a dynamic, hands-on engineering environment. This role requires not only strong technical capability, but also energy, persistence, and the ability to perform under pressure while continuously learning and improving. Responsibilities Design and develop truck attachments and supporting equipment for agriculture, mining, and construction sectors Create, review, and refine 3D models and technical drawings using SolidWorks Perform engineering calculations and ensure designs meet safety, quality, and operational standards Work closely with production teams to ensure designs are practical, manufacturable, and efficient Conduct technical evaluations, prototyping, and product testing Support troubleshooting and problem-solving during product development and production stages Prepare and maintain clear and accurate technical documentation Continuously identify opportunities for design improvement and innovation Requirements Minimum D4 / Bachelor’s Degree in Mechanical Engineering Fresh graduates are welcome to apply (minimum GPA 3.30); candidates with 1–2 years of experience are preferred Proficient in SolidWorks ; familiarity with other CAD software is an advantage Strong fundamental understanding of mechanical design and engineering principles High level of energy, initiative, and learning agility Resilient, persistent, and able to work under pressure in a fast-paced environment Strong problem-solving mindset and ability to stay focused in challenging situations Able to collaborate effectively with cross-functional teams Detail-oriented with a strong sense of ownership and accountability English proficiency is a plus Willing to be placed in Tambun, Bekasi What We’re Looking For We value individuals who are: Energetic and proactive — not waiting to be told what to do Mentally tough and adaptable — able to handle challenges and tight timelines Committed to growth — eager to learn from hands-on experience Reliable under pressure — able to maintain performance in demanding situations","<p>Catalyst is supporting <strong>TASS Engineering </strong>in hiring a highly driven and resilient Product Engineer who thrives in a dynamic, hands-on engineering environment. This role requires not only strong technical capability, but also energy, persistence, and the ability to perform under pressure while continuously learning and improving.</p><hr><p><strong>Responsibilities</strong></p><ul><li><p>Design and develop truck attachments and supporting equipment for agriculture, mining, and construction sectors</p></li><li><p>Create, review, and refine 3D models and technical drawings using <strong>SolidWorks</strong></p></li><li><p>Perform engineering calculations and ensure designs meet safety, quality, and operational standards</p></li><li><p>Work closely with production teams to ensure designs are practical, manufacturable, and efficient</p></li><li><p>Conduct technical evaluations, prototyping, and product testing</p></li><li><p>Support troubleshooting and problem-solving during product development and production stages</p></li><li><p>Prepare and maintain clear and accurate technical documentation</p></li><li><p>Continuously identify opportunities for design improvement and innovation</p></li></ul><hr><p><strong>Requirements</strong></p><ul><li><p>Minimum <strong>D4 / Bachelor’s Degree in Mechanical Engineering</strong></p></li><li><p><strong>Fresh graduates are welcome to apply</strong> (minimum GPA 3.30); candidates with <strong>1–2 years of experience</strong> are preferred</p></li><li><p>Proficient in <strong>SolidWorks</strong>; familiarity with other CAD software is an advantage</p></li><li><p>Strong fundamental understanding of mechanical design and engineering principles</p></li><li><p><strong>High level of energy, initiative, and learning agility</strong></p></li><li><p><strong>Resilient, persistent, and able to work under pressure in a fast-paced environment</strong></p></li><li><p><strong>Strong problem-solving mindset and ability to stay focused in challenging situations</strong></p></li><li><p>Able to collaborate effectively with cross-functional teams</p></li><li><p>Detail-oriented with a strong sense of ownership and accountability</p></li><li><p>English proficiency is a plus</p></li><li><p>Willing to be placed in <strong>Tambun, Bekasi</strong></p></li></ul><hr><p><strong>What We’re Looking For</strong></p><p>We value individuals who are:</p><ul><li><p><strong>Energetic and proactive</strong> — not waiting to be told what to do</p></li><li><p><strong>Mentally tough and adaptable</strong> — able to handle challenges and tight timelines</p></li><li><p><strong>Committed to growth</strong> — eager to learn from hands-on experience</p></li><li><p><strong>Reliable under pressure</strong> — able to maintain performance in demanding situations</p></li></ul><p><br></p>","https://id.jobstreet.com/job/92132347"
"92167353","Cloud & DevOps Engineer","Serasi Autoraya","North Jakarta, Jakarta",,"Full time","Information & Communication Technology","Engineering - Software","2026-05-18T04:04:58.000Z","Job Description: Responsible for cloud strategy, including the process of planning, design, management, monitoring, and cloud support Identify cloud design and services according to company needs Coordinate with users to gain insights related to cloud applications and software Monitoring and providing support for the use of cloud services Develop automation system for monitoring and backup Looking for cloud-based enterprise solutions to help company performance Conducting R&D on cloud technology in accordance with IT Strategic company Create technical architecture documents for every digital product in the company Requirements: Candidate must possess at least a Bachelor's Degree, majoring in Information Technology / Information Systems / Computer Science with a minimum GPA of 3.00 out of 4.00 Having at least 1 year experience in as a Cloud DevOps Engineer, System Engineer or similar role Working knowledge of cloud infrastructure (VM, Kubernetes, Web Server, VPN, Cloud Networking, etc) Knowledge & experience in using Cloud environment (such as Azure, AWS, Google Cloud, etc) Experience handling DevOps Tools (CI/CD, Helm Chart, GitOps, IAC, Observability, Docker, etc) Linux & Windows scripting capabilities Problem Solving Attitude, Basic knowledge on programming will be a plus Placement in North Jakarta","<p><strong><em>Job Description:</em></strong></p><ul><li><p>Responsible for cloud strategy, including the process of planning, design, management, monitoring, and cloud support</p></li><li><p>Identify cloud design and services according to company needs</p></li><li><p>Coordinate with users to gain insights related to cloud applications and software</p></li><li><p>Monitoring and providing support for the use of cloud services</p></li><li><p>Develop automation system for monitoring and backup</p></li><li><p>Looking for cloud-based enterprise solutions to help company performance</p></li><li><p>Conducting R&amp;D on cloud technology in accordance with IT Strategic company</p></li><li><p>Create technical architecture documents for every digital product in the company<br></p></li></ul><p><strong><em>Requirements:</em></strong></p><ul><li><p>Candidate must possess at least a Bachelor's Degree, majoring in Information Technology / Information Systems / Computer Science with a minimum GPA of 3.00 out of 4.00</p></li><li><p>Having at least 1 year experience in as a Cloud DevOps Engineer, System Engineer or similar role</p></li><li><p>Working knowledge of cloud infrastructure (VM, Kubernetes, Web Server, VPN, Cloud Networking, etc)</p></li><li><p>Knowledge &amp; experience in using Cloud environment (such as Azure, AWS, Google Cloud, etc)</p></li><li><p>Experience handling DevOps Tools (CI/CD, Helm Chart, GitOps, IAC, Observability, Docker, etc) Linux &amp; Windows scripting capabilities</p></li><li><p>Problem Solving Attitude, Basic knowledge on programming will be a plus</p></li><li><p>Placement in North Jakarta</p></li></ul><p><br></p>","https://id.jobstreet.com/job/92167353"
"91916025","Field Service Engineer","PT. MAGINET INDONESIA","Jakarta","Rp 11.000.000 – Rp 12.000.000 per month","Full time","Engineering","Field Engineering","2026-05-05T08:48:58.000Z","Key responsibilities and accountabilities: Act as an escalation point for hotel support helpdesks and Network Operations Team. Responds to tickets assigned to them via service desk and ensures effective resolution of faults within agreed SLAs. Maintain regular communication with customers and internal staff for all faults assigned to them. Occasionally provide telephone and email support to our clients and internal staff, as needed across the entire range of our services and solutions. Working with carriers to achieve fault resolution Occasionally provide technical support and solution design for our conference teams. Perform site network, hardware installation, surveys and documentation. Perform technical projects such as upgrades, new software releases, hardware swap outs as dictated by internal product development roadmap. Perform regular maintenance of the backbone network, identifying and resolving issues where possible. Document and log all activity and information using the defined tools and procedures. Developing and writing detailed process and systems documentation Maintain regular and consistent attendance and punctuality Pursue personal development of skills and knowledge necessary for the effective performance of the role. Always conduct themselves in a manner befitting the company’s image. Assist in coordinating the receipt of hardware at the office, ensuring all delivered items are validated against purchase orders/delivery docket. Provide timely updates to the Project Manager and relevant stakeholders on delivery status and discrepancies. Handle procurement activities as required. Mainly tracking shipments and liaising with vendors. Manage the sending and receiving of hardware and coordinate closely with logistics partners to ensure smooth and timely delivery operations. Competency / Performance Drivers Experience configuring and working with network devices (Cisco routers and multi-vendor switches) Networking: Switches, Routers, Hubs, Servers, Cables, Racks, Firewalls, LAN, WAN, TCP/IP, DNS, UDP, Latency, VoIP, QoS, WAN Routing: BGP, OSPF, EIGRP, MPLS Switching: VLAN config, VTP, Spanning Tree Security: IPSec, VPN, Wireless encryption MPEG compression and multicasting Experience and competency at using and administering Linux/Unix/OS X operating systems Configuring and troubleshooting wireless networks Excellent interpersonal communication and customer service skills Experience of data telecommunications products Self-disciplined and motivated Basic SQL experience, writing scripts and queries. Experience of IPTV systems (specifically DVB and Satellite technology) Security best practice/Firewall configuration and management/VPNs. Experience with BASH scripting Technical Expertise Educated to minimum Degree level or equivalent Minimum four years of experience in technical support or service related to IT / Telecoms CCNA/CCIP Qualification held Excellent English Others Abilities Ability to prioritize tasks and goals, multi-task, and organize duties with strong follow-through. Work within established procedural guidelines but feel able to suggest and implement improvements to process as necessary. Take initiative in decision-making, analyze problems and solve them creatively. Work remotely from other team members. Integrate individual work efforts to meet team objectives Ability to work with demanding customers under pressure in a positive manner; ability and desire to take ownership for customer relationships.","<p><strong>Key responsibilities and accountabilities:</strong>&nbsp;</p><ul><li><p>Act as an escalation point for hotel support helpdesks and Network Operations Team.&nbsp;</p></li><li><p>Responds to tickets assigned to them via service desk and ensures effective resolution of faults within agreed SLAs.&nbsp;</p></li><li><p>Maintain regular communication with customers and internal staff for all faults assigned to them.&nbsp;</p></li><li><p>Occasionally provide telephone and email support to our clients and internal staff, as needed across the entire range of our services and solutions.&nbsp;</p></li><li><p>Working with carriers to achieve fault resolution&nbsp;</p></li><li><p>Occasionally provide technical support and solution design for our conference teams.&nbsp;</p></li><li><p>Perform site network, hardware installation, surveys and documentation.&nbsp;&nbsp;</p></li><li><p>Perform technical projects such as upgrades, new software releases, hardware swap outs as dictated by internal product development roadmap.&nbsp;</p></li><li><p>Perform regular maintenance of the backbone network, identifying and resolving issues where possible.&nbsp;</p></li><li><p>Document and log all activity and information using the defined tools and procedures.&nbsp;</p></li><li><p>Developing and writing detailed process and systems documentation&nbsp;</p></li><li><p>Maintain regular and consistent attendance and punctuality&nbsp;</p></li><li><p>Pursue personal development of skills and knowledge necessary for the effective performance of the role.&nbsp;</p></li><li><p>Always conduct themselves in a manner befitting the company’s image.&nbsp;</p></li><li><p>Assist in coordinating the receipt of hardware at the office, ensuring all delivered items are validated against purchase orders/delivery docket. Provide timely updates to the Project Manager and relevant stakeholders on delivery status and discrepancies.&nbsp;</p></li><li><p>Handle procurement activities as required. Mainly&nbsp; tracking shipments and liaising with vendors. Manage the sending and receiving of hardware and coordinate closely with logistics partners to ensure smooth and timely delivery operations.&nbsp;</p></li></ul><p><strong>Competency / Performance Drivers</strong>&nbsp;</p><ul><li><p>Experience configuring and working with network devices (Cisco routers and multi-vendor switches)&nbsp;</p></li><li><p>Networking: Switches, Routers, Hubs, Servers, Cables, Racks, Firewalls, LAN, WAN, TCP/IP, DNS, UDP, Latency, VoIP, QoS,&nbsp;</p></li></ul><ul><li><p>WAN Routing: BGP, OSPF, EIGRP, MPLS&nbsp;</p></li></ul><ul><li><p>Switching: VLAN config, VTP, Spanning Tree&nbsp;</p></li></ul><ul><li><p>Security: IPSec, VPN, Wireless encryption&nbsp;</p></li></ul><ul><li><p>MPEG compression and multicasting&nbsp;</p></li></ul><ul><li><p>Experience and competency at using and administering Linux/Unix/OS X operating systems&nbsp;</p></li></ul><ul><li><p>Configuring and troubleshooting wireless networks&nbsp;</p></li></ul><ul><li><p>Excellent interpersonal communication and customer service skills&nbsp;</p></li></ul><ul><li><p>Experience of data telecommunications products&nbsp;</p></li></ul><ul><li><p>Self-disciplined and motivated&nbsp;</p></li></ul><ul><li><p>Basic SQL experience, writing scripts and queries.&nbsp;</p></li></ul><ul><li><p>Experience of IPTV systems (specifically DVB and Satellite technology)&nbsp;</p></li></ul><ul><li><p>Security best practice/Firewall configuration and management/VPNs.&nbsp;</p></li></ul><ul><li><p>Experience with BASH scripting&nbsp;&nbsp;</p></li></ul><p><strong>Technical Expertise</strong>&nbsp;</p><ul><li><p>Educated to minimum Degree level or equivalent&nbsp;</p></li></ul><ul><li><p>Minimum four years of experience in technical support or service related to IT / Telecoms&nbsp;</p></li></ul><ul><li><p>CCNA/CCIP Qualification held&nbsp;</p></li></ul><ul><li><p>Excellent English</p></li></ul><p><strong>Others Abilities</strong>&nbsp;</p><ul><li><p>Ability to prioritize tasks and goals, multi-task, and organize duties with strong follow-through.&nbsp;</p></li><li><p>Work within established procedural guidelines but feel able to suggest and implement improvements to process as necessary.&nbsp;&nbsp;</p></li><li><p>Take initiative in decision-making, analyze problems and solve them creatively.&nbsp;</p></li><li><p>Work remotely from other team members.&nbsp;</p></li><li><p>Integrate individual work efforts to meet team objectives&nbsp;</p></li><li><p>Ability to work with demanding customers under pressure in a positive manner; ability and desire to take ownership for customer relationships.&nbsp;</p></li></ul><p><br></p>","https://id.jobstreet.com/job/91916025"
"92494185","AI Product Manager","Averis Sdn Bhd","Medan, North Sumatra",,"Full time","Information & Communication Technology","Product Management & Development","2026-06-03T10:24:30.000Z","We are seeking an AI Product Manager to drive the adoption and delivery of AI solutions across our Indonesian operations, based in Medan. This is a field-oriented role that goes beyond conventional product management — you will interface directly with operational teams at mill sites across Indonesia, gather requirements on the ground, and work closely with our AI/DS engineering team in Kuala Lumpur to translate those needs into working products. Your portfolio will span computer vision, generative AI, and data intelligence applications. Key Responsibilities Own the product roadmap for AI solutions deployed across Indonesian operations, covering quality grading, process intelligence, and GenAI applications Conduct regular site visits to operational facilities across Indonesia to validate product performance, gather user feedback, and ensure quality of deployment Interface directly with end users and operational stakeholders to understand pain points, gather requirements, and define acceptance criteria Translate field requirements into clear product specifications, user stories, and backlog items for the engineering team Manage product backlog, coordinate sprint planning, and track delivery progress in collaboration with engineers in KL Drive GenAI initiatives including document intelligence, workflow automation, and LLM-based applications across business units Lead product rollouts and change management at operational sites — ensuring teams understand, adopt, and derive value from AI tools Prepare and maintain product documentation including release notes, SOPs, and stakeholder-facing updates Define success metrics and KPIs; monitor product outcomes and report progress to senior leadership Manage issue intake and resolution: triage feedback from the field, prioritise, and coordinate with engineering for closure Requirements: Bachelor's degree in Computer Science, Engineering, Information Systems, Business, or a related field 4–7 years in product management with meaningful exposure to AI, data, or enterprise software products Demonstrated experience gathering requirements from non-technical stakeholders and translating them into product specifications Track record managing end-to-end product delivery in a cross-functional, cross-location environment Experience conducting user research, field interviews, or usability reviews to inform product decisions Experience in or exposure to agri-industrial, manufacturing, or field-deployment contexts is an advantage Fluent in English and Bahasa Indonesia (written and spoken) Willingness to travel regularly to operational sites across Indonesia Skills (Required) Strong requirements gathering, documentation, and product specification skills Confident stakeholder management across operational, technical, and senior management audiences Familiarity with Agile ways of working: sprint planning, backlog grooming, and product roadmap management Proficiency with product and project tools (e.g., Jira, Confluence or equivalent) Familiarity with generative AI concepts — LLMs, RAG, AI agents; able to engage engineering teams as an informed partner Data-driven approach to decision making; able to define, track, and communicate product KPIs","<p>We are seeking an AI Product Manager to drive the adoption and delivery of AI solutions across our Indonesian operations, based in Medan. This is a field-oriented role that goes beyond conventional product management — you will interface directly with operational teams at mill sites across Indonesia, gather requirements on the ground, and work closely with our AI/DS engineering team in Kuala Lumpur to translate those needs into working products. Your portfolio will span computer vision, generative AI, and data intelligence applications.</p><p><strong>Key Responsibilities</strong></p><ul><li><p>Own the product roadmap for AI solutions deployed across Indonesian operations, covering quality grading, process intelligence, and GenAI applications</p></li><li><p>Conduct regular site visits to operational facilities across Indonesia to validate product performance, gather user feedback, and ensure quality of deployment</p></li><li><p>Interface directly with end users and operational stakeholders to understand pain points, gather requirements, and define acceptance criteria</p></li><li><p>Translate field requirements into clear product specifications, user stories, and backlog items for the engineering team</p></li><li><p>Manage product backlog, coordinate sprint planning, and track delivery progress in collaboration with engineers in KL</p></li><li><p>Drive GenAI initiatives including document intelligence, workflow automation, and LLM-based applications across business units</p></li><li><p>Lead product rollouts and change management at operational sites — ensuring teams understand, adopt, and derive value from AI tools</p></li><li><p>Prepare and maintain product documentation including release notes, SOPs, and stakeholder-facing updates</p></li><li><p>Define success metrics and KPIs; monitor product outcomes and report progress to senior leadership</p></li><li><p>Manage issue intake and resolution: triage feedback from the field, prioritise, and coordinate with engineering for closure</p></li></ul><p><strong>Requirements:</strong></p><ul><li><p>Bachelor's degree in Computer Science, Engineering, Information Systems, Business, or a related field</p></li></ul><ul><li><p>4–7 years in product management with meaningful exposure to AI, data, or enterprise software products</p></li><li><p>Demonstrated experience gathering requirements from non-technical stakeholders and translating them into product specifications</p></li><li><p>Track record managing end-to-end product delivery in a cross-functional, cross-location environment</p></li><li><p>Experience conducting user research, field interviews, or usability reviews to inform product decisions</p></li><li><p>Experience in or exposure to agri-industrial, manufacturing, or field-deployment contexts is an advantage</p></li></ul><ul><li><p>Fluent in English and Bahasa Indonesia (written and spoken)</p></li><li><p>Willingness to travel regularly to operational sites across Indonesia</p></li></ul><p><br></p><p><strong>Skills (Required)</strong></p><ul><li><p>Strong requirements gathering, documentation, and product specification skills</p></li><li><p>Confident stakeholder management across operational, technical, and senior management audiences</p></li><li><p>Familiarity with Agile ways of working: sprint planning, backlog grooming, and product roadmap management</p></li><li><p>Proficiency with product and project tools (e.g., Jira, Confluence or equivalent)</p></li><li><p>Familiarity with generative AI concepts — LLMs, RAG, AI agents; able to engage engineering teams as an informed partner</p></li><li><p>Data-driven approach to decision making; able to define, track, and communicate product KPIs</p></li></ul><p><br></p>","https://id.jobstreet.com/job/92494185"
"92464944","System Engineer Infra (Manage Service Engineer)","Global Infotech Solution","Central Jakarta, Jakarta","Rp 6.000.000 – Rp 7.500.000 per month","Contract/Temp","Information & Communication Technology","Engineering - Network","2026-06-02T08:00:38.000Z","About the role PT. Global Infotech Solution is seeking a talented System Engineer Infra (Manage Service Engineer) to join our team on a contract basis. In this dynamic role, you will be responsible for providing strategic, high-quality, and cost-effective infrastructure support to our clients. Based in the heart of Jakarta Pusat, Jakarta Raya, this position is crucial in ensuring the smooth and efficient operation of our clients' IT systems. What you'll be doing Manage and monitor all installed systems and infrastructure Install, configure, test and maintain operating systems, application software and system management tools Proactively ensure the highest levels of systems and infrastructure availability Monitor and test application performance for potential bottlenecks, identify possible solutions, and work with developers to implement those fixes Maintain security, backup, and redundancy strategies Write and maintain custom scripts to increase system efficiency and lower the human intervention time on any tasks Participate in the design of information and operational support systems Provide 1st layer support Liaise with vendors and other IT personnel for problem resolution What we're looking for Minimum S1 Teknik Informatika / Sistem Informasi / Teknik Komputer atau bidang terkait, sertifikasi profesional menjadi nilai tambah. Memiliki pengalaman minimal 1-3 tahun sebagai System Engineer / Infrastructure Engineer di lingkungan enterprise. Memiliki pemahaman yang kuat terkait server, storage, virtualization, operating system, dan infrastruktur IT secara umum. Berpengalaman dalam administrasi, implementasi, dan troubleshooting Operating System Windows Server, Linux, atau Unix. Memiliki kemampuan scripting/programming dasar seperti Python, PowerShell, Bash, atau Shell scripting untuk automation. Memahami konsep networking meliputi OSI Layer, TCP/IP, VLAN, Routing, Switching, dan troubleshooting jaringan. Memiliki pengalaman menangani perangkat enterprise seperti Server, SAN/NAS Storage, Backup System, Hypervisor, dan Network Devices. Memiliki kemampuan analisa, troubleshooting, dokumentasi teknis, serta komunikasi yang baik dalam mendukung operasional dan project IT infrastructure. What we offer Competitive salary and bonus structure Opportunities for professional development and growth Flexible work arrangements to support work-life balance Comprehensive health and wellness benefits Supportive and collaborative work environment About us PT. Global Infotech Solution is a leading provider of cutting-edge IT solutions and services. With a strong focus on innovation and customer satisfaction, we have established ourselves as a trusted partner for businesses across various industries. Our mission is to empower our clients with the latest technology and exceptional support, enabling them to achieve their strategic goals and stay ahead of the competition. If you're ready to join a dynamic and forward-thinking team, apply now and let's discuss how your skills and experience can contribute to our continued success.","<p><strong>About the role</strong></p><p>PT. Global Infotech Solution is seeking a talented System Engineer Infra (Manage Service Engineer) to join our team on a contract basis. In this dynamic role, you will be responsible for providing strategic, high-quality, and cost-effective infrastructure support to our clients. Based in the heart of Jakarta Pusat, Jakarta Raya, this position is crucial in ensuring the smooth and efficient operation of our clients' IT systems.</p><p><strong>What you'll be doing</strong></p><ul><li><p>Manage and monitor all installed systems and infrastructure</p></li><li><p>Install, configure, test and maintain operating systems, application software and system management tools</p></li><li><p>Proactively ensure the highest levels of systems and infrastructure availability</p></li><li><p>Monitor and test application performance for potential bottlenecks, identify possible solutions, and work with developers to implement those fixes</p></li><li><p>Maintain security, backup, and redundancy strategies</p></li><li><p>Write and maintain custom scripts to increase system efficiency and lower the human intervention time on any tasks</p></li><li><p>Participate in the design of information and operational support systems</p></li><li><p>Provide 1st layer support</p></li><li><p>Liaise with vendors and other IT personnel for problem resolution</p></li></ul><p><strong>What we're looking for</strong></p><ul><li><p>Minimum S1 Teknik Informatika / Sistem Informasi / Teknik Komputer atau bidang terkait, sertifikasi profesional menjadi nilai tambah.</p></li><li><p>Memiliki pengalaman minimal 1-3 tahun sebagai System Engineer / Infrastructure Engineer di lingkungan enterprise.</p></li><li><p>Memiliki pemahaman yang kuat terkait server, storage, virtualization, operating system, dan infrastruktur IT secara umum.</p></li><li><p>Berpengalaman dalam administrasi, implementasi, dan troubleshooting Operating System Windows Server, Linux, atau Unix.</p></li><li><p>Memiliki kemampuan scripting/programming dasar seperti Python, PowerShell, Bash, atau Shell scripting untuk automation.</p></li><li><p>Memahami konsep networking meliputi OSI Layer, TCP/IP, VLAN, Routing, Switching, dan troubleshooting jaringan.</p></li><li><p>Memiliki pengalaman menangani perangkat enterprise seperti Server, SAN/NAS Storage, Backup System, Hypervisor, dan Network Devices.</p></li><li><p>Memiliki kemampuan analisa, troubleshooting, dokumentasi teknis, serta komunikasi yang baik dalam mendukung operasional dan project IT infrastructure.</p></li></ul><p><strong>What we offer</strong></p><ul><li><p>Competitive salary and bonus structure</p></li><li><p>Opportunities for professional development and growth</p></li><li><p>Flexible work arrangements to support work-life balance</p></li><li><p>Comprehensive health and wellness benefits</p></li><li><p>Supportive and collaborative work environment</p></li></ul><p><strong>About us</strong></p><p>PT. Global Infotech Solution is a leading provider of cutting-edge IT solutions and services. With a strong focus on innovation and customer satisfaction, we have established ourselves as a trusted partner for businesses across various industries. Our mission is to empower our clients with the latest technology and exceptional support, enabling them to achieve their strategic goals and stay ahead of the competition.</p><p>If you're ready to join a dynamic and forward-thinking team, apply now and let's discuss how your skills and experience can contribute to our continued success.</p><p><br></p>","https://id.jobstreet.com/job/92464944"
"92493060","Site Engineer — Quantity Surveyor & Drafter","Jakarta Digital Nusantara","Tangerang District, Banten","Rp 6.000.000 – Rp 7.000.000 per month","Contract/Temp","Engineering","Civil/Structural Engineering","2026-06-03T09:09:37.000Z","DESKRIPSI PROYEK Pembangunan Kawasan Pergudangan Modern Lahan Seluas 60 Hektare | Sistem Swakelola (In-House) Tentang Proyek Kami adalah owner yang sedang mengembangkan kawasan pergudangan modern di lahan seluas 60 Hektare. Proyek ini dikelola secara swakelola (in-house), artinya seluruh proses perencanaan, pelaksanaan, dan pengawasan dijalankan langsung oleh tim internal kami — tanpa perantara kontraktor utama. Sistem swakelola ini memberikan lingkungan kerja yang lebih efisien, jalur komunikasi yang singkat dan langsung, serta kesempatan bagi setiap anggota tim untuk berkontribusi secara nyata terhadap keberhasilan proyek berskala besar ini. ▪ Deskripsi Singkat Posisi ini menggabungkan peran Quantity Surveyor (QS) dan Drafter dalam satu fungsi yang saling melengkapi. Anda akan mengelola aspek kuantitatif proyek sekaligus mendukung kebutuhan gambar teknis lapangan — memberikan pemahaman menyeluruh atas proyek yang sangat berharga untuk perkembangan karier di bidang konstruksi. ▪ Tanggung Jawab & Jobdesk Menyusun, memverifikasi, dan memperbarui Bill of Quantity (BOQ) serta estimasi volume pekerjaan di seluruh tahap konstruksi Melakukan opname (perhitungan volume) pekerjaan di lapangan sebagai dasar pembayaran kepada mandor atau subkontraktor Membuat dan memperbarui gambar kerja (shop drawing) menggunakan AutoCAD sesuai kondisi dan kebutuhan pelaksanaan di lapangan Menyiapkan laporan kemajuan pekerjaan secara kuantitatif (progress fisik) secara berkala Mendukung penyusunan as-built drawing (gambar terlaksana) pada akhir setiap tahap pekerjaan Berkoordinasi dengan tim QC untuk memastikan gambar pelaksanaan selalu mutakhir dan sesuai kondisi aktual Membantu Project Manager dalam penyusunan rekapitulasi dan analisa deviasi anggaran Mengarsipkan seluruh dokumen gambar dan data kuantitas secara tertib dan terstruktur ▪ Kualifikasi Pendidikan minimal D3 Teknik Sipil (minimal 2 tahun pengalaman) Menguasai AutoCAD untuk pembuatan dan modifikasi gambar teknik Mampu mengoperasikan Microsoft Excel secara lanjutan (formula, pivot, dll) untuk kalkulasi volume dan laporan Memiliki kemampuan analitis, cermat dalam perhitungan, dan terorganisir Memahami gambar kerja struktur dan arsitektur bangunan konstruksi Pengalaman di bidang Quantity Surveyor menjadi nilai tambah Penguasaan software estimasi (RAB) menjadi nilai tambah","<p><strong>DESKRIPSI PROYEK</strong></p><p><strong>Pembangunan Kawasan Pergudangan Modern</strong></p><p>Lahan Seluas 60 Hektare&nbsp; |&nbsp; Sistem Swakelola (In-House)</p><p><strong>Tentang Proyek</strong></p><p>Kami adalah owner yang sedang mengembangkan kawasan pergudangan modern di lahan seluas 60 Hektare. Proyek ini dikelola secara swakelola (in-house), artinya seluruh proses perencanaan, pelaksanaan, dan pengawasan dijalankan langsung oleh tim internal kami — tanpa perantara kontraktor utama.</p><p>Sistem swakelola ini memberikan lingkungan kerja yang lebih efisien, jalur komunikasi yang singkat dan langsung, serta kesempatan bagi setiap anggota tim untuk berkontribusi secara nyata terhadap keberhasilan proyek berskala besar ini.</p><p><br></p><p><strong>▪ Deskripsi Singkat</strong></p><p>Posisi ini menggabungkan peran Quantity Surveyor (QS) dan Drafter dalam satu fungsi yang saling melengkapi. Anda akan mengelola aspek kuantitatif proyek sekaligus mendukung kebutuhan gambar teknis lapangan — memberikan pemahaman menyeluruh atas proyek yang sangat berharga untuk perkembangan karier di bidang konstruksi.</p><p><br></p><p><strong>▪ Tanggung Jawab &amp; Jobdesk</strong></p><ul><li><p>Menyusun, memverifikasi, dan memperbarui Bill of Quantity (BOQ) serta estimasi volume pekerjaan di seluruh tahap konstruksi</p></li><li><p>Melakukan opname (perhitungan volume) pekerjaan di lapangan sebagai dasar pembayaran kepada mandor atau subkontraktor</p></li><li><p>Membuat dan memperbarui gambar kerja (shop drawing) menggunakan AutoCAD sesuai kondisi dan kebutuhan pelaksanaan di lapangan</p></li><li><p>Menyiapkan laporan kemajuan pekerjaan secara kuantitatif (progress fisik) secara berkala</p></li><li><p>Mendukung penyusunan as-built drawing (gambar terlaksana) pada akhir setiap tahap pekerjaan</p></li><li><p>Berkoordinasi dengan tim QC untuk memastikan gambar pelaksanaan selalu mutakhir dan sesuai kondisi aktual</p></li><li><p>Membantu Project Manager dalam penyusunan rekapitulasi dan analisa deviasi anggaran</p></li></ul><ul><li><p>Mengarsipkan seluruh dokumen gambar dan data kuantitas secara tertib dan terstruktur</p></li></ul><p><br></p><p><strong>▪ Kualifikasi</strong></p><ul><li><p>Pendidikan minimal D3 Teknik Sipil (minimal 2 tahun pengalaman)</p></li><li><p>Menguasai AutoCAD untuk pembuatan dan modifikasi gambar teknik</p></li><li><p>Mampu mengoperasikan Microsoft Excel secara lanjutan (formula, pivot, dll) untuk kalkulasi volume dan laporan</p></li><li><p>Memiliki kemampuan analitis, cermat dalam perhitungan, dan terorganisir</p></li><li><p>Memahami gambar kerja struktur dan arsitektur bangunan konstruksi</p></li><li><p>Pengalaman di bidang Quantity Surveyor menjadi nilai tambah</p></li><li><p>Penguasaan software estimasi (RAB) menjadi nilai tambah</p></li></ul><p><br></p>","https://id.jobstreet.com/job/92493060"
"91913004","Head of Technology","Sepulsa Technology Indonesia","South Jakarta, Jakarta",,"Full time","Information & Communication Technology","Management","2026-05-05T06:04:07.000Z","Position Summary : Head of Technology is responsible for leading and overseeing the development and implementation of technology strategies, to ensure the seamless operation of technology infrastructure & system to support the organization's business objectives. IT Strategy & Roadmap : Stay updated on the latest trends in technology and study the best ways to use this technology to increase the company revenues in coordination with executives. Constantly explore new tools and technologies to improve development efficiency and product quality Develop and lead the implementation of technical strategy and roadmap, keeping up-to-date with emerging technologies and industry trends Assessing project requirements, estimating resource needs, risk management, and aligning resources with strategic priorities outlined in the IT roadmap. IT Architecture Management Develop key technical, architectural and implementation decisions, as well as ensuring all stakeholders remain involved with discussions relating to said decisions, such as: identifying (choose the development tools, source control, logging, tests, etc.), implement, and drive the company’s technology & innovative solutions across the entire group. Design the software architecture, modules, and components; build the development roadmap, with coordination with the executives regarding priority of features; decide on coding standards and development protocols; write and manage any software related documentation (for example company internal wiki page, etc.) design the database. (This includes choosing a DB solution, designing its tables and data relations, designing it to scale, etc.) Design and implement disaster recovery and business continuity plans to minimize downtime in case of system failures, natural disasters, or cyber incidents. Overseeing the selection, deployment, and management of security technologies. IT Development Management Develop and implement technology strategies to support the organization's business objectives. Develop and implement company IT master plan and technical roadmap through a shared work breakdown structure whilst remaining in-line with business goals. Oversee the design and implementation of robust technical architectures, ensuring alignment with business requirements, security standards and industry’s best practices. Oversee the hardware & software upgrades, server and storage capacity, and network bandwidth to ensure that the organization's IT systems can operate efficiently and effectively. Oversee the installation, configuration, and maintenance of hardware, software, database, and network systems. Ensure that technology solutions are integrated and aligned with other departments and stakeholders, and meet regulatory and compliance requirements. Ensure that organization’s technology infrastructure and system are secure and protected from potential threats and vulnerabilities Bring extensive technical skills in programming and system design along with the best practices (in agile software development) knowledge to lead team members and communicate priorities clearly and effectively. Bring transparency on team progress, including blockers, highlighting technically strong areas and weaknesses, as well as opportunities and threats as and when they arise Guide the technology team to follow best practices, including agile methodologies and project management frameworks. Discover and share insights company-wide in order to continue improving the product and business as a whole Job Requirements : Min. 10 years experience of relevant field and min. 5 years as Leader/Supervisory position from total working experience Experienced in mentoring and building high performing software engineering teams focused on quality delivery at scale is prefered Experienced in high load transaction and traffic Extensive knowledge of software development methodologies, infrastructure management, and cybersecurity best practices. Experience driving digital transformation initiatives, leveraging cloud technologies, and implementing data-driven decision-making","<p><strong>Position Summary : </strong><br>Head of Technology is responsible for leading and overseeing the development and implementation of technology strategies, to ensure the seamless operation of technology infrastructure &amp; system to support the organization's business objectives.</p><p><strong>IT Strategy &amp; Roadmap :</strong></p><ul><li><p>Stay updated on the latest trends in technology and study the best ways to use this technology to increase the company revenues in coordination with executives.</p></li><li><p>Constantly explore new tools and technologies to improve development efficiency and product quality</p></li><li><p>Develop and lead the implementation of technical strategy and roadmap, keeping up-to-date with emerging technologies and industry trends</p></li><li><p>Assessing project requirements, estimating resource needs, risk management, and aligning resources with strategic priorities outlined in the IT roadmap.</p></li></ul><p><strong>IT Architecture Management</strong></p><ul><li><p>Develop key technical, architectural and implementation decisions, as well as ensuring all stakeholders remain involved with discussions relating to said decisions, such as: identifying (choose the development tools, source control, logging, tests, etc.), implement, and drive the company’s technology &amp; innovative solutions across the entire group.</p></li><li><p>Design the software architecture, modules, and components; build the development roadmap, with coordination with the executives regarding priority of features; decide on coding standards and development protocols; write and manage any software related documentation (for example company internal wiki page, etc.) design the database. (This includes choosing a DB solution, designing its tables and data relations, designing it to scale, etc.)</p></li><li><p>Design and implement disaster recovery and business continuity plans to minimize downtime in case of system failures, natural disasters, or cyber incidents.</p></li><li><p>Overseeing the selection, deployment, and management of security technologies.</p></li></ul><p><br></p><p><strong>IT Development Management</strong></p><ul><li><p>Develop and implement technology strategies to support the organization's business objectives.</p></li><li><p>Develop and implement company IT master plan and technical roadmap through a shared work breakdown structure whilst remaining in-line with business goals.</p></li><li><p>Oversee the design and implementation of robust technical architectures, ensuring alignment with business requirements, security standards and industry’s best practices.</p></li></ul><ul><li><p>Oversee the hardware &amp; software upgrades, server and storage capacity, and network bandwidth to ensure that the organization's IT systems can operate efficiently and effectively.</p></li><li><p>Oversee the installation, configuration, and maintenance of hardware, software, database, and network systems.</p></li><li><p>Ensure that technology solutions are integrated and aligned with other departments and stakeholders, and meet regulatory and compliance requirements.</p></li><li><p>Ensure that organization’s technology infrastructure and system are secure and protected from potential threats and vulnerabilities</p></li><li><p>Bring extensive technical skills in programming and system design along with the best practices (in agile software development) knowledge to lead team members and communicate priorities clearly and effectively.</p></li><li><p>Bring transparency on team progress, including blockers, highlighting technically strong areas and weaknesses, as well as opportunities and threats as and when they arise</p></li><li><p>Guide the technology team to follow best practices, including agile methodologies and project management frameworks.</p></li><li><p>Discover and share insights company-wide in order to continue improving the product and business as a whole</p></li></ul><p><br></p><p><strong>Job Requirements :</strong></p><ul><li><p>Min. 10 years experience of relevant field and min. 5 years as Leader/Supervisory position from total working experience</p></li><li><p>Experienced in mentoring and building high performing software engineering teams focused on quality delivery at scale is prefered</p></li><li><p>Experienced in high load transaction and traffic</p></li><li><p>Extensive knowledge of software development methodologies, infrastructure management, and cybersecurity best practices.&nbsp;</p></li><li><p>Experience driving digital transformation initiatives, leveraging cloud technologies, and implementing data-driven decision-making</p></li></ul><p><br></p>","https://id.jobstreet.com/job/91913004"
"92493773","INDUSTRIAL ENGINEER (REFA) - STAFF","Ara Shoes Indonesia","Central Java",,"Full time","Engineering","Industrial Engineering","2026-06-03T09:42:54.000Z","About the role PT ara Shoes Indonesia is seeking an experienced Industrial Engineer (REFA Staff) with footwear industry experience to join our Engineering team in Central Java. The role focuses on improving processes, analyzing workflows, and driving continuous improvement in footwear manufacturing to support quality, efficiency, and production targets. Key responsibilities Analyze and optimize production processes to improve efficiency, reduce costs, and boost productivity. Use data-driven insights to identify trends, improvement opportunities, and support decision-making. Manage, calculate, and validate Standard Production Minutes (SMV/SMK) for all production articles. Perform work minutes calculation, including capacity, output, and manpower requirements. Organizing lay out production to ensure optimal efficiency and effectiveness. Conduct Line Balancing to ensure optimal workflow and eliminate bottlenecks. Design systems and workflows that support lean, efficient, and agile operations. Collaborate with cross-functional teams to align engineering solutions with overall business strategy. What we're looking for Bachelor of Industrial Engineering or related field. Minimum 3 years of footwear industry experience. Exposure in IE project (One Pair System, etc.) Experienced with AutoCAD software. Hands on in shoe process development Analyze and addressing problem solving in production process. Proactive, communicative, resilient, attitude, and composure personality. Ability to establish priorities and time management. About us PT Ara Shoes Indonesia is a German foreign investment (PMA) company operating in the footwear manufacturing industry. We are committed to comfort and quality, as well as continuous improvement across all operational processes. We uphold efficiency, workplace safety, and employee development, while fostering a collaborative and professional work culture. Apply now If you are an Industrial Engineer (REFA Staff) with skills and experience in the footwear industry, we invite you to join our team. Please submit your application.","<p><strong>About the role</strong><br><br>PT ara Shoes Indonesia is seeking an experienced Industrial Engineer (REFA Staff) with footwear industry experience to join our Engineering team in Central Java. The role focuses on improving processes, analyzing workflows, and driving continuous improvement in footwear manufacturing to support quality, efficiency, and production targets.</p><p><strong>Key responsibilities</strong></p><ul><li><p>Analyze and optimize production processes to improve efficiency, reduce costs, and boost productivity.</p></li><li><p>Use data-driven insights to identify trends, improvement opportunities, and support decision-making.</p></li><li><p>Manage, calculate, and validate Standard Production Minutes (SMV/SMK) for all production articles.</p></li><li><p>Perform work minutes calculation, including capacity, output, and manpower requirements.</p></li><li><p>Organizing lay out production to ensure optimal efficiency and effectiveness.</p></li><li><p>Conduct Line Balancing to ensure optimal workflow and eliminate bottlenecks.</p></li><li><p>Design systems and workflows that support lean, efficient, and agile operations.</p></li><li><p>Collaborate with cross-functional teams to align engineering solutions with overall business strategy.</p></li></ul><p><strong>What we're looking for</strong></p><ul><li><p>Bachelor of Industrial Engineering or related field.</p></li><li><p>Minimum 3 years of footwear industry experience.</p></li><li><p>Exposure in IE project (One Pair System, etc.)</p></li><li><p>Experienced with AutoCAD software.</p></li><li><p>Hands on in shoe process development</p></li><li><p>Analyze and addressing problem solving in production process.</p></li><li><p>Proactive, communicative, resilient, attitude, and composure personality.</p></li><li><p>Ability to establish priorities and time management.</p></li></ul><p><strong>About us</strong><br>PT Ara Shoes Indonesia is a German foreign investment (PMA) company operating in the footwear manufacturing industry. We are committed to comfort and quality, as well as continuous improvement across all operational processes. We uphold efficiency, workplace safety, and employee development, while fostering a collaborative and professional work culture.</p><p><strong>Apply now</strong><br>If you are an Industrial Engineer (REFA Staff) with skills and experience in the footwear industry, we invite you to join our team. Please submit your application.</p><p><br></p>","https://id.jobstreet.com/job/92493773"
"91905680","Senior Full Stack Developer","AME Group","South Jakarta, Jakarta","Rp 12.000.000 – Rp 18.000.000 per month","Full time","Information & Communication Technology","Developers/Programmers","2026-05-05T02:49:50.000Z","About AME Group AME Group is a leading provider of consulting and research services to the Metals & Mining and Coal & Consumable Fuels industries. Drawing on more than 50 years of industry expertise, we deliver bespoke consulting engagements, subscription research, and software-as-a-service products to clients globally. Our Jakarta office houses a well-established team of approximately 30 staff and is one of the AME’s key global research hubs. Form this office we deliver consulting services to clients across Indonesia and South East Asia, while contributing to AME's worldwide research output. What We Do: Expand research capabilities in renewables, battery metals, transition commodities, and new energy sectors like hydrogen. Analyze individual projects such as solar farms, mines, and infrastructure operations to deliver economic and planning insights. Build industry and plant engineering models and catalog carbon emission data using technical papers, production data, financial metrics, surveys, and site visits. About the Role We’re seeking an experienced Full Stack Developer to join our development team, responsible for designing, building, and maintaining robust web applications. You’ll work primarily with .NET 8+ on the backend and Angular on the frontend, building scalable and maintainable applications that power critical business functions and customer experience. This role involves collaborating with cross-functional teams to deliver features end-to-end, optimize performance, and contribute to ongoing maintenance and improvement. Key Responsibilities Design, develop, and maintain web applications using .NET 8 and Angular. Write clean, maintainable following best practices Build and consume RESTful APIs and integrate third-party services. Participate in architectural discussions and decisions; contribute to evolving system design and patterns. Identify and implement optimizations for application performance, scalability, and security. Work closely with product owners, QA engineers, and other developers to plan and deliver features. Diagnose, debug, and resolve issues in production and staging environments. Qualifications Bachelor’s degree in Computer Science, Software Engineering, or a related field (or equivalent practical experience). 3–5+ years of professional experience in full-stack web application development. Proven experience delivering production-ready .NET applications. Strong understanding of front-end development practices with Angular or similar frameworks. Technical Skills: Backend: .NET 8, C#, Entity Framework Core Frontend: Angular (modern versions v14+ preferred), TypeScript, HTML5, SCSS/CSS RESTful API design and integration DevOps: Git, CI/CD pipelines, build and release management Layered architecture, dependency injection, clean architecture principles Nice to Have : Experience with SignalR or real-time web applications Experience maintaining and modernizing legacy .NET applications, including refactoring and improving existing codebases. Soft Skills : Strong analytical and problem-solving skills Attention to detail and commitment to quality Ability to work in an agile, iterative development environment What We Offer: Modern, central office near to public transport and key amenities Competitive salary","<p><strong>About AME Group</strong></p><p>AME Group is a leading provider of consulting and research services to the Metals &amp; Mining and Coal &amp; Consumable Fuels industries. Drawing on more than 50 years of industry expertise, we deliver bespoke consulting engagements, subscription research, and software-as-a-service products to clients globally.</p><p>Our Jakarta office houses a well-established team of approximately 30 staff and is one of the AME’s key global research hubs. Form this office we deliver consulting services to clients across Indonesia and South East Asia, while contributing to AME's worldwide research output.</p><p><strong>What We Do:</strong></p><ul><li><p>Expand research capabilities in renewables, battery metals, transition commodities, and new energy sectors like hydrogen.</p></li><li><p>Analyze individual projects such as solar farms, mines, and infrastructure operations to deliver economic and planning insights.</p></li><li><p>Build industry and plant engineering models and catalog carbon emission data using technical papers, production data, financial metrics, surveys, and site visits.</p></li></ul><p><br><strong>About the Role</strong></p><p>We’re seeking an experienced Full Stack Developer to join our development team, responsible for designing, building, and maintaining robust web applications. You’ll work primarily with .NET 8+ on the backend and Angular on the frontend, building scalable and maintainable applications that power critical business functions and customer experience. This role involves collaborating with cross-functional teams to deliver features end-to-end, optimize performance, and contribute to ongoing maintenance and improvement.</p><p><strong>Key Responsibilities</strong></p><ul><li><p>Design, develop, and maintain web applications using .NET 8 and Angular.</p></li><li><p>Write clean, maintainable following best practices</p></li><li><p>Build and consume RESTful APIs and integrate third-party services.</p></li><li><p>Participate in architectural discussions and decisions; contribute to evolving system design and patterns.</p></li><li><p>Identify and implement optimizations for application performance, scalability, and security.</p></li><li><p>Work closely with product owners, QA engineers, and other developers to plan and deliver features.</p></li><li><p>Diagnose, debug, and resolve issues in production and staging environments.</p></li></ul><p><strong>Qualifications</strong></p><ul><li><p>Bachelor’s degree in Computer Science, Software Engineering, or a related field (or equivalent practical experience).</p></li><li><p>3–5+ years of professional experience in full-stack web application development.</p></li><li><p>Proven experience delivering production-ready .NET applications.</p></li><li><p>Strong understanding of front-end development practices with Angular or similar frameworks.</p></li></ul><p><strong>Technical Skills:</strong></p><ul><li><p>Backend: .NET 8, C#, Entity Framework Core</p></li><li><p>Frontend: Angular (modern versions v14+ preferred), TypeScript, HTML5, SCSS/CSS</p></li><li><p>RESTful API design and integration</p></li><li><p>DevOps: Git, CI/CD pipelines, build and release management</p></li><li><p>Layered architecture, dependency injection, clean architecture principles</p></li></ul><p><strong>Nice to Have</strong>:</p><ul><li><p>Experience with SignalR or real-time web applications</p></li><li><p>Experience maintaining and modernizing legacy .NET applications, including refactoring and improving existing codebases.</p></li></ul><p><strong>Soft Skills :</strong></p><ul><li><p>Strong analytical and problem-solving skills</p></li><li><p>Attention to detail and commitment to quality</p></li><li><p>Ability to work in an agile, iterative development environment</p></li></ul><p><strong>What We Offer:</strong></p><ul><li><p>Modern, central office near to public transport and key amenities</p></li><li><p>Competitive salary</p></li></ul><p><br></p>","https://id.jobstreet.com/job/91905680"
"92377120","Software & PLC Programmer","TCT Automation","Karawang, West Java",,"Full time","Engineering","Electrical/Electronic Engineering","2026-05-28T03:01:44.000Z","Deskripsi pekerjaan: Bertanggung jawab atas pemrograman PLC/HMI mesin untuk proyek otomasi dan sistem yang di kembangkan. Bertanggung jawab untuk pemasangan dan commisioning ke lokasi mesin bersama dengan anggota tim mekanik. Persyaratan: Berpengalaman di bidangnya minimal 5 Tahun Lulusan D3 atau S1 Jurusan Electrical / electronic. Bisa membuat Wiring Diagram Mesin sesuai permintaan customer ( SPM ) Bisa membuat Ladder Diagram ( Program Mesin ). Familiar dengan PLC ( Omron, Mitsubishi, HMI Program ). Pengalaman pembuatan Control Panel Mesin ( SPM ). Mengerti Flow Konsep yang di minta Customer. Bisa bekerja dengan Team. Bisa bekerja di bawah tekanan. Bisa berkomunikasi dengan baik (Komunikatif). Bersedia di tempatkan di Karawang / Kelapa Gading.","<p><strong>Deskripsi pekerjaan:</strong><br></p><ul><li><p>Bertanggung jawab atas pemrograman PLC/HMI mesin untuk proyek otomasi dan sistem yang di kembangkan.</p></li><li><p>Bertanggung jawab untuk pemasangan dan commisioning ke lokasi mesin bersama dengan anggota tim mekanik.</p></li></ul><p><br><strong>Persyaratan:</strong></p><ul><li><p>Berpengalaman di bidangnya minimal 5 Tahun</p></li><li><p>Lulusan D3 atau S1 Jurusan Electrical / electronic.</p></li><li><p>Bisa membuat Wiring Diagram Mesin sesuai permintaan customer ( SPM )</p></li><li><p>Bisa membuat Ladder Diagram ( Program Mesin ).</p></li><li><p>Familiar dengan PLC ( Omron, Mitsubishi, HMI Program ).</p></li><li><p>Pengalaman pembuatan Control Panel Mesin ( SPM ).</p></li><li><p>Mengerti Flow Konsep yang di minta Customer.</p></li><li><p>Bisa bekerja dengan Team.</p></li><li><p>Bisa bekerja di bawah tekanan.</p></li><li><p>Bisa berkomunikasi dengan baik (Komunikatif).</p></li><li><p>Bersedia di tempatkan di Karawang / Kelapa Gading.</p></li></ul><p><br></p>","https://id.jobstreet.com/job/92377120"
"92343094","Electrical Engineering","PT Byte Beyond Persona","Tangerang Regency, Banten","Rp 5.000.000 – Rp 6.000.000 per month","Full time","Engineering","Electrical/Electronic Engineering","2026-05-26T07:36:38.000Z","Kualifikasi Pendidikan minimal S1 Teknik Elektro atau jurusan terkait. Memiliki pengalaman minimal 1 tahun di bidang konsultan MEP atau pekerjaan electrical project (fresh graduate dipertimbangkan dengan portofolio). Memahami sistem kelistrikan gedung maupun industri (arus kuat). Mahir menggunakan software CAD, terutama AutoCAD (AutoCAD Electrical menjadi nilai tambah). Memahami standar kelistrikan nasional seperti SNI, PUIL, dan standar keselamatan kerja (K3). Mampu membaca dan memahami gambar teknik, wiring diagram, serta schematic electrical. Memiliki pengetahuan tentang komponen listrik seperti MCB, MCCB, relay, kontaktor, panel listrik, ATS, dan genset. Memiliki kemampuan analisa, problem solving, dan troubleshooting yang baik. Mampu bekerja di bawah tekanan dan memenuhi deadline proyek. Mampu bekerja secara individu maupun dalam tim dengan komunikasi yang baik. Bersedia bekerja di lapangan maupun proyek jika dibutuhkan. Memiliki ketelitian tinggi, disiplin, dan bertanggung jawab terhadap pekerjaan Tugas & Tanggung Jawab Merancang, membuat, dan mengembangkan gambar kerja sistem kelistrikan proyek (shop drawing dan as-built drawing). Melakukan perhitungan teknis seperti beban listrik, kapasitas kabel, daya terpasang, dan kebutuhan sistem kelistrikan lainnya. Menyusun desain sistem kelistrikan sesuai standar teknis dan kebutuhan proyek. Berkoordinasi dengan tim MEP, arsitek, dan tim proyek lainnya untuk memastikan kesesuaian desain. Mengawasi implementasi desain kelistrikan di lapangan agar sesuai dengan gambar kerja. Melakukan inspeksi dan pengecekan instalasi listrik di proyek. Melakukan troubleshooting terhadap gangguan atau masalah sistem kelistrikan. Melakukan instalasi, perakitan, serta pengecekan panel listrik, ATS, dan genset. Melaksanakan testing & commissioning sistem kelistrikan sebelum serah terima proyek. Memastikan seluruh pekerjaan sesuai standar SNI, PUIL, serta SOP perusahaan. Membuat laporan pekerjaan harian/mingguan serta dokumentasi teknis proyek. Memberikan solusi teknis terkait permasalahan kelistrikan di lapangan.","<h2>Kualifikasi</h2><ul><li><p>Pendidikan minimal S1 Teknik Elektro atau jurusan terkait.</p></li><li><p>Memiliki pengalaman minimal 1 tahun di bidang konsultan MEP atau pekerjaan electrical project (fresh graduate dipertimbangkan dengan portofolio).</p></li><li><p>Memahami sistem kelistrikan gedung maupun industri (arus kuat).</p></li><li><p>Mahir menggunakan software CAD, terutama AutoCAD (AutoCAD Electrical menjadi nilai tambah).</p></li><li><p>Memahami standar kelistrikan nasional seperti SNI, PUIL, dan standar keselamatan kerja (K3).</p></li><li><p>Mampu membaca dan memahami gambar teknik, wiring diagram, serta schematic electrical.</p></li><li><p>Memiliki pengetahuan tentang komponen listrik seperti MCB, MCCB, relay, kontaktor, panel listrik, ATS, dan genset.</p></li><li><p>Memiliki kemampuan analisa, problem solving, dan troubleshooting yang baik.</p></li><li><p>Mampu bekerja di bawah tekanan dan memenuhi deadline proyek.</p></li><li><p>Mampu bekerja secara individu maupun dalam tim dengan komunikasi yang baik.</p></li><li><p>Bersedia bekerja di lapangan maupun proyek jika dibutuhkan.</p></li><li><p>Memiliki ketelitian tinggi, disiplin, dan bertanggung jawab terhadap pekerjaan</p></li></ul><h2>Tugas &amp; Tanggung Jawab</h2><ul><li><p>Merancang, membuat, dan mengembangkan gambar kerja sistem kelistrikan proyek (shop drawing dan as-built drawing).</p></li><li><p>Melakukan perhitungan teknis seperti beban listrik, kapasitas kabel, daya terpasang, dan kebutuhan sistem kelistrikan lainnya.</p></li><li><p>Menyusun desain sistem kelistrikan sesuai standar teknis dan kebutuhan proyek.</p></li><li><p>Berkoordinasi dengan tim MEP, arsitek, dan tim proyek lainnya untuk memastikan kesesuaian desain.</p></li><li><p>Mengawasi implementasi desain kelistrikan di lapangan agar sesuai dengan gambar kerja.</p></li><li><p>Melakukan inspeksi dan pengecekan instalasi listrik di proyek.</p></li><li><p>Melakukan troubleshooting terhadap gangguan atau masalah sistem kelistrikan.</p></li><li><p>Melakukan instalasi, perakitan, serta pengecekan panel listrik, ATS, dan genset.</p></li><li><p>Melaksanakan testing &amp; commissioning sistem kelistrikan sebelum serah terima proyek.</p></li><li><p>Memastikan seluruh pekerjaan sesuai standar SNI, PUIL, serta SOP perusahaan.</p></li><li><p>Membuat laporan pekerjaan harian/mingguan serta dokumentasi teknis proyek.</p></li><li><p>Memberikan solusi teknis terkait permasalahan kelistrikan di lapangan.</p></li></ul><p><br></p>","https://id.jobstreet.com/job/92343094"
"92494403","RnD Engineering - Lamongan - WFO (ID : 690097)","PERSOL","Lamongan, East Java","Rp 5.000.000 – Rp 7.000.000 per month","Contract/Temp","Engineering","Mechanical Engineering","2026-06-03T10:12:31.000Z","The R&D Engineer is responsible for designing, developing, and improving furniture products, ensuring manufacturability, functionality, cost efficiency, and safety. The role supports new product development (NPD), process innovation, material testing, and technical problem-solving to support production and business growth. Key Responsibilities Design and develop new furniture concepts based on customer requirements, trends, ergonomics, and sustainability. Create 2D drawings and 3D models for furniture, including BOM (Bill of Materials) and production specifications. Conduct prototype development, engineering trials, and performance testing to validate design feasibility. Collaborate with production, CNC, machining, upholstery, finishing, and assembly teams to ensure designs are manufacturable and cost-effective. Identify new materials, components, hardware, and production technologies to improve product functionality and competitiveness. Lead engineering change requests (ECR) and product improvement projects for quality, durability, and cost reduction. Work closely with suppliers to source samples, custom hardware, and new materials. Analyze test results, customer feedback, and production issues to improve design robustness. Maintain design documentation, version control, and technical drawings revision history. Ensure products comply with industry standards (safety, performance, sustainability, certifications). Support costing teams by preparing costings and optimizing material consumption. Participate in furniture exhibitions, benchmarking, and trend research as reference for new developments. Requirements Education & Experience Bachelor’s degree in Mechanical Engineering, Industrial Design, Furniture Technology, Wood Science, or related field. 2–5 years experience in furniture manufacturing (solid wood, panel furniture, upholstery, modular/office furniture, etc.). Experience in prototype development and new product development is preferred. Technical Skills Proficiency in CAD software (e.g., AutoCAD, SolidWorks, SketchUp, Inventor, 3ds Max). Knowledge of CNC machining, joinery techniques, wood behavior, upholstery structures, and finishing processes. Familiarity with BOM creation, material specifications, and tolerance control. Understanding of R&D testing methods (strength testing, durability, ergonomic testing, moisture/temperature behavior).","<p>The R&amp;D Engineer is responsible for designing, developing, and improving furniture products, ensuring manufacturability, functionality, cost efficiency, and safety. The role supports new product development (NPD), process innovation, material testing, and technical problem-solving to support production and business growth.</p><hr><h2><strong>Key Responsibilities</strong></h2><ul><li><p>Design and develop new furniture concepts based on customer requirements, trends, ergonomics, and sustainability.</p></li><li><p>Create 2D drawings and 3D models for furniture, including BOM (Bill of Materials) and production specifications.</p></li><li><p>Conduct prototype development, engineering trials, and performance testing to validate design feasibility.</p></li><li><p>Collaborate with production, CNC, machining, upholstery, finishing, and assembly teams to ensure designs are manufacturable and cost-effective.</p></li><li><p>Identify new materials, components, hardware, and production technologies to improve product functionality and competitiveness.</p></li><li><p>Lead engineering change requests (ECR) and product improvement projects for quality, durability, and cost reduction.</p></li><li><p>Work closely with suppliers to source samples, custom hardware, and new materials.</p></li><li><p>Analyze test results, customer feedback, and production issues to improve design robustness.</p></li><li><p>Maintain design documentation, version control, and technical drawings revision history.</p></li><li><p>Ensure products comply with industry standards (safety, performance, sustainability, certifications).</p></li><li><p>Support costing teams by preparing costings and optimizing material consumption.</p></li><li><p>Participate in furniture exhibitions, benchmarking, and trend research as reference for new developments.</p></li></ul><hr><h2><strong>Requirements</strong></h2><p><strong>Education &amp; Experience</strong></p><ul><li><p>Bachelor’s degree in Mechanical Engineering, Industrial Design, Furniture Technology, Wood Science, or related field.</p></li><li><p>2–5 years experience in <strong>furniture manufacturing</strong> (solid wood, panel furniture, upholstery, modular/office furniture, etc.).</p></li><li><p>Experience in prototype development and new product development is preferred.</p></li></ul><p><strong>Technical Skills</strong></p><ul><li><p>Proficiency in CAD software (e.g., AutoCAD, SolidWorks, SketchUp, Inventor, 3ds Max).</p></li><li><p>Knowledge of CNC machining, joinery techniques, wood behavior, upholstery structures, and finishing processes.</p></li><li><p>Familiarity with BOM creation, material specifications, and tolerance control.</p></li><li><p>Understanding of R&amp;D testing methods (strength testing, durability, ergonomic testing, moisture/temperature behavior).</p></li></ul><p><br></p>","https://id.jobstreet.com/job/92494403"
"92466458","Drafter","Graha Sinar Mandiri","West Jakarta, Jakarta",,"Full time","Engineering","Engineering Drafting","2026-06-02T09:00:39.000Z","Tanggung Jawab Utama Membuat dan mengembangkan gambar teknis (shop drawing & as-built drawing) untuk proyek property & real estate Menyusun gambar arsitektur, struktur, dan/atau MEP sesuai kebutuhan proyek Mengubah konsep desain menjadi gambar kerja yang detail dan siap digunakan di lapangan Melakukan revisi gambar berdasarkan arahan tim Engineering, Arsitek, atau Project Manager Memastikan gambar sesuai dengan standar teknis, spesifikasi, dan peraturan yang berlaku Berkoordinasi dengan tim internal terkait untuk memastikan keakuratan dan kelengkapan gambar Mengelola dan mengarsipkan dokumen gambar proyek dengan rapi dan terstruktur Mendukung kebutuhan teknis gambar selama proses pembangunan proyek berlangsung Keterampilan dan Kualifikasi yang Dibutuhkan Pendidikan minimal SMK/D3/S1 jurusan Teknik Gambar Bangunan, Teknik Sipil, Arsitektur, atau bidang terkait Pengalaman minimal 1 tahun sebagai Drafter (diutamakan di bidang property atau konstruksi) Menguasai software gambar seperti AutoCAD (wajib); penguasaan SketchUp, Revit, atau software lain menjadi nilai tambah Memahami gambar kerja arsitektur, struktur dan/atau MEP Teliti, detail-oriented, dan mampu bekerja sesuai deadline Mampu bekerja secara mandiri maupun dalam tim Memiliki komunikasi yang baik dan bertanggung jawab Bersedia mengikuti arahan dan standar kerja perusahaan Jika Anda tertarik untuk bergabung dengan kami, silakan kirimkan resume Anda sekarang juga.","<p><strong>Tanggung Jawab Utama</strong></p><ul><li><p>Membuat dan mengembangkan gambar teknis (shop drawing &amp; as-built drawing) untuk proyek property &amp; real estate</p></li><li><p>Menyusun gambar arsitektur, struktur, dan/atau MEP sesuai kebutuhan proyek</p></li><li><p>Mengubah konsep desain menjadi gambar kerja yang detail dan siap digunakan di lapangan</p></li><li><p>Melakukan revisi gambar berdasarkan arahan tim Engineering, Arsitek, atau Project Manager</p></li><li><p>Memastikan gambar sesuai dengan standar teknis, spesifikasi, dan peraturan yang berlaku</p></li><li><p>Berkoordinasi dengan tim internal terkait untuk memastikan keakuratan dan kelengkapan gambar</p></li><li><p>Mengelola dan mengarsipkan dokumen gambar proyek dengan rapi dan terstruktur</p></li><li><p>Mendukung kebutuhan teknis gambar selama proses pembangunan proyek berlangsung</p></li></ul><p><strong>Keterampilan dan Kualifikasi yang Dibutuhkan</strong></p><ul><li><p>Pendidikan minimal SMK/D3/S1 jurusan Teknik Gambar Bangunan, Teknik Sipil, Arsitektur, atau bidang terkait</p></li><li><p>Pengalaman minimal 1 tahun sebagai Drafter (diutamakan di bidang property atau konstruksi)</p></li><li><p>Menguasai software gambar seperti AutoCAD (wajib); penguasaan SketchUp, Revit, atau software lain menjadi nilai tambah</p></li><li><p>Memahami gambar kerja arsitektur, struktur dan/atau MEP</p></li><li><p>Teliti, detail-oriented, dan mampu bekerja sesuai deadline</p></li><li><p>Mampu bekerja secara mandiri maupun dalam tim</p></li><li><p>Memiliki komunikasi yang baik dan bertanggung jawab</p></li><li><p>Bersedia mengikuti arahan dan standar kerja perusahaan</p></li></ul><p><br>Jika Anda tertarik untuk bergabung dengan kami, silakan kirimkan resume Anda sekarang juga.</p>","https://id.jobstreet.com/job/92466458"
"92494957","Associate Machine Learning Engineer","Global Ticket Network","Jakarta",,"Full time","Information & Communication Technology","Architects","2026-06-03T05:00:00.000Z","We think you also hate when travel app is giving you a headache, right? A slight misinformation can ruin the trip. That is exactly what we are tackling as t-fam! Making sure that our 50+ million users have the best experience in crafting their own adventure. Your main duties in flying with us: Within the Data Scientist team, to collaborate in delivering AI/ML products As part of the organization, to collaborate with engineers from different teams to build successful integration for AI/ML implementation Research on the latest technology to continuously improve the existing environment Expected to write architecture design and technical documentation Administer and monitor running ML services Mandatory belongings that you must prepare: Have min. 0-2 years of experience in Software Architecture, Engineering, or DevOps Experience in building ML Pipeline/ML Ops Experience in ML Production Experience with Cloud Technology, preferably Google Cloud Platform Experience in Data Processing (e.g. batch, stream) Experience in understanding the project goal and designing a suitable technical solution Proficient in programming, preferably using Python/Java Proficient in ML frameworks and libraries (e.g. Tensorflow, PyTorch) Solid understanding of Learning Concepts (e.g. supervised, unsupervised, deep learning) Good communication skills and comfortable collaborating with a cross-functional team In the event that you haven’t received any updates after 3 weeks, your data will be kept and we may contact you for another career destination. Meanwhile, discover more about tiket.com on Instagram, LinkedIn, or YouTube.","<div><div>
<p>We think you also hate when travel app is giving you a headache, right? A slight misinformation can ruin the trip.</p>
<p>That is exactly what we are tackling as t-fam! Making sure that our 50+ million users have the best experience in crafting their own adventure.</p>
<p><b><b>Your main duties in flying with us:</b></b></p>
<ul>
<li><p>Within the Data Scientist team, to collaborate in delivering AI/ML products</p></li>
<li><p>As part of the organization, to collaborate with engineers from different teams to build successful integration for AI/ML implementation</p></li>
<li><p>Research on the latest technology to continuously improve the existing environment</p></li>
<li><p>Expected to write architecture design and technical documentation</p></li>
<li><p>Administer and monitor running ML services</p></li>
</ul>
<p><b><b>Mandatory belongings that you must prepare:</b></b></p>
<ul>
<li><p>Have min. 0-2 years of experience in Software Architecture, Engineering, or DevOps</p></li>
<li><p>Experience in building ML Pipeline/ML Ops</p></li>
<li><p>Experience in ML Production</p></li>
<li><p>Experience with Cloud Technology, preferably Google Cloud Platform</p></li>
<li><p>Experience in Data Processing (e.g. batch, stream)</p></li>
<li><p>Experience in understanding the project goal and designing a suitable technical solution</p></li>
<li><p>Proficient in programming, preferably using Python/Java</p></li>
<li><p>Proficient in ML frameworks and libraries (e.g. Tensorflow, PyTorch)</p></li>
<li><p>Solid understanding of Learning Concepts (e.g. supervised, unsupervised, deep learning)</p></li>
<li><p>Good communication skills and comfortable collaborating with a cross-functional team</p></li>
</ul>
<p>In the event that you haven’t received any updates after 3 weeks, your data will be kept and we may contact you for another career destination. Meanwhile, discover more about tiket.com on Instagram, LinkedIn, or YouTube.<br></p>
</div></div>","https://id.jobstreet.com/job/92494957"
"92310626","Production Engineering","Surya Toto Indonesia","Tangerang, Banten",,"Full time","Manufacturing, Transport & Logistics","Production, Planning & Scheduling","2026-05-25T04:35:16.000Z","Kualifikasi: Minimal S1 Teknik Metalurgi (min. GPA: 3.30) Memiliki pengalaman bekerja/magang setidaknya 1-2 Tahun di bidang yang sama/relevan. Memahami metode lean manufacturing, sistem otomasi & karakuri. Menguasai proses casting LPDC (pembuatan & modifikasi jig/fixture, time study, analisis defect, dan penerapan K3). Mampu membaca gambar teknik (blue print), melakukan instalasi & set-up mesin baru. Memahami Software Gambar Teknik. Penempatan: Unit Pabrik Serpong, Tangerang","<p><strong>Kualifikasi:</strong></p><ol><li><p>Minimal S1 Teknik Metalurgi (min. GPA: 3.30)</p></li><li><p>Memiliki pengalaman bekerja/magang setidaknya 1-2 Tahun di bidang yang sama/relevan.</p></li><li><p>Memahami metode lean manufacturing, sistem otomasi &amp; karakuri.</p></li><li><p>Menguasai proses casting LPDC (pembuatan &amp; modifikasi jig/fixture, time study, analisis defect, dan penerapan K3).</p></li><li><p>Mampu membaca gambar teknik (blue print), melakukan instalasi &amp; set-up mesin baru.</p></li><li><p>Memahami Software Gambar Teknik.</p></li><li><p>Penempatan: Unit Pabrik Serpong, Tangerang</p></li></ol><p><br></p>","https://id.jobstreet.com/job/92310626"
"92217109","Quality Engineer (for lead improvement project)","PT BizLink Technology Indonesia","Batam, Riau Islands",,"Contract/Temp","Construction","Quality Assurance & Control","2026-05-20T01:38:01.000Z","Job Summary: A quality engineer (Continuous Improvement Engineer) responsible for the execution of DMAIC projects, driving data-driven improvements, mentoring Green & Yellow Belts, and mitigating impediments. Operating under the direction of a Champion, they manage the scope of the project, team dynamics, and technical analysis to attain quantifiable financial or operational outcomes. Duties/Responsibilities: Project Leadership: Lead end-to-end DMAIC (Define, Measure, Analyze, Improve, Control) projects to achieve specific cost-saving and quality goals. Data Analysis & Tools: Utilize Six Sigma tools (statistical analysis, root cause analysis, Kaizen) to identify inefficiencies and validate improvements. Stakeholder Management: Act as a liaison between project sponsors (Champions) and team members, mediating conflict and reducing resistance. Team Development: Coach, train, and mentor Green Belts, Yellow Belts, and team members in Lean Six Sigma methodologies. Documentation & Reporting: Create project charters, document process improvements, and present progress/results to leadership. Controlling the KPI of the quality assurance department. Required Skills/Abilities: Minimum Lean Six Sigma Green Belt Certification from a recognized body (e.g., ASQ, IASSC). Bachelor’s degree in electrical engineering, industrial engineering, or a related technical field with a minimum GPA of 3.0/4.0. Minimum of five years of experience in electronics manufacturing, specifically with cable assembly or interconnect solutions. Advanced skills in Minitab or similar statistical software. Ability to influence engineering and production staff to adopt new workflows. Ability to translate complex data sets into actionable process improvements. Excellent written and verbal communication skills for reporting, documentation, and collaboration. Excellent verbal, read and written communication skills in Indonesian and English language, Mandarin is a plus. Proficiency in Microsoft Office Suite and Google Workspace. Experience with high-speed data transmission standards and testing protocols (e.g., signal integrity, impedance testing). Ability to work independently and in a team with minimal supervision. Certified internal auditor of ISO 9001, IATF 16949, and ISO 13485 is a plus. A keen eye for detail is crucial for identifying defects and ensuring accuracy.","<p><strong>Job Summary:</strong></p><p>A quality engineer (Continuous Improvement Engineer) responsible for the execution of DMAIC projects, driving data-driven improvements, mentoring Green &amp; Yellow Belts, and mitigating impediments. Operating under the direction of a Champion, they manage the scope of the project, team dynamics, and technical analysis to attain quantifiable financial or operational outcomes.</p><p><br></p><p><strong>Duties/Responsibilities:</strong></p><ol><li><p>Project Leadership: Lead end-to-end DMAIC (Define, Measure, Analyze, Improve, Control) projects to achieve specific cost-saving and quality goals.</p></li><li><p>Data Analysis &amp; Tools: Utilize Six Sigma tools (statistical analysis, root cause analysis, Kaizen) to identify inefficiencies and validate improvements.</p></li><li><p>Stakeholder Management: Act as a liaison between project sponsors (Champions) and team members, mediating conflict and reducing resistance.</p></li><li><p>Team Development: Coach, train, and mentor Green Belts, Yellow Belts, and team members in Lean Six Sigma methodologies.</p></li><li><p>Documentation &amp; Reporting: Create project charters, document process improvements, and present progress/results to leadership.</p></li><li><p>Controlling the KPI of the quality assurance department.</p></li></ol><p><br></p><p><strong>Required Skills/Abilities:</strong></p><ol><li><p>Minimum Lean Six Sigma Green Belt Certification from a recognized body (e.g., ASQ, IASSC).</p></li><li><p>Bachelor’s degree in electrical engineering, industrial engineering, or a related technical field with a minimum GPA of 3.0/4.0.</p></li><li><p>Minimum of five years of experience in electronics manufacturing, specifically with cable assembly or interconnect solutions.</p></li><li><p>Advanced skills in Minitab or similar statistical software.</p></li><li><p>Ability to influence engineering and production staff to adopt new workflows.</p></li><li><p>Ability to translate complex data sets into actionable process improvements.</p></li><li><p>Excellent written and verbal communication skills for reporting, documentation, and collaboration. Excellent verbal, read and written communication skills in Indonesian and English language, Mandarin is a plus.</p></li><li><p>Proficiency in Microsoft Office Suite and Google Workspace.</p></li><li><p>Experience with high-speed data transmission standards and testing protocols (e.g., signal integrity, impedance testing).</p></li><li><p>Ability to work independently and in a team with minimal supervision.</p></li><li><p>Certified internal auditor of ISO 9001, IATF 16949, and ISO 13485 is a plus.</p></li><li><p>A keen eye for detail is crucial for identifying defects and ensuring accuracy.</p></li></ol><p><br></p>","https://id.jobstreet.com/job/92217109"
"92029460","Corporate HRIS Programmer","Wahana Duta Jaya Rucika","Jakarta",,"Full time","Information & Communication Technology","Developers/Programmers","2026-05-11T05:03:05.000Z","Responsibilities : Develop, test, and deploy software applications Perform system testing, both unit tests and system integration tests, to ensure that the application can be used and connected to other required systems. Monitor and maintain apps performance and enhancement to suit the needs of Business Requirements : Bachelor’s degree in Information Systems, Information Technology, Engineering, or a related field. Proficient in Vue.js / React.js (or similar frameworks) for front-end and Node.js (or similar) for back-end development, which is experience with web programming (PHP, JavaScript), API (REST/SOAP), NodeJS Has experience and knowledge in SQL Server/MySQL and relational database fundamentals. Experience working with external vendors, APIs, and system integrations. At least 2-4 years of Web Developer experience (with Min. 1 years HRIS / Min. 4 Project HRIS)\ Knowledge in Change Management, HR processes and systems, and other Technology (i.e AI solution, Python, C#, etc.) are a plus Excellent in communication with Team or Stakeholders Able to connect the dots and have a good strategic thinking","<p>Responsibilities :</p><ul><li><p>Develop, test, and deploy software applications</p></li><li><p>Perform system testing, both unit tests and system integration tests, to ensure that the application can be used and connected to other required systems.</p></li><li><p>Monitor and maintain apps performance and enhancement to suit the needs of Business</p></li></ul><p><br></p><p>Requirements :</p><ul><li><p>Bachelor’s degree in Information Systems, Information Technology, Engineering, or a related field.</p></li><li><p>Proficient in Vue.js / React.js (or similar frameworks) for front-end and Node.js (or similar) for back-end development, which is experience with web programming (PHP, JavaScript), API (REST/SOAP), NodeJS</p></li><li><p>Has experience and knowledge in SQL Server/MySQL and relational database fundamentals.</p></li><li><p>Experience working with external vendors, APIs, and system integrations.</p></li><li><p>At least 2-4 years of Web Developer experience (with Min. 1 years HRIS / Min. 4 Project HRIS)\</p></li><li><p>Knowledge in Change Management, HR processes and systems, and other Technology (i.e AI solution, Python, C#, etc.) are a plus</p></li><li><p>Excellent in communication with Team or Stakeholders</p></li><li><p>Able to connect the dots and have a good strategic thinking</p></li></ul><p><br></p>","https://id.jobstreet.com/job/92029460"
"91978810","SENIOR VALVE ENGINEER","Korosi Specindo","Jakarta",,"Full time","Manufacturing, Transport & Logistics","Other","2026-05-07T12:46:38.000Z","Senior Valve Engineer The Senior Valve Engineer will be responsible for the engineering design, analysis, and development of valve and piping systems. This position reports directly to the Design and Development (D&D) Manager. Responsibility: Responsible for the engineering design and calculation of valve product - including their development - compliance with the client requests and corporate product development. Design documentation according to API Q1 Provide analysis, technical assistance, clarification, consultation and recommendations of customer datasheet in the field of valve engineering or other company’s products Make key decisions on design results and design calculations within the D&D Department and its relationship with other departments Create or prepare documents related to the design being developed Ensure that the ISO 9001, ISO 45001, ISO 14001, and API Q1 management system procedures are followed properly. Requirement: Minimum 5 years of experience in the valve industry as a valve design engineer Minimum bachelor’s degree in all fields of Engineering MUST Comprehend the materials utilized in the valve. MUST HAVE knowledge and familiar with standard & code in the valve industry (ASTM, API, ASME) Have competence for API monogram products MUST Have Knowledge of assembly and testing on valves Experienced to using Solidwork and AutoCAD software MUST be able to communicate effectively in English Experience working under pressure and meeting deadlines.","<p><strong>Senior Valve Engineer</strong></p><p>The Senior Valve Engineer will be responsible for the engineering design, analysis, and development of valve and piping systems. This position reports directly to the Design and Development (D&amp;D) Manager.</p><hr><p><strong>Responsibility:</strong></p><ul><li><p>Responsible for the engineering design and calculation of valve product - including their development - compliance with the client requests and corporate product development.</p></li><li><p>Design documentation according to API Q1</p></li><li><p>Provide analysis, technical assistance, clarification, consultation and recommendations of customer datasheet in the field of valve engineering or other company’s products</p></li><li><p>Make key decisions on design results and design calculations within the D&amp;D Department and its relationship with other departments</p></li><li><p>Create or prepare documents related to the design being developed</p></li><li><p>Ensure that the ISO 9001, ISO 45001, ISO 14001, and API Q1 management system procedures are followed properly.</p></li></ul><p><strong>Requirement:</strong></p><ul><li><p>Minimum 5 years of experience in the valve industry as a valve design engineer</p></li><li><p>Minimum bachelor’s degree in all fields of Engineering</p></li><li><p>MUST Comprehend the materials utilized in the valve.</p></li><li><p>MUST HAVE knowledge and familiar with standard &amp; code in the valve industry (ASTM, API, ASME)</p></li><li><p>Have competence for API monogram products</p></li><li><p>MUST Have Knowledge of assembly and testing on valves</p></li><li><p>Experienced to using Solidwork and AutoCAD software</p></li><li><p>MUST be able to communicate effectively in English</p></li><li><p>Experience working under pressure and meeting deadlines.<br></p></li></ul><p><br></p>","https://id.jobstreet.com/job/91978810"
"92372559",".Net Software Engineer (Onsite at Yogya)","Amalura Multi Dimensi","Sleman, Yogyakarta Special Region","Rp 9.000.000 – Rp 12.000.000 per month","Contract/Temp","Information & Communication Technology","Developers/Programmers","2026-05-28T00:55:31.000Z","Scope of Work: a. Planning: · Collaborate with Product Owners and System Architects to understand features and user stories. · Estimate story points and contribute to team capacity planning. b. Development & Testing · Write clean, maintainable, and scalable code following best practices based on business and technical requirement · Perform unit testing, support integration testing, and regression testing. · Fix bugs and continuously improve code quality. c. Maintain Documentation & Compliance · Document code, APIs, and architectural decisions for future reference. · Ensure compliance with security, regulatory, and governance requirements. · Actively involved in R&D activity Requirement: · Minimum graduated from reputable university with bachelor’s degree in information technology or related field · More than 3 year’s experiences in software development using .Net 5 above, C#, Ms SQL) · Has experience in API development, documentation, make diagram, SIT UAT, Penetration test, etc · Good at RDBMS and SQL programming (Queries, DML, DDL) · Good in JavaScript programming (JQuery and Telerik Kendo UI will be preferred) · Good knowledge of version control systems (Git) · Good problem-solving skills and debugging skills · Having experience in KeyCloak, Redis or Elasticsearch is an advantage. · Having experience in Kubernetes is preferred. · Ready to join Immediately. · Willing to sign 12 months contract. · Willing to work onsite from Client Office at Sleman Yogyakarta","<p><strong>Scope of Work:</strong></p><p>a. Planning:</p><p>·&nbsp;&nbsp; Collaborate with Product Owners and System Architects to understand features and user stories.</p><p>·&nbsp;&nbsp; Estimate story points and contribute to team capacity planning.</p><p>b. Development &amp; Testing</p><p>·&nbsp;&nbsp; Write clean, maintainable, and scalable code following best practices based on business and technical requirement</p><p>·&nbsp;&nbsp; Perform unit testing, support integration testing, and regression testing.</p><p>·&nbsp;&nbsp; Fix bugs and continuously improve code quality.</p><p>c. Maintain Documentation &amp; Compliance</p><p>·&nbsp;&nbsp; Document code, APIs, and architectural decisions for future reference.</p><p>·&nbsp;&nbsp; Ensure compliance with security, regulatory, and governance requirements.</p><p>·&nbsp;&nbsp; Actively involved in R&amp;D activity</p><p><strong>&nbsp;</strong></p><p><strong>Requirement:</strong></p><p>·&nbsp;&nbsp;&nbsp; <strong>Minimum graduated from reputable university with bachelor’s degree in information technology or related field</strong></p><p>·&nbsp;&nbsp;&nbsp; <strong>More than 3 year’s experiences in software development using .Net 5 above, C#, Ms SQL)</strong></p><p>·&nbsp;&nbsp;&nbsp; <strong>Has experience in API development, documentation, make diagram, SIT UAT, Penetration test, etc</strong></p><p>·&nbsp;&nbsp;&nbsp; <strong>Good at RDBMS and SQL programming (Queries, DML, DDL)</strong></p><p>·&nbsp;&nbsp;&nbsp; <strong>Good in JavaScript programming (JQuery and Telerik Kendo UI will be preferred)</strong></p><p>·&nbsp;&nbsp;&nbsp; <strong>Good knowledge of version control systems (Git)</strong></p><p>·&nbsp;&nbsp;&nbsp; <strong>Good problem-solving skills and debugging skills</strong></p><p>·&nbsp;&nbsp; Having experience in KeyCloak, Redis or Elasticsearch is an advantage.</p><p>·&nbsp;&nbsp;&nbsp; Having experience in Kubernetes is preferred.</p><p>·&nbsp;&nbsp; Ready to join Immediately.</p><p>·&nbsp;&nbsp; Willing to sign 12 months contract.</p><p>·&nbsp;&nbsp; Willing to work onsite from Client Office at Sleman Yogyakarta</p>","https://id.jobstreet.com/job/92372559"
"92077199","Engineering Project ( Civil Structure / Architecture / Interior )","Sri Tanaya Megatama","Semarang, Central Java",,"Full time","Construction","Project Management","2026-05-13T01:58:13.000Z","Tanggung Jawab Utama : Mengelola dan mengawasi pekerjaan struktur, arsitektur, dan interior pada proyek high-rise building Memastikan pekerjaan sesuai dengan shop drawing, spesifikasi teknis, dan standar konstruksi Koordinasi dengan tim konsultan, kontraktor, dan subkontraktor Monitoring progres proyek (timeline, kualitas, dan biaya) Melakukan site inspection & quality control secara berkala Mengidentifikasi dan menyelesaikan kendala teknis di lapangan Memastikan kesesuaian pekerjaan dengan design intent & standar brand/project Menyusun laporan progres harian, mingguan, dan bulanan Memastikan implementasi K3 (Keselamatan & Kesehatan Kerja) di area proyek Kualifikasi : Pendidikan min. S1 Teknik Sipil / Arsitektur / Desain Interior Pengalaman min. 5 tahun di proyek ( Pengalaman di proyek Apartemen, Hotel, Office tower, atau Mixed-use building ) Memahami pekerjaan struktur (beton, baja), arsitektur, dan interior finishing Mampu membaca dan menganalisis shop drawing & as-built drawing Memahami alur kerja proyek high-rise (basement, structure, facade, fit-out) Terbiasa bekerja di lapangan / site project Memiliki kemampuan koordinasi & komunikasi yang baik Menguasai software teknis (AutoCAD, SketchUp, Ms. Project menjadi nilai plus)","<strong>Tanggung Jawab Utama :</strong><ul><li><p>Mengelola dan mengawasi pekerjaan <strong>struktur, arsitektur, dan interior</strong> pada proyek high-rise building</p></li><li><p>Memastikan pekerjaan sesuai dengan <strong>shop drawing, spesifikasi teknis, dan standar konstruksi</strong></p></li><li><p>Koordinasi dengan tim <strong>konsultan, kontraktor, dan subkontraktor</strong></p></li><li><p>Monitoring progres proyek (timeline, kualitas, dan biaya)</p></li><li><p>Melakukan <strong>site inspection &amp; quality control</strong> secara berkala</p></li><li><p>Mengidentifikasi dan menyelesaikan kendala teknis di lapangan</p></li><li><p>Memastikan kesesuaian pekerjaan dengan <strong>design intent &amp; standar brand/project</strong></p></li><li><p>Menyusun laporan progres harian, mingguan, dan bulanan</p></li><li><p>Memastikan implementasi <strong>K3 (Keselamatan &amp; Kesehatan Kerja)</strong> di area proyek</p></li></ul><h2><strong>Kualifikasi :</strong></h2><ul><li><p>Pendidikan min. S1 Teknik Sipil / Arsitektur / Desain Interior</p></li><li><p>Pengalaman min. 5 tahun di proyek <strong>( </strong>Pengalaman di proyek <strong>Apartemen, Hotel, Office tower, atau Mixed-use building )</strong></p></li><li><p>Memahami pekerjaan <strong>struktur (beton, baja), arsitektur, dan interior finishing</strong></p></li><li><p>Mampu membaca dan menganalisis <strong>shop drawing &amp; as-built drawing</strong></p></li><li><p>Memahami alur kerja proyek high-rise (basement, structure, facade, fit-out)</p></li><li><p>Terbiasa bekerja di lapangan / site project</p></li><li><p>Memiliki kemampuan koordinasi &amp; komunikasi yang baik</p></li><li><p>Menguasai software teknis (AutoCAD, SketchUp, Ms. Project menjadi nilai plus)</p></li></ul><p><br></p>","https://id.jobstreet.com/job/92077199"
"92196016","Solution Architect","PT Dasa Aprilindo Sentosa","South Jakarta, Jakarta","Rp 12.000.000 – Rp 18.000.000 per month","Contract/Temp","Information & Communication Technology","Architects","2026-05-19T04:38:35.000Z","SOLUTION ARCHITECT The Responsibility: · Design end-to-end solution architectures covering DevOps, container platforms, databases, custom applications, and security · Plan and implement CI/CD pipelines and manage DevOps toolchains for automated build, testing, deployment, monitoring, and observability · Design and manage container-based environments using OpenShift and Kubernetes, including cluster, networking, and workload orchestration · Design and optimize database solutions (RDBMS & NoSQL), including high availability, backup, and replication strategies · Define architecture for custom applications and collaborate with development teams to deliver end-to-end solutions · Evaluate and recommend the most suitable technology stack for each project · Conduct security gap analysis and define compliance requirements · Prepare solution documentation including Scope of Work (SoW), High-Level Design (HLD), and Low-Level Design (LLD) · Design secure architecture topology and recommend appropriate security technologies The Requirements: · Bachelor’s Degree in Computer Science / IT / related field from a reputable university (min GPA 3.00/4.00) · Minimum 5 years of relevant experience in Solution Architecture / IT Architecture · Hands-on experience with container platforms such as OpenShift and/or Kubernetes · Professional certifications such as CKA/CKAD (Kubernetes), Red Hat OpenShift, or AWS/GCP/Azure Solutions Architect are a plus. · Strong understanding of DevOps, data integration, middleware, security, operating systems, RDBMS, and NoSQL databases · Proven experience in software engineering, architecture design, and programming (Java/JavaScript preferred) · Experience working in project-based environments and managing multiple projects simultaneously · Experience leading or mentoring engineers and guiding technical teams in solution implementation is a plus. · Ability to prepare technical documentation and solution proposals · Previous project management experience is a plus · Strong analytical, problem-solving, and leadership skills · Excellent communication skills and fluent in English (written & spoken) · Willing to learn new technologies and products · Able to work independently and in a team under pressure · Willing to travel for business trips when required · Honest, responsible, disciplined, and highly committed with strong integrity · Physically and mentally fit · Placement in Jakarta · Available to join as soon as possible. Compensation and Benefits: · BPJS Ketenagakerjaan and BPJS Kesehatan. · Training and Development. · Other Benefits.","<p><strong>SOLUTION ARCHITECT</strong></p><p>The Responsibility:</p><p>· Design end-to-end solution architectures covering DevOps, container platforms, databases, custom applications, and security</p><p>· Plan and implement CI/CD pipelines and manage DevOps toolchains for automated build, testing, deployment, monitoring, and observability</p><p>· Design and manage container-based environments using OpenShift and Kubernetes, including cluster, networking, and workload orchestration</p><p>· Design and optimize database solutions (RDBMS &amp; NoSQL), including high availability, backup, and replication strategies</p><p>· Define architecture for custom applications and collaborate with development teams to deliver end-to-end solutions</p><p>· Evaluate and recommend the most suitable technology stack for each project</p><p>· Conduct security gap analysis and define compliance requirements</p><p>· Prepare solution documentation including Scope of Work (SoW), High-Level Design (HLD), and Low-Level Design (LLD)</p><p>· Design secure architecture topology and recommend appropriate security technologies</p><p><br></p><p>The Requirements:</p><p>· Bachelor’s Degree in Computer Science / IT / related field from a reputable university (min GPA 3.00/4.00)</p><p>· Minimum 5 years of relevant experience in Solution Architecture / IT Architecture</p><p>· Hands-on experience with container platforms such as OpenShift and/or Kubernetes</p><p>· Professional certifications such as CKA/CKAD (Kubernetes), Red Hat OpenShift, or AWS/GCP/Azure Solutions Architect are a plus.</p><p>· Strong understanding of DevOps, data integration, middleware, security, operating systems, RDBMS, and NoSQL databases</p><p>· Proven experience in software engineering, architecture design, and programming (Java/JavaScript preferred)</p><p>· Experience working in project-based environments and managing multiple projects simultaneously</p><p>· Experience leading or mentoring engineers and guiding technical teams in solution implementation is a plus.</p><p>· Ability to prepare technical documentation and solution proposals</p><p>· Previous project management experience is a plus</p><p>· Strong analytical, problem-solving, and leadership skills</p><p>· Excellent communication skills and fluent in English (written &amp; spoken)</p><p>· Willing to learn new technologies and products</p><p>· Able to work independently and in a team under pressure</p><p>· Willing to travel for business trips when required</p><p>· Honest, responsible, disciplined, and highly committed with strong integrity</p><p>· Physically and mentally fit</p><p>· Placement in Jakarta</p><p>· Available to join as soon as possible.</p><p><br></p><p>Compensation and Benefits:</p><p>· BPJS Ketenagakerjaan and BPJS Kesehatan.</p><p>· Training and Development.</p><p>· Other Benefits.</p>","https://id.jobstreet.com/job/92196016"
"92466416","MECHATRONICS ENGINEER","Matahari Leisure","Tangerang Regency, Banten",,"Full time","Engineering","Mechanical Engineering","2026-06-02T08:59:13.000Z","MECHATRONICS ENGINEER Job Kualifikasi - Pendidikan minimal S1 Teknik Mekatronika / Teknik Mesin / / Teknik Fisika. - Memiliki pengalaman 1–3 tahun di bidang pengembangan produk atau sistem mekatronika. - Memahami desain mekanik, sistem penggerak, serta sistem elektrikal. - Menguasai software CAD (SolidWorks, Inventor, atau sejenisnya). - Memahami dasar motor listrik, aktuator, sensor, dan sistem kontrol dasar. - Memiliki kemampuan analisis teknis, problem solving, dan komunikasi yang baik. - Mampu bekerja secara tim maupun mandiri. Nilai Tambah - Memahami dasar embedded system atau mikrokontroler (Arduino, STM32, atau sejenisnya). - Memiliki pengalaman dalam prototyping dan pengujian produk. - Memiliki pengalaman dalam pengembangan produk manufaktur atau alat kesehatan. Tanggung Jawab Utama - Merancang dan mengembangkan sistem mekatronika yang mengintegrasikan komponen mekanik, elektrikal, sensor, dan aktuator. - Mengembangkan serta mengevaluasi desain mekanik, sistem penggerak, dan sistem kelistrikan pada produk. - Melakukan integrasi komponen mekanik, motor, aktuator, sensor, dan sistem elektrikal pada produk. - Mengembangkan dan menguji prototype produk mulai dari tahap konsep hingga validasi. - Melakukan analisis teknis, troubleshooting, dan perbaikan desain selama proses pengembangan maupun produksi. - Berkolaborasi dengan tim R&D, produksi, dan quality dalam pengembangan dan peningkatan produk. - Menyusun dokumentasi teknis, seperti spesifikasi desain, gambar teknik, serta laporan pengujian dan validasi produk.","<p><strong>MECHATRONICS ENGINEER</strong></p><p><br></p><p><br></p><p><strong>Job Kualifikasi</strong></p><p><br></p><p>-&nbsp;&nbsp;&nbsp;&nbsp;&nbsp;&nbsp;&nbsp;&nbsp;&nbsp; Pendidikan minimal S1 Teknik Mekatronika / Teknik Mesin / / Teknik Fisika.</p><p>-&nbsp;&nbsp;&nbsp;&nbsp;&nbsp;&nbsp;&nbsp;&nbsp;&nbsp; Memiliki pengalaman 1–3 tahun di bidang pengembangan produk atau sistem mekatronika.</p><p>-&nbsp;&nbsp;&nbsp;&nbsp;&nbsp;&nbsp;&nbsp;&nbsp;&nbsp; Memahami desain mekanik, sistem penggerak, serta sistem elektrikal.</p><p>-&nbsp;&nbsp;&nbsp;&nbsp;&nbsp;&nbsp;&nbsp;&nbsp;&nbsp; Menguasai software CAD (SolidWorks, Inventor, atau sejenisnya).</p><p>-&nbsp;&nbsp;&nbsp;&nbsp;&nbsp;&nbsp;&nbsp;&nbsp;&nbsp; Memahami dasar motor listrik, aktuator, sensor, dan sistem kontrol dasar.</p><p>-&nbsp;&nbsp;&nbsp;&nbsp;&nbsp;&nbsp;&nbsp;&nbsp;&nbsp; Memiliki kemampuan analisis teknis, problem solving, dan komunikasi yang baik.</p><p>-&nbsp;&nbsp;&nbsp;&nbsp;&nbsp;&nbsp;&nbsp;&nbsp;&nbsp; Mampu bekerja secara tim maupun mandiri.</p><p><br></p><p><strong>Nilai Tambah</strong></p><p><br></p><p>-&nbsp;&nbsp;&nbsp;&nbsp;&nbsp;&nbsp;&nbsp;&nbsp;&nbsp; Memahami dasar embedded system atau mikrokontroler (Arduino, STM32, atau sejenisnya).</p><p>-&nbsp;&nbsp;&nbsp;&nbsp;&nbsp;&nbsp;&nbsp;&nbsp;&nbsp; Memiliki pengalaman dalam prototyping dan pengujian produk.</p><p>-&nbsp;&nbsp;&nbsp;&nbsp;&nbsp;&nbsp;&nbsp;&nbsp;&nbsp; Memiliki pengalaman dalam pengembangan produk manufaktur atau alat kesehatan.</p><p><br></p><p><br></p><p><strong>Tanggung Jawab Utama</strong></p><p><br></p><p>-&nbsp;&nbsp;&nbsp;&nbsp;&nbsp;&nbsp;&nbsp;&nbsp;&nbsp; Merancang dan mengembangkan sistem mekatronika yang mengintegrasikan komponen mekanik, elektrikal, sensor, dan aktuator.</p><p>-&nbsp;&nbsp;&nbsp;&nbsp;&nbsp;&nbsp;&nbsp;&nbsp;&nbsp; Mengembangkan serta mengevaluasi desain mekanik, sistem penggerak, dan sistem kelistrikan pada produk.</p><p>-&nbsp;&nbsp;&nbsp;&nbsp;&nbsp;&nbsp;&nbsp;&nbsp;&nbsp; Melakukan integrasi komponen mekanik, motor, aktuator, sensor, dan sistem elektrikal pada produk.</p><p>-&nbsp;&nbsp;&nbsp;&nbsp;&nbsp;&nbsp;&nbsp;&nbsp;&nbsp; Mengembangkan dan menguji prototype produk mulai dari tahap konsep hingga validasi.</p><p>-&nbsp;&nbsp;&nbsp;&nbsp;&nbsp;&nbsp;&nbsp;&nbsp;&nbsp; Melakukan analisis teknis, troubleshooting, dan perbaikan desain selama proses pengembangan maupun produksi.</p><p>-&nbsp;&nbsp;&nbsp;&nbsp;&nbsp;&nbsp;&nbsp;&nbsp;&nbsp; Berkolaborasi dengan tim R&amp;D, produksi, dan quality dalam pengembangan dan peningkatan produk.</p><p>-&nbsp;&nbsp;&nbsp;&nbsp;&nbsp;&nbsp;&nbsp;&nbsp;&nbsp; Menyusun dokumentasi teknis, seperti spesifikasi desain, gambar teknik, serta laporan pengujian dan validasi produk.</p><p><br></p>","https://id.jobstreet.com/job/92466416"
"92494273","VP Engineering - Reputable Service Provider","Michael Page","Jakarta",,"Full time","Information & Communication Technology","Management","2026-06-03T10:04:11.000Z","The Vice President of Engineering will lead the engineering organization, driving the strategy, execution, and continuous improvement of technology platforms that power the company's ecosystem. This role requires a strong balance of technical depth, operational excellence, and leadership capability-ensuring high-quality delivery, scalable systems, and a high-performing engineering culture. Client Details A leading organization undergoing a significant digital transformation to become a technology-driven platform. The company is focused on building scalable, data-driven systems to enhance customer experience, operational efficiency, and long-term growth. Description Build, lead, and scale high-performing engineering teams across multiple squads Provide hands-on mentorship to engineering managers and team members; lead by example when necessary Establish a strong culture of accountability, ownership, and engineering excellence Proactively manage team performance, including identifying low performers and taking decisive action Develop leadership pipelines and strengthen organizational capability Define and execute engineering strategy aligned with business and product roadmaps Make informed decisions on technical debt prioritization, balancing long-term sustainability and short-term delivery Modernize legacy systems and drive adoption of scalable, distributed, and cloud-based architectures Ensure systems are secure, reliable, and built for scale Identify bottlenecks across the software development lifecycle, including unclear requirements, technical debt, inefficiencies, and talent gaps Guide teams in producing accurate effort estimations (man-days) and delivery commitments Establish, track, and continuously improve engineering productivity metrics Drive consistent, high-quality delivery through agile and engineering best practices Foster end-to-end ownership within squads, including strong practices in logging, monitoring, alerting, and on-call rotations Establish and enforce engineering standards across system design, DevOps, and testing Oversee development of backend systems, APIs, and platform infrastructure Collaborate with product and data teams to leverage analytics, AI, and automation Drive continuous improvement in platform performance and operational efficiency Translate complex technical concepts into business language for executive stakeholders Negotiate effectively with stakeholders on roadmap priorities and trade-offs Ensure alignment between engineering, product, and business teams Manage external vendors and technology partners where applicable Establish KPIs, OKRs, and performance frameworks for engineering teams Ensure compliance with security, privacy, and regulatory standards Identify and manage risks to ensure operational resilience Profile Bachelor's or Master's degree in Computer Science, Engineering, or a related field Minimum 12+ years of experience in software engineering, with at least 5+ years in senior leadership roles managing multiple squads Proven experience scaling engineering teams and leading organizational transformation initiatives Track record of shifting teams from delivery-focused execution to a culture of engineering excellence Strong hands-on experience in building and scaling complex distributed systems Deep understanding of modern architecture, including microservices, cloud platforms, and APIs Experience with high-availability, mission-critical systems Strong leadership in performance management, including decisiveness in handling underperformance Demonstrated ability to coach, mentor, and develop engineering leaders and teams Ability to lead through change and drive cultural transformation Strong business acumen with the ability to connect technical decisions to business outcomes Effective decision-making skills in balancing speed, quality, and cost Strong stakeholder management skills, including experience engaging executive leadership Prior experience in mobility, transportation, logistics, or similar industries is a strong advantage Job Offer Opportunity to lead the technology department in a prominent organisation within the leisure, travel & tourism industry. Collaborative and innovative work environment based in Manatal. Access to professional development and career growth opportunities. Comprehensive benefits package tailored to support your professional journey. If you are ready to take on this exciting leadership role as VP Engineering, we encourage you to apply and join this forward-thinking company. To apply online please click the 'Apply' button below. For a confidential discussion about this role please contact Oswin Ersyanda on +62 21 2958 8829","<p>The Vice President of Engineering will lead the engineering organization, driving the strategy, execution, and continuous improvement of technology platforms that power the company's ecosystem. This role requires a strong balance of technical depth, operational excellence, and leadership capability-ensuring high-quality delivery, scalable systems, and a high-performing engineering culture.</p><p><strong>Client Details</strong></p><p>A leading organization undergoing a significant digital transformation to become a technology-driven platform. The company is focused on building scalable, data-driven systems to enhance customer experience, operational efficiency, and long-term growth.</p><p><strong>Description</strong></p><ul><li>Build, lead, and scale high-performing engineering teams across multiple squads</li><li>Provide hands-on mentorship to engineering managers and team members; lead by example when necessary</li><li>Establish a strong culture of accountability, ownership, and engineering excellence</li><li>Proactively manage team performance, including identifying low performers and taking decisive action</li><li>Develop leadership pipelines and strengthen organizational capability</li><li>Define and execute engineering strategy aligned with business and product roadmaps</li><li>Make informed decisions on technical debt prioritization, balancing long-term sustainability and short-term delivery</li><li>Modernize legacy systems and drive adoption of scalable, distributed, and cloud-based architectures</li><li>Ensure systems are secure, reliable, and built for scale</li><li>Identify bottlenecks across the software development lifecycle, including unclear requirements, technical debt, inefficiencies, and talent gaps</li><li>Guide teams in producing accurate effort estimations (man-days) and delivery commitments</li><li>Establish, track, and continuously improve engineering productivity metrics</li><li>Drive consistent, high-quality delivery through agile and engineering best practices</li><li>Foster end-to-end ownership within squads, including strong practices in logging, monitoring, alerting, and on-call rotations</li><li>Establish and enforce engineering standards across system design, DevOps, and testing</li><li>Oversee development of backend systems, APIs, and platform infrastructure</li><li>Collaborate with product and data teams to leverage analytics, AI, and automation</li><li>Drive continuous improvement in platform performance and operational efficiency</li><li>Translate complex technical concepts into business language for executive stakeholders</li><li>Negotiate effectively with stakeholders on roadmap priorities and trade-offs</li><li>Ensure alignment between engineering, product, and business teams</li><li>Manage external vendors and technology partners where applicable</li><li>Establish KPIs, OKRs, and performance frameworks for engineering teams</li><li>Ensure compliance with security, privacy, and regulatory standards</li><li>Identify and manage risks to ensure operational resilience</li></ul><p><strong>Profile</strong></p><ul><li>Bachelor's or Master's degree in Computer Science, Engineering, or a related field</li><li>Minimum 12+ years of experience in software engineering, with at least 5+ years in senior leadership roles managing multiple squads</li><li>Proven experience scaling engineering teams and leading organizational transformation initiatives</li><li>Track record of shifting teams from delivery-focused execution to a culture of engineering excellence</li><li>Strong hands-on experience in building and scaling complex distributed systems</li><li>Deep understanding of modern architecture, including microservices, cloud platforms, and APIs</li><li>Experience with high-availability, mission-critical systems</li><li>Strong leadership in performance management, including decisiveness in handling underperformance</li><li>Demonstrated ability to coach, mentor, and develop engineering leaders and teams</li><li>Ability to lead through change and drive cultural transformation</li><li>Strong business acumen with the ability to connect technical decisions to business outcomes</li><li>Effective decision-making skills in balancing speed, quality, and cost</li><li>Strong stakeholder management skills, including experience engaging executive leadership</li><li>Prior experience in mobility, transportation, logistics, or similar industries is a strong advantage</li></ul><p> </p><p><strong>Job Offer</strong></p><ul><li>Opportunity to lead the technology department in a prominent organisation within the leisure, travel &amp; tourism industry.</li><li>Collaborative and innovative work environment based in Manatal.</li><li>Access to professional development and career growth opportunities.</li><li>Comprehensive benefits package tailored to support your professional journey.</li></ul><p>If you are ready to take on this exciting leadership role as VP Engineering, we encourage you to apply and join this forward-thinking company.</p><p>To apply online please click the 'Apply' button below. For a confidential discussion about this role please contact Oswin Ersyanda on <a href=""tel:+62 21 2958 8829"">+62 21 2958 8829</a></p>","https://id.jobstreet.com/job/92494273"
"92287558","Drafter Civil (Data Center Building)","China Construction Yangtze River Indonesia","Cikarang Pusat, West Java","Rp 7.533.211 – Rp 11.288.900 per month","Contract/Temp","Engineering","Civil/Structural Engineering","2026-05-22T11:04:05.000Z","About the role This is an exciting opportunity to join PT China Construction Yangtze River Indonesia as a Drafter Civil (Data Center Building) on a contract basis. In this role, you will be responsible for creating detailed civil and structural drawings for the construction of a new data center facility in Cikarang Pusat, West Java. As a key member of the engineering team, you will play a vital part in ensuring the successful delivery of this strategic project. What you'll be doing Produce detailed 2D and 3D civil and structural design drawings using CAD software Collaborate with the design and engineering teams to interpret project requirements and specifications Ensure drawings comply with relevant building codes, regulations and industry standards Carry out technical calculations and analyses to support the design process Provide support during the construction phase, including responding to RFIs and processing design changes Maintain accurate and up-to-date project documentation What we're looking for Fluent in English Degree in Civil/Structural Engineering or equivalent 3-5 years' experience as a CAD Drafter, ideally in the data center or commercial construction industry Proficient in using AutoCAD and other design software Strong technical skills and attention to detail Ability to interpret engineering drawings and specifications Good communication and teamwork skills Familiarity with relevant building codes and regulations","<p><strong>About the role</strong><br><br>This is an exciting opportunity to join PT China Construction Yangtze River Indonesia as a Drafter Civil (Data Center Building) on a contract basis. In this role, you will be responsible for creating detailed civil and structural drawings for the construction of a new data center facility in Cikarang Pusat, West Java. As a key member of the engineering team, you will play a vital part in ensuring the successful delivery of this strategic project.</p><p><strong>What you'll be doing</strong></p><ol><li><p>Produce detailed 2D and 3D civil and structural design drawings using CAD software</p></li><li><p>Collaborate with the design and engineering teams to interpret project requirements and specifications</p></li><li><p>Ensure drawings comply with relevant building codes, regulations and industry standards</p></li><li><p>Carry out technical calculations and analyses to support the design process</p></li><li><p>Provide support during the construction phase, including responding to RFIs and processing design changes</p></li><li><p>Maintain accurate and up-to-date project documentation</p></li></ol><p><strong>What we're looking for</strong></p><ol><li><p><strong>Fluent in English</strong></p></li><li><p>Degree in Civil/Structural Engineering or equivalent</p></li><li><p><strong>3-5 years'</strong> experience as a CAD Drafter, ideally in the data center or commercial construction industry</p></li><li><p>Proficient in using AutoCAD and other design software</p></li><li><p>Strong technical skills and attention to detail</p></li><li><p>Ability to interpret engineering drawings and specifications</p></li><li><p>Good communication and teamwork skills</p></li><li><p>Familiarity with relevant building codes and regulations</p></li></ol><p><br></p>","https://id.jobstreet.com/job/92287558"
"92042645","Software Engineer (Japanese Speaking)","HiThink Technology Indonesia","South Jakarta, Jakarta","Rp 11.500.000 – Rp 15.000.000 per month","Full time","Information & Communication Technology","Engineering - Software","2026-05-11T15:13:47.000Z","About the position Join our team at HITHINK TECHNOLOGY INDONESIA as Software Engineers (Japanese Speaker). This is a full-time position based in South Jakarta, Jakarta, offering you the opportunity to develop your skills and gain valuable experience in a dynamic, fast-paced technology environment. Job Desc & Summary: Responsible for designing, developing, testing, and deploying high-complexity software systems. Ensures code quality, system reliability, and performance through rigorous development practices and leadership in standards enforcement. Provides technical guidance, mentors junior engineers, and supports continuous improvement across the software development lifecycle. Key Responsibilities: 1. Software Development & Code Quality Develop high-complexity core modules with optimized and maintainable code. Conduct in-depth code reviews for critical components. Resolve complex software defects and ensure system stability. 2. Testing & Quality Assurance Create and evaluate comprehensive unit and integration test cases. Perform module-level and system-level testing. Analyze test outcomes to recommend architectural improvements. 3. Deployment & Support Prepare and validate production deliverables. Oversee on-site deployments (installation, configuration, debugging). Troubleshoot UAT and post-launch issues. Provide Level 3 technical support for critical incidents. 4. System Design & Standards Contribute to high-level and detailed system design, especially for complex functionalities. Enforce software design standards and best practices. Review and explain designs to development teams. 5. Learning, Documentation & Knowledge Sharing Support knowledge management through documentation and training material. Assist with integration testing and detailed design under mentorship. Attend and contribute to system design training programs. 6. Leadership & Mentoring Mentor junior engineers and conduct technical training sessions. Share expertise in tools, frameworks, and methodologies. Foster a culture of continuous learning and best practices. 7. Delivery & User Support Contribute to user manuals and assist in user acceptance testing. Support end-to-end system and acceptance testing phases. 8. Ad-hoc Tasks Execute additional tasks and special assignments from management as needed. Qualifications: Bachelor's or master's degree graduates with majors related to science and engineering, such as computer science, software engineering, big data, cloud computing, Internet of Things, network engineering, information, communication, electronics, etc. Language Requirements: Fluent bilingual communication (Listening/Speaking/Reading/Writing) in Japanese Language (Minimum JLPT N3) or English. Optional Language Requirements: Mandarin Language (Minimum HSK 4). Over 2-3 years of professional software development experience and at least 3 years in system design and development. A minimum of 2 years of hands-on project development experience is required. Experience in OS/Middleware migration is a plus. Computer language skills: Java, UI: Experience with Spring Framework b) Batch: DB-access Java programming 2) VB: a) UI/Batch: VB.net or .NET experience (for field terminals). Preferred Skills (Want): ProC:* Development skills or C + SQL proficiency (needed only for legacy code analysis, not new development). The ideal candidate has led detailed design for at least two small-scale systems, including creating functional and technical specifications, database and interface design, and system architecture documentation. Other Supporting Skill & Experience: System Design Tools Proficient in industry-standard design tools. Power Designer (data modeling, system architecture) (Additional examples: Enterprise Architect, Visio, Lucid chart). Proficient skills in office suites: • Microsoft 365 (Excel, PowerPoint, Word). Collaborative tools (Confluence, Google Workspace). Infrastructure Management Hands-on experience with: • OS administration (Windows Server/Linux) • Network configuration (TCP/IP, DNS, VPN) • Hardware maintenance (servers, workstations). Testing Tools Working knowledge such as: • Test management (JIRA, TestRail) • Automation tools (Selenium, Postman) • Load testing (JMeter). If you're ready to embark on an exciting and rewarding journey for this position, we encourage you to apply now!","<p><strong>About the position</strong><br><br><strong>Join our team at HITHINK TECHNOLOGY INDONESIA as Software Engineers (Japanese Speaker). This is a full-time position based in South Jakarta, Jakarta, offering you the opportunity to develop your skills and gain valuable experience in a dynamic, fast-paced technology environment.</strong></p><p><strong>Job Desc &amp; Summary:</strong></p><p>Responsible for designing, developing, testing, and deploying high-complexity software systems. Ensures code quality, system reliability, and performance through rigorous development practices and leadership in standards enforcement. Provides technical guidance, mentors junior engineers, and supports continuous improvement across the software development lifecycle.</p><h2><strong>Key Responsibilities:</strong></h2><p><strong>1. Software Development &amp; Code Quality</strong></p><ul><li><p>Develop high-complexity core modules with optimized and maintainable code.</p></li><li><p>Conduct in-depth code reviews for critical components.</p></li><li><p>Resolve complex software defects and ensure system stability.</p></li></ul><p><strong>2. Testing &amp; Quality Assurance</strong></p><ul><li><p>Create and evaluate comprehensive unit and integration test cases.</p></li><li><p>Perform module-level and system-level testing.</p></li><li><p>Analyze test outcomes to recommend architectural improvements.</p></li></ul><p><strong>3. Deployment &amp; Support</strong></p><ul><li><p>Prepare and validate production deliverables.</p></li><li><p>Oversee on-site deployments (installation, configuration, debugging).</p></li><li><p>Troubleshoot UAT and post-launch issues.</p></li><li><p>Provide Level 3 technical support for critical incidents.</p></li></ul><p><strong>4. System Design &amp; Standards</strong></p><ul><li><p>Contribute to high-level and detailed system design, especially for complex functionalities.</p></li><li><p>Enforce software design standards and best practices.</p></li><li><p>Review and explain designs to development teams.</p></li></ul><p><strong>5. Learning, Documentation &amp; Knowledge Sharing</strong></p><ul><li><p>Support knowledge management through documentation and training material.</p></li><li><p>Assist with integration testing and detailed design under mentorship.</p></li><li><p>Attend and contribute to system design training programs.</p></li></ul><p><strong>6. Leadership &amp; Mentoring</strong></p><ul><li><p>Mentor junior engineers and conduct technical training sessions.</p></li><li><p>Share expertise in tools, frameworks, and methodologies.</p></li><li><p>Foster a culture of continuous learning and best practices.</p></li></ul><p><strong>7. Delivery &amp; User Support</strong></p><ul><li><p>Contribute to user manuals and assist in user acceptance testing.</p></li><li><p>Support end-to-end system and acceptance testing phases.</p></li></ul><p><strong>8. Ad-hoc Tasks</strong></p><ul><li><p>Execute additional tasks and special assignments from management as needed.</p></li></ul><p><br></p><p><strong>Qualifications:</strong></p><ol><li><p><strong>Bachelor's or master's degree graduates with majors related to science and engineering, such as computer science, software engineering, big data, cloud computing, Internet of Things, network engineering, information, communication, electronics, etc.</strong></p></li><li><p><strong>Language Requirements: Fluent bilingual communication (Listening/Speaking/Reading/Writing) in Japanese Language (Minimum JLPT N3) or English.</strong></p></li><li><p><strong>Optional Language Requirements: Mandarin Language (Minimum HSK 4).</strong></p></li><li><p><strong>Over 2-3 years of professional software development experience and at least 3 years in system design and development.</strong></p></li><li><p><strong>A minimum of 2 years of hands-on project development experience is required. Experience in OS/Middleware migration is a plus.</strong></p></li><li><p><strong>Computer language skills: Java, UI: Experience with Spring Framework b) Batch: DB-access Java programming 2) VB: a) UI/Batch: VB.net or .NET experience (for field terminals).</strong></p></li><li><p><strong>Preferred Skills (Want): ProC:* Development skills or C + SQL proficiency (needed only for legacy code analysis, not new development).</strong></p></li><li><p><strong>The ideal candidate has led detailed design for at least two small-scale systems, including creating functional and technical specifications, database and interface design, and system architecture documentation.</strong></p></li></ol><p><strong><em>Other Supporting Skill &amp; Experience:</em></strong></p><ol><li><p>System Design Tools Proficient in industry-standard design tools.</p></li><li><p>Power Designer (data modeling, system architecture) (Additional examples: Enterprise Architect, Visio, Lucid chart).</p></li><li><p>Proficient skills in office suites: • Microsoft 365 (Excel, PowerPoint, Word).</p></li><li><p>Collaborative tools (Confluence, Google Workspace).</p></li><li><p>Infrastructure Management Hands-on experience with: • OS administration (Windows Server/Linux) • Network configuration (TCP/IP, DNS, VPN) • Hardware maintenance (servers, workstations).</p></li><li><p>Testing Tools Working knowledge such as: • Test management (JIRA, TestRail) • Automation tools (Selenium, Postman) • Load testing (JMeter).</p></li></ol><p><strong>If you're ready to embark on an exciting and rewarding journey for this position, we encourage you to apply now!</strong><br></p>","https://id.jobstreet.com/job/92042645"
"92159628","Application Engineer","Contromatic Prima Mandiri","Tangerang, Banten",,"Full time","Engineering","Mechanical Engineering","2026-05-18T00:30:20.000Z","Job Qualifications: Bachelor’s Degree in Instrumentation, Physic, Mechanical or Industry Engineering. Fluent in English both spoken and written is a must Experience in product selection, technical sales, or application engineering. Have good knowledge of valves products and components, including Valve International Standard (ANSI, ASME, ISO, DIN, API, etc.). High skill of software application: Sizing, CRM, SAP,. Quick learning, good negotiation, and presentation skill. Familiar with document project requirement. High skill in communication and written correspondence. Good level of Computer literacy (Ms. Office). Job Responsibilities : This job position is for Oil & Gas/Pulp & Paper/Power & Mining industries. Provide Technical & Commercial support for Sales including : Prepare quotation, Conduct technical clarification, Product and Presentation. Prepare Quotation for Oil & Gas and/or Pulp & Paper and/or Pipe Fitting Customers starting from FEED, Budgetary, Bidding & Firm quote. Identify inquiries, understand competitor products to offer a competitive product base on customer needs. Negotiation and entering order to Principle. Monitoring outstanding quotation. Analysis to get more competitiveness. Work closely with Sales team and visit customers if needed.","<p><strong>Job Qualifications:</strong></p><ul><li><p>Bachelor’s Degree in Instrumentation, Physic, Mechanical or Industry Engineering.</p></li><li><p>Fluent in English both spoken and written is a must</p></li><li><p>Experience in product selection, technical sales, or application engineering.</p></li><li><p>Have good knowledge of valves products and components, including Valve International Standard (ANSI, ASME, ISO, DIN, API, etc.).</p></li><li><p>High skill of software application: Sizing, CRM, SAP,.</p></li><li><p>Quick learning, good negotiation, and presentation skill.</p></li><li><p>Familiar with document project requirement.</p></li><li><p>High skill in communication and written correspondence.</p></li><li><p>Good level of Computer literacy (Ms. Office).</p></li></ul><p><br></p><p><strong>Job Responsibilities :</strong></p><ul><li><p>This job position is for Oil &amp; Gas/Pulp &amp; Paper/Power &amp; Mining industries.</p></li><li><p>Provide Technical &amp; Commercial support for Sales including : Prepare quotation, Conduct technical clarification, Product and Presentation.</p></li><li><p>Prepare Quotation for Oil &amp; Gas and/or Pulp &amp; Paper and/or Pipe Fitting Customers starting from FEED, Budgetary, Bidding &amp; Firm quote.</p></li><li><p>Identify inquiries, understand competitor products to offer a competitive product base on customer needs.</p></li><li><p>Negotiation and entering order to Principle.</p></li><li><p>Monitoring outstanding quotation. Analysis to get more competitiveness.</p></li><li><p>Work closely with Sales team and visit customers if needed.</p></li></ul><p><br></p>","https://id.jobstreet.com/job/92159628"
"92093951","Electrical Engineer","Seven Gates Indonesia","South Jakarta, Jakarta",,"Full time","Mining, Resources & Energy","Mining - Engineering & Maintenance","2026-05-13T10:17:14.000Z","Tanggung Jawab Utama Melakukan perencanaan dan desain sistem renewable energy. Melakukan feasibility study dan energy audit. Menyiapkan dokumen teknis untuk keperluan tender. Melakukan pengawasan instalasi, pre-commissioning, commissioning dan functional testing seluruh komponen sistem. Memverifikasi kualitas pekerjaan instalasi dan membuat BAST. Menyusun prosedur operation dan maintenance. Membuat laporan teknis harian, mingguan dan bulanan. Memastikan seluruh pekerjaan memenuhi standar dan menegakan prosedur K3L di seluruh area proyek. Kualifikasi Pendidikan minimal S1 Teknik Elektro atau jurusan yang relevan. Memiliki minimal 3 tahun pengalaman dalam pekerjaan solar panel, renewable energy dan pekerjaan di bidang sistem tenaga listrik. Memiliki sertifikasi dalam bidang ketenagalistrikan Memiliki pemahaman tentang instalasi listrik, sistem tenaga atau sistem mekatronik. Kemampuan mengoperasikan software AutoCAD, ETAP dan lainnya. Pernah terlibat sebagai electrical engineer pada proyek PLTS menjadi nilai tambah.","<p>Tanggung Jawab Utama</p><ol><li><p>Melakukan perencanaan dan desain sistem renewable energy.</p></li><li><p>Melakukan feasibility study dan energy audit.</p></li><li><p>Menyiapkan dokumen teknis untuk keperluan tender.</p></li><li><p>Melakukan pengawasan instalasi, pre-commissioning, commissioning dan functional testing seluruh komponen sistem.</p></li><li><p>Memverifikasi kualitas pekerjaan instalasi dan membuat BAST.</p></li><li><p>Menyusun prosedur operation dan maintenance.</p></li><li><p>Membuat laporan teknis harian, mingguan dan bulanan.</p></li><li><p>Memastikan seluruh pekerjaan memenuhi standar dan menegakan prosedur K3L di seluruh area proyek.</p></li></ol><p><br></p><p>Kualifikasi</p><ol><li><p>Pendidikan minimal S1 Teknik Elektro atau jurusan yang relevan.</p></li><li><p>Memiliki minimal 3 tahun pengalaman dalam pekerjaan solar panel, renewable energy dan pekerjaan di bidang sistem tenaga listrik.</p></li><li><p>Memiliki sertifikasi dalam bidang ketenagalistrikan</p></li><li><p>Memiliki pemahaman tentang instalasi listrik, sistem tenaga atau sistem mekatronik.</p></li><li><p>Kemampuan mengoperasikan software AutoCAD, ETAP dan lainnya.</p></li><li><p>Pernah terlibat sebagai electrical engineer pada proyek PLTS menjadi nilai tambah.</p></li></ol><p><br></p>","https://id.jobstreet.com/job/92093951"
"92293450","Product Engineering","CV. INDOWEST DESIGN FURNITURE","Cirebon, West Java",,"Full time","Engineering","Mechanical Engineering","2026-05-23T03:48:00.000Z","About the role As a Product Engineering at CV. INDOWEST DESIGN FURNITURE', you will play a crucial role in the development and refinement of our innovative furniture designs. Reporting to the head of the engineering team, you will be responsible for translating our creative vision into functional, high-quality products that meet the needs of our customers. This is a full-time position based in Cirebon, West Java. What you'll be doing Collaborate with the design team to translate conceptual ideas into detailed engineering plans and specifications Conduct product testing and evaluation to ensure quality, safety, and compliance with industry standards Optimize product designs for manufacturability, cost-effectiveness, and sustainability Provide technical support and problem-solving assistance to the production team What we're looking for Bachelor's degree in Mechanical Engineering or a related field 3 years of experience in product engineering, preferably in the furniture or related manufacturing industry Proficient in Computer-Aided Design (CAD) software and simulation tools Strong technical problem-solving and analytical skills Excellent communication and teamwork abilities Familiarity with manufacturing processes, materials, and quality control practices Passion for design, innovation, and continuous improvement About us CV. INDOWEST DESIGN FURNITURE' is a leading manufacturer of high-quality, innovative furniture products. With over 6 years of experience in the industry, we are dedicated to creating beautiful, functional, and sustainable designs that enrich the lives of our customers. Our talented team of designers, engineers, and craftspeople work collaboratively to bring our vision to life, and we are committed to fostering a culture of continuous learning and improvement. Apply now for this exciting opportunity to join our dynamic team and contribute to the ongoing success of CV. INDOWEST DESIGN FURNITURE'.","<p><strong>About the role</strong><br><br>As a Product Engineering at CV. INDOWEST DESIGN FURNITURE', you will play a crucial role in the development and refinement of our innovative furniture designs. Reporting to the head of the engineering team, you will be responsible for translating our creative vision into functional, high-quality products that meet the needs of our customers. This is a full-time position based in Cirebon, West Java.</p><p><strong>What you'll be doing</strong></p><ol><li><p>Collaborate with the design team to translate conceptual ideas into detailed engineering plans and specifications</p></li><li><p>Conduct product testing and evaluation to ensure quality, safety, and compliance with industry standards</p></li><li><p>Optimize product designs for manufacturability, cost-effectiveness, and sustainability</p></li><li><p>Provide technical support and problem-solving assistance to the production team</p></li></ol><p><strong>What we're looking for</strong></p><ol><li><p>Bachelor's degree in Mechanical Engineering or a related field</p></li><li><p>3 years of experience in product engineering, preferably in the furniture or related manufacturing industry</p></li><li><p>Proficient in Computer-Aided Design (CAD) software and simulation tools</p></li><li><p>Strong technical problem-solving and analytical skills</p></li><li><p>Excellent communication and teamwork abilities</p></li><li><p>Familiarity with manufacturing processes, materials, and quality control practices</p></li><li><p>Passion for design, innovation, and continuous improvement</p></li></ol><p><strong>About us</strong><br><br>CV. INDOWEST DESIGN FURNITURE' is a leading manufacturer of high-quality, innovative furniture products. With over 6 years of experience in the industry, we are dedicated to creating beautiful, functional, and sustainable designs that enrich the lives of our customers. Our talented team of designers, engineers, and craftspeople work collaboratively to bring our vision to life, and we are committed to fostering a culture of continuous learning and improvement.</p><p>Apply now for this exciting opportunity to join our dynamic team and contribute to the ongoing success of CV. INDOWEST DESIGN FURNITURE'.</p><p><br></p>","https://id.jobstreet.com/job/92293450"
"92283453","System Designer (Formwork Engineer)","PT KUMKANGKIND ENGINEERING INDONESIA","Bogor, West Java",,"Contract/Temp","Engineering","Civil/Structural Engineering","2026-05-22T08:05:27.000Z","PT KUMKANG KIND INDONESIA is a subsidiary of public listed company from South Korea, Specializing in Aluminium Formwork System for construction industry. In line with our business expansion, we seek suitable candidates to join our esteem organization. FORMWORK SYSTEM DESIGNER Job Description Prepare shell drawing once received Architect and Structure drawing from client. Liaise with the client about shell drawing before proceeding with Aluminium-formwork. Attend site meetings, consultant meetings & NCR meetings if requested by the client and report regularly the progress to HOD. Review all works for completeness and accuracy. You shall be required to travel extensively at short notice if needed. Other works related to your scope will be assigned to and when the need arises. Requirements : Candidate must possess at least a Diploma/ Degree in Architectural/ Structural Engineering/Civil Engineering will be an advantage. Minimum 1 year of working experience in Architectural & Structural drawings. Knowledge of AutoCAD 2007 or Revit Software Willing to learn, hardworking, self-disciplined, and able to complete tasks within the timeline given. Experience in Formwork System Design will be an advantage. Fresh graduates are encouraged to apply. Urgent Position Required. MUST FLUENT ENGLISH","<p>PT KUMKANG KIND INDONESIA is a subsidiary of public listed company from South Korea, Specializing in Aluminium Formwork System for construction industry. In line with our business expansion, we seek suitable candidates to join our esteem organization.<br><br><strong>FORMWORK SYSTEM DESIGNER</strong><br><br>Job Description</p><ul><li><p>Prepare shell drawing once received Architect and Structure drawing from client.</p></li><li><p>Liaise with the client about shell drawing before proceeding with Aluminium-formwork.</p></li><li><p>Attend site meetings, consultant meetings &amp; NCR meetings if requested by the client and report regularly the progress to HOD.</p></li><li><p>Review all works for completeness and accuracy.</p></li><li><p>You shall be required to travel extensively at short notice if needed.</p></li><li><p>Other works related to your scope will be assigned to and when the need arises.</p></li></ul><p><strong>Requirements</strong>:</p><ul><li><p>Candidate must possess at least a Diploma/ Degree in Architectural/ Structural Engineering/Civil Engineering will be an advantage.</p></li><li><p>Minimum 1 year of working experience in Architectural &amp; Structural drawings.</p></li><li><p>Knowledge of AutoCAD 2007 or Revit Software&nbsp;</p></li><li><p>Willing to learn, hardworking, self-disciplined, and able to complete tasks within the timeline given.</p></li><li><p>Experience in Formwork System Design will be an advantage.</p></li><li><p>Fresh graduates are encouraged to apply.&nbsp;</p></li><li><p>Urgent Position Required.</p></li><li><p>MUST FLUENT ENGLISH</p></li></ul><p><br></p>","https://id.jobstreet.com/job/92283453"
"92344076","Electrical Design Engineering (CAD)","PT Asahi Synchrotech Indonesia","Jakarta",,"Full time","Engineering","Engineering Drafting","2026-05-26T08:10:01.000Z","PT Asahi Synchrotech Indonesia didirikan sejak tahun 1991 di Jakarta, yang memiliki pengalaman menyelesaikan pekerjaan lebih dari 100 proyek. PT Asahi Synchrotech Indonesia bergerak di bidang Electrical, Mechanical, Engineering Contractor dengan selalu mengedepankan kualitas dan pencapaian yang maksimal dan memuaskan. Saat ini membutuhkan Electrical Engineer Drafter (CAD) dengan kualifikasi: Pendidikan minimal D3 Teknik Elektro Pengalaman kerja minimal 3 tahun di bidang Engineer / Draftsman ( Electrical ) Pernah bekerja di site project Mampu mengoperasikan AutoCAD dan memahami gambar teknik ME M/E Calculation Software Teliti, komunikatif dan mampu bekerjasama dalam tim Memahami engineering dokumen (memahami proses dari design , MTO untuk BoQ, shop / fab , as-built drawing dan dokumen teknis proyek) Bersedia bekerja dalam sistem shift (2 shift) Siap di tempatkan di seluruh wilayah kerja Perusahaan Tanggung Jawab : Membuat dan merevisi gambar kerja ( electrical ) sesuai standar proyek Berkoordinasi dengan tim engineering dan lapangan untuk memastikan kesesuaian gambar dengan kondisi aktual Mendukung proses dokumentasi teknis dan pelaporan proyek Merancang, membuat sketsa lapangan dan membuat gambar kerja menggunakan CAD software Membuat kalkulasi/perhitungan dasar electrical Membuat perhitungan kebutuhan material sebagai acuan BoQ Memilih equipment yang sesuai dengan spesifikasi Mengetahui standarisasi mengenai utilitas bangunan ( at least SNI) Memeriksa kondisi gambar kerja dengan aktual lapangan","<p>PT Asahi Synchrotech Indonesia didirikan sejak tahun 1991 di Jakarta, yang memiliki pengalaman menyelesaikan pekerjaan lebih dari 100 proyek.</p><p>PT Asahi Synchrotech Indonesia bergerak di bidang <em>Electrical, Mechanical, Engineering Contractor </em>dengan<em> </em>selalu mengedepankan kualitas dan pencapaian yang maksimal dan memuaskan.</p><p>Saat ini membutuhkan <em>Electrical Engineer Drafter </em>(CAD) dengan kualifikasi:</p><ul><li><p>Pendidikan minimal D3 Teknik Elektro</p></li><li><p>Pengalaman kerja minimal 3 tahun di bidang <em>Engineer</em>/<em>Draftsman</em> (<em>Electrical</em>)</p></li><li><p>Pernah bekerja di <em>site project</em></p></li><li><p>Mampu mengoperasikan AutoCAD dan memahami gambar teknik ME</p></li><li><p>M/E <em>Calculation Software</em></p></li><li><p>Teliti, komunikatif dan mampu bekerjasama dalam tim</p></li><li><p>Memahami engineering dokumen (memahami proses dari <em>design</em>, MTO untuk BoQ, <em>shop</em>/<em>fab</em>, <em>as-built drawing </em>dan dokumen teknis proyek)</p></li><li><p>Bersedia bekerja dalam sistem <em>shift</em> (2 shift)</p></li><li><p>Siap di tempatkan di seluruh wilayah kerja Perusahaan</p></li></ul><p><br></p><p>Tanggung Jawab :</p><ul><li><p>Membuat dan merevisi gambar kerja (<em>electrical</em>) sesuai standar proyek</p></li><li><p>Berkoordinasi dengan tim <em>engineering</em> dan lapangan untuk memastikan kesesuaian gambar dengan kondisi aktual</p></li><li><p>Mendukung proses dokumentasi teknis dan pelaporan proyek</p></li><li><p>Merancang, membuat sketsa lapangan dan membuat gambar kerja menggunakan CAD <em>software</em></p></li><li><p>Membuat kalkulasi/perhitungan dasar <em>electrical</em></p></li><li><p>Membuat perhitungan kebutuhan material sebagai acuan BoQ</p></li><li><p>Memilih <em>equipment</em> yang sesuai dengan spesifikasi</p></li><li><p>Mengetahui standarisasi mengenai utilitas bangunan (<em>at least</em> SNI)</p></li><li><p>Memeriksa kondisi gambar kerja dengan aktual lapangan</p></li></ul><p><br></p>","https://id.jobstreet.com/job/92344076"
"92015666","Principal Engineer - Electrical (Cikarang)","Kuok Group","Bekasi Regency, West Java",,"Full time","Construction","Project Management","2026-05-10T11:05:32.000Z","Company description: Located at the heart of Asia, Kuok Group Singapore (KGSg) is a dynamic, diversified conglomerate with global reach and established brands in the digital infrastructure, maritime and real estate sectors. Our businesses include the digital infrastructure business of K2 Strategic, maritime entities such as POSH, PCL, and PaxOcean, which together form part of Kuok Maritime Group, and the real estate business of Allgreen Properties. At KGSg, we nurture young talent through mentorship, leadership development, and cross-functional exposure, offering diverse career pathways and global opportunities across our businesses. Explore your future with KGSg today! Job description: Job Summary We are seeking a Principal Electrical Engineer to provide electrical engineering oversight for our data centre projects in Indonesia. In this site-based role, you will ensure that electrical systems are designed and constructed to K2's standards. You will review consultant designs, monitor construction quality and HSE compliance, and support commissioning and handover activities. You will also collaborate closely with project managers, consultants, and contractors to deliver data centre infrastructure. Key Responsibilities Assist Project Manager or Delivery Manager in data centre design and construction phases for site management, construction quality control and HSE. Monitor construction activities closely on a regular basis and ensure the data centre facility is built to group's standard. Responsible for the review and approval of design consultant's work to ensure design documents are sufficiently developed with all necessary engineering calculations in place. Responsible for communicating with design consultants and contractors/vendors to ensure all required deliverables are achieved. Responsible for maintaining K2 internal engineering standards with particular focus on Electrical distribution and protection system. Support and manage project commissioning/troubleshooting and final handover activities. Support of K2 internal engineering design and development activities. Establish engineering and operation procedures following K2 standard. To travel from one site to another for support if required, as the position is site-based. Reporting day-to-day basic tasks and alignment to the Line Manager Key Requirements Bachelors in Electrical Engineering or Electrical Engineering & Electronics Chartered Engineer preferred Relevant Uptime/TIA certificates preferred 6 years minimum of working experience in Electrical/Power design on substation 20kV/150kV/500kV and construction project delivery (data centre projects preferred). Good knowledge in Electrical HV/MV distribution Engineering with a good understanding on data centre project and protection study Proficiency in ETAP, SKM, or DIgSILENT PowerFactory; familiarity with BIM/Revit Proficiency in MS Office (e.g., Word, Excel, PowerPoint, etc.) with experience in Mechanical HVAC software, such as IES. Familiar with PLN/local authorities' procedure, standard code and requirement. Skills & Competencies Fluency in Bahasa Indonesia (native or professional proficiency) Good command of written and spoken English is required, as that will be the main working language. Candidates fluent in Chinese will have an advantage. Committed to the delivery of high level of service excellence. Calm Manner, able to work under pressure and delivery. Self-motivated, ability to work on own initiative. Punctual and reliable. Excellent communication and attention to detail. A team player, able to work with colleagues and clients staff at all levels with high level of dedication. Candidates who are active, solutions oriented, conscientious, sociable, flexible and optimistic. Education Bachelors Diploma in Electrical Engineering or Electrical Engineering & Electronics Certifications","Company description:<br><br><p> </p>  <p>Located at the heart of Asia, Kuok Group Singapore (KGSg) is a dynamic, diversified conglomerate with global reach and established brands in the digital infrastructure, maritime and real estate sectors.</p> <p>Our businesses include the digital infrastructure business of K2 Strategic, maritime entities such as POSH, PCL, and PaxOcean, which together form part of Kuok Maritime Group, and the real estate business of Allgreen Properties.</p> <p>At KGSg, we nurture young talent through mentorship, leadership development, and cross-functional exposure, offering diverse career pathways and global opportunities across our businesses.</p> <p>Explore your future with KGSg today!</p>  <br><br>Job description:<br><br>   <strong>Job Summary</strong>   <p>We are seeking a Principal Electrical Engineer to provide electrical engineering oversight for our data centre projects in Indonesia. In this site-based role, you will ensure that electrical systems are designed and constructed to K2's standards. You will review consultant designs, monitor construction quality and HSE compliance, and support commissioning and handover activities. You will also collaborate closely with project managers, consultants, and contractors to deliver data centre infrastructure.</p>     <strong>Key Responsibilities</strong>   <ul> <li>Assist Project Manager or Delivery Manager in data centre design and construction phases for site management, construction quality control and HSE.</li> <li>Monitor construction activities closely on a regular basis and ensure the data centre facility is built to group's standard.</li> <li>Responsible for the review and approval of design consultant's work to ensure design documents are sufficiently developed with all necessary engineering calculations in place.</li> <li>Responsible for communicating with design consultants and contractors/vendors to ensure all required deliverables are achieved.</li> <li>Responsible for maintaining K2 internal engineering standards with particular focus on Electrical distribution and protection system.</li> <li>Support and manage project commissioning/troubleshooting and final handover activities.</li> <li>Support of K2 internal engineering design and development activities.</li> <li>Establish engineering and operation procedures following K2 standard.</li> <li>To travel from one site to another for support if required, as the position is site-based.</li> <li>Reporting day-to-day basic tasks and alignment to the Line Manager</li> </ul>     <strong>Key Requirements</strong>   <ul> <li>Bachelors in Electrical Engineering or Electrical Engineering &amp; Electronics</li> <li>Chartered Engineer preferred</li> <li>Relevant Uptime/TIA certificates preferred</li> <li>6 years minimum of working experience in Electrical/Power design on substation 20kV/150kV/500kV and construction project delivery (data centre projects preferred).</li> <li>Good knowledge in Electrical HV/MV distribution Engineering with a good understanding on data centre project and protection study</li> <li>Proficiency in ETAP, SKM, or DIgSILENT PowerFactory; familiarity with BIM/Revit</li> <li>Proficiency in MS Office (e.g., Word, Excel, PowerPoint, etc.) with experience in Mechanical HVAC software, such as IES.</li> <li>Familiar with PLN/local authorities' procedure, standard code and requirement.</li> </ul> <p> </p> <p><strong>Skills &amp; Competencies</strong></p> <ul> <li>Fluency in Bahasa Indonesia (native or professional proficiency)</li> <li>Good command of written and spoken English is required, as that will be the main working language. Candidates fluent in Chinese will have an advantage.</li> <li>Committed to the delivery of high level of service excellence.</li> <li>Calm Manner, able to work under pressure and delivery.</li> <li>Self-motivated, ability to work on own initiative.</li> <li>Punctual and reliable.</li> <li>Excellent communication and attention to detail.</li> <li>A team player, able to work with colleagues and clients staff at all levels with high level of dedication.</li> <li>Candidates who are active, solutions oriented, conscientious, sociable, flexible and optimistic.</li> </ul> <p> </p> <p> </p>     <strong>Education</strong>   Bachelors Diploma in Electrical Engineering or Electrical Engineering &amp; Electronics     <strong>Certifications</strong>","https://id.jobstreet.com/job/92015666"
"92036937","Drilling Rig Superintendent","PT Huaan Mining Engineering","South Sulawesi",,"Full time","Mining, Resources & Energy","Oil & Gas - Drilling","2026-05-11T08:36:40.000Z","Job Description Responsible for daily drilling rig operations, safety, and management at the project site Carry out routine maintenance on drilling machines in accordance with procedures. Handle minor to major maintenance when drilling machine failures occur. Assist site engineers in applying for drilling construction safety and related matters at the project location. Perform repairs related to hydraulic systems, welding, and mechanical components. Prioritize work safety in all repair activities Drill Mechanic PT Mineral Alam Abadi (Mineral Alam Abadi Group). 3.73 ulasan·Lihat semua lowongan kerja Papua Pertambangan – Teknik & Pemeliharaan (Pertambangan, Sumber Daya Alam & Energi) Full time Tambahkan gaji yang diharapkan ke profil untuk menambah wawasan Diposting 18 hari yang lalu Job Description Perform repairs on MD / SJR / Jacro drilling machines. Carry out routine maintenance on drilling machines in accordance with procedures. Handle minor to major maintenance when drilling machine failures occur. Repair minor to major damage to drilling machines. Perform repairs related to hydraulic systems, welding, and mechanical components. Prioritize work safety in all repair activities, including responsibility for task allocation and supervision of local crew. Job Requirement Minimum bachelor’s degree in Petroleum Engineering, Mechanical Engineering, Geological Engineering, or related field Minimum 5-7 years of experience in the nickel mining industry, including drilling exploration operations Proven supervisory or managerial experience in rig operations Strong understanding of HSE, well control, risk management, and drilling software applications Proficient in English, both spoken and written Strong leadership and coordination skills Willing to be placed in Huaan Project Exploration (Sulawesi Area)","<p><strong>Job Description</strong></p><ul><li><p>Responsible for daily drilling rig operations, safety, and management at the project site</p></li><li><p>Carry out routine maintenance on drilling machines in accordance with procedures.</p></li><li><p>Handle minor to major maintenance when drilling machine failures occur.</p></li><li><p>Assist site engineers in applying for drilling construction safety and related matters at the project location.</p></li><li><p>Perform repairs related to hydraulic systems, welding, and mechanical components.</p></li><li><p>Prioritize work safety in all repair activities</p></li></ul><p><br></p><h2><strong>Drill Mechanic</strong></h2><p>PT Mineral Alam Abadi (Mineral Alam Abadi Group).</p><p>3.73 ulasan·Lihat semua lowongan kerja</p><p>Papua</p><p>Pertambangan – Teknik &amp; Pemeliharaan (Pertambangan, Sumber Daya Alam &amp; Energi)</p><p>Full time</p><p>Tambahkan gaji yang diharapkan ke profil untuk menambah wawasan</p><p>Diposting 18 hari yang lalu</p><p><strong>Job Description</strong></p><ul><li><p>Perform repairs on MD / SJR / Jacro drilling machines.</p></li><li><p>Carry out routine maintenance on drilling machines in accordance with procedures.</p></li><li><p>Handle minor to major maintenance when drilling machine failures occur.</p></li><li><p>Repair minor to major damage to drilling machines.</p></li><li><p>Perform repairs related to hydraulic systems, welding, and mechanical components.</p></li><li><p>Prioritize work safety in all repair activities, including responsibility for task allocation and supervision of local crew.</p></li></ul><p><strong>Job Requirement</strong></p><ul><li><p>Minimum bachelor’s degree in Petroleum Engineering, Mechanical Engineering, Geological Engineering, or related field</p></li><li><p>Minimum 5-7 years of experience in the nickel mining industry, including drilling exploration operations</p></li><li><p>Proven supervisory or managerial experience in rig operations</p></li><li><p>Strong understanding of HSE, well control, risk management, and drilling software applications</p></li><li><p>Proficient in English, both spoken and written</p></li><li><p>Strong leadership and coordination skills</p></li><li><p>Willing to be placed in Huaan Project Exploration (Sulawesi Area)</p></li></ul><p><br></p>","https://id.jobstreet.com/job/92036937"
"92092066","BIM Modeller / Drafter - MEP Data Center Construction","AtoZ Precision Engineering","Batam, Riau Islands",,"Contract/Temp","Engineering","Engineering Drafting","2026-05-13T09:03:07.000Z","We are looking for skilled individuals to be part of our team who delivers a well-balanced blend of technical services and coordination to meet SLA requirements and KPIs as BIM Modeler / Drafter in PT Atoz Teknik Sejahtera's MEP and IT Infrastructure contractor business. BIM MODELLER This amazing role offers the opportunity to: Manage modelers and BIM projects with the necessary information to fulfill the entire BIM process and provide the required comprehension. Develop BIM models for Architectural/Mechanical/Electrical/Civil services with Revit and Naviswork file-formats from design stage to as-built stage and coordinating between all other services in accordance with the project's timeline, quality, and cost objectives. Work closely with Project Manager and team to ensure drawings or models are as per site requirements. Identify design errors and communicate them immediately to the project team. Maintain records and documentation relating to the ongoing and completion of projects Develop the skills, systems, and processes to promote continuous improvement. Qualifications: 2+ years of experience as BIM Modeler. Obtained a BIM user software certificate, Autodesk Revit MEP. Experience in construction industry will be advantageous Strong academic background with a qualified Diploma/Degree in Architecture, Mechanical, Electrical, Civil, Structural Engineering or equivalent. DRAFTER This amazing role offers the opportunity to: Create accurate 2D electrical drawings using AutoCAD, Revit, or equivalent software Interpret technical drawings, blueprints, and specifications to create detailed project drawings Coordinate with project managers and engineers to ensure all drafting work meets project requirements and deadlines Assist in the preparation of technical specifications and construction documents Ensure all drafting work meets industry standards and regulations Revise and update drawings as required Perform other related drafting duties as required Maintain records and documentation relating to the ongoing and completion of projects Qualifications: Minimum of 2 years of experience as a drafter in a construction company, with a focus on MEP and ICT Infrastructure for Data Center Buildings is preferred Strong expertise in electrical 2D drawings Excellent knowledge of AutoCAD, Revit, or any equivalent software Ability to read and interpret technical drawings, blueprints, and specifications Attention to detail and ability to ensure all drafting work is accurate and meets industry standards Knowledgeable in electrical codes and regulations Ability to work under pressure and meet deadlines Strong academic background with a qualified Diploma/Degree in Electrical Engineering or equivalent.","<p>We are looking for skilled individuals to be part of our team who delivers a well-balanced blend of technical services and coordination to meet SLA requirements and KPIs as BIM Modeler / Drafter in PT Atoz Teknik Sejahtera's MEP and IT Infrastructure contractor business.</p><p><strong>BIM MODELLER</strong></p><p><strong>This amazing role offers the opportunity to:</strong></p><ul><li><p>Manage modelers and BIM projects with the necessary information to fulfill the entire BIM process and provide the required comprehension.</p></li><li><p>Develop BIM models for Architectural/Mechanical/Electrical/Civil services with Revit and Naviswork file-formats from design stage to as-built stage and coordinating between all other services in accordance with the project's timeline, quality, and cost objectives.</p></li><li><p>Work closely with Project Manager and team to ensure drawings or models are as per site requirements.</p></li><li><p>Identify design errors and communicate them immediately to the project team.</p></li><li><p>Maintain records and documentation relating to the ongoing and completion of projects</p></li><li><p>Develop the skills, systems, and processes to promote continuous improvement.</p></li></ul><p><strong>Qualifications:</strong></p><ul><li><p>2+ years of experience as BIM Modeler.</p></li><li><p>Obtained a BIM user software certificate, Autodesk Revit MEP.</p></li><li><p>Experience in construction industry will be advantageous</p></li><li><p>Strong academic background with a qualified Diploma/Degree in Architecture, Mechanical, Electrical, Civil, Structural Engineering or equivalent.</p></li></ul><p><strong>DRAFTER</strong></p><p><strong>This amazing role offers the opportunity to:</strong></p><ul><li><p>Create accurate 2D electrical drawings using AutoCAD, Revit, or equivalent software</p></li><li><p>Interpret technical drawings, blueprints, and specifications to create detailed project drawings</p></li><li><p>Coordinate with project managers and engineers to ensure all drafting work meets project requirements and deadlines</p></li><li><p>Assist in the preparation of technical specifications and construction documents</p></li><li><p>Ensure all drafting work meets industry standards and regulations</p></li><li><p>Revise and update drawings as required</p></li><li><p>Perform other related drafting duties as required</p></li><li><p>Maintain records and documentation relating to the ongoing and completion of projects</p></li></ul><p><strong>Qualifications:</strong></p><ul><li><p>Minimum of 2 years of experience as a drafter in a construction company, with a focus on MEP and ICT Infrastructure for Data Center Buildings is preferred</p></li><li><p>Strong expertise in electrical 2D drawings</p></li><li><p>Excellent knowledge of AutoCAD, Revit, or any equivalent software</p></li><li><p>Ability to read and interpret technical drawings, blueprints, and specifications</p></li><li><p>Attention to detail and ability to ensure all drafting work is accurate and meets industry standards</p></li><li><p>Knowledgeable in electrical codes and regulations</p></li><li><p>Ability to work under pressure and meet deadlines</p></li><li><p>Strong academic background with a qualified Diploma/Degree in Electrical Engineering or equivalent.</p></li></ul><p><br></p>","https://id.jobstreet.com/job/92092066"
"92163409","Structural Design Engineer","Seismotec Structural Engineers","East Java",,"Full time","Engineering","Civil/Structural Engineering","2026-05-18T02:39:50.000Z","Structural Design Engineer Melakukan perhitungan struktur gedung bertingkat dan bangunan industri. Syarat : Berdedikasi Pengalaman kerja 1-2 tahun S1 Teknik Sipil dengan nilai IPK >3.30 Menguasai software analisis dan desain struktur Melampirkan Curriculum Vitae (CV)","<p><strong>Structural Design Engineer</strong></p><p>Melakukan perhitungan struktur gedung bertingkat dan bangunan industri.</p><p>Syarat :</p><ul><li><p>Berdedikasi</p></li><li><p>Pengalaman kerja 1-2 tahun</p></li><li><p>S1 <strong>Teknik Sipil</strong> dengan nilai IPK &gt;3.30</p></li><li><p>Menguasai software analisis dan desain struktur</p></li><li><p>Melampirkan Curriculum Vitae (CV)</p></li></ul><p><br></p>","https://id.jobstreet.com/job/92163409"
"92342253","3rd Level Engineer (Network)","Nusantara Compnet Integrator","West Jakarta, Jakarta",,"Full time","Information & Communication Technology","Engineering - Network","2026-05-26T07:11:48.000Z","Qualifications : Bachelor’s degree in Informatics Engineering, Computer Science, or a related field. Minimum 5 years of experience in Network Engineering. Certified CCNP/CCIE Enterprise or HCIP/HCIE–Datacom (Huawei Certified ICT Expert – Datacom) is preferred. Strong understanding of enterprise network architecture, routing & switching, BGP, OSPF, MPLS, Software define network, Loadbalancer and wireless technologies. Proficient in advanced troubleshooting and handling complex network incidents. Experience working with network devices such as Cisco, Juniper, Aruba, Huawei, Dell, or similar. Ability to prepare detailed technical documentation and network designs. Excellent communication skills and ability to work both independently and as part of a team. Good verbal and written communication skills in English Responsibilities : Handle Level 3 technical escalations from Level 1 and Level 2 teams, focusing on advanced and critical network issues. Perform Root Cause Analysis (RCA) for complex incidents and propose corrective and preventive solutions. Design, implement, and optimize enterprise network infrastructure. Configure and troubleshoot advanced network devices, including routers, switches, software-defined solutions, load balancers, and wireless controllers. Monitor network performance, analyze logs and telemetry dataand conduct capacity planning to ensure stability and scalability. Support network maintenance activities, upgrades, migrations, and architectural changes (change requests). Prepare technical documentation, topology diagrams, SOPs, and troubleshooting or implementation reports. Collaborate with vendors, principals, and cross-functional teams to resolve complex issues and support project delivery.","<p><strong>Qualifications :</strong></p><ol><li><p>Bachelor’s degree in Informatics Engineering, Computer Science, or a related field.</p></li><li><p><strong>Minimum 5 years of experience in Network Engineering.</strong></p></li><li><p><strong>Certified CCNP/CCIE Enterprise or HCIP/HCIE–Datacom (Huawei Certified ICT Expert – Datacom) is preferred.</strong></p></li><li><p>Strong understanding of enterprise network architecture, routing &amp; switching, BGP, OSPF, MPLS, Software define network, Loadbalancer and wireless technologies.</p></li><li><p>Proficient in advanced troubleshooting and handling complex network incidents.</p></li><li><p>Experience working with network devices such as Cisco, Juniper, Aruba, Huawei, Dell, or similar.</p></li><li><p>Ability to prepare detailed technical documentation and network designs.</p></li><li><p>Excellent communication skills and ability to work both independently and as part of a team.</p></li><li><p>Good verbal and written communication skills in English</p></li></ol><p><strong>Responsibilities :</strong></p><ul><li><p>Handle Level 3 technical escalations from Level 1 and Level 2 teams, focusing on advanced and critical network issues.</p></li><li><p>Perform Root Cause Analysis (RCA) for complex incidents and propose corrective and preventive solutions.</p></li><li><p>Design, implement, and optimize enterprise network infrastructure.</p></li><li><p>Configure and troubleshoot advanced network devices, including routers, switches, software-defined solutions, load balancers, and wireless controllers.</p></li><li><p>Monitor network performance, analyze logs and telemetry dataand conduct capacity planning to ensure stability and scalability.</p></li><li><p>Support network maintenance activities, upgrades, migrations, and architectural changes (change requests).</p></li><li><p>Prepare technical documentation, topology diagrams, SOPs, and troubleshooting or implementation reports.</p></li><li><p>Collaborate with vendors, principals, and cross-functional teams to resolve complex issues and support project delivery.</p></li></ul><p><br></p>","https://id.jobstreet.com/job/92342253"
"91944235","PRESALE SENIOR ENGINEER/ENGINEER - SUREPRESS","Epson","South Jakarta, Jakarta",,"Full time","Engineering","Mechanical Engineering","2026-05-06T07:19:04.000Z","Responsibilities: · Support sales teams with technical consultation, application assessment, and solution feasibility for SurePress · Conduct SurePress product demonstrations and sample printing for customer evaluation. · Execute proof-of-concept activities to support customer decision-making and deal progression. · Support spot color matching and complex application requirements within SurePress capability. · Manage customer expectations by advising on achievable results and technical constraints. · Act as the technical interface between Sales, Customer Service, partners, and customers during the pre-sales phase. · Provide guidance on file preparation, workflow, and RIP requirements to ensure smooth execution. · Conduct pre-sales technical training for new installations and support sales and partner capability building. · Share application knowledge and best practices to strengthen local SurePress competency. · Provide technical support for exhibitions, open houses, and marketing activities, including demo setup and sample preparation. · Maintain documentation and reporting of pre-sales activities, samples, and POC outcomes. Ensure all activities comply with Epson policies and local regulations. Requirements: · Bachelor’s degree (S1) in Engineering, Printing Technology, IT, or related technical fields is required. · Candidates with relevant industrial printing experience, color management, or workflow exposure will be preferred. · Equivalent hands on experience may be considered for strong technical candidates. · Min. 3+ years of experience in label press / industrial printing as presales support · Strong communication and customer engagement skills · Ability to travel for demonstrations and installations · Knowledge in RIP software, Adobe Illustrator, Photoshop, Acrobat with color management experiences General Requirements : · Minimum GPA 3.00. · Excellent knowledge of English and Bahasa (Mandarin or Japanese is a plus). · Strong leadership capabilities and the ability to guide sales teams and channel partners. · Highly target‑oriented with strong execution discipline and accountability. · Excellent communication, presentation, and negotiation skills. · Customer‑centric mindset with the ability to build and maintain long‑term relationships. · Adaptable, collaborative, and capable of thriving in a fast‑paced and dynamic business environment.","<p><strong>&nbsp;</strong></p><p><strong>Responsibilities:</strong></p><p>·&nbsp;&nbsp;&nbsp;&nbsp;&nbsp;&nbsp;&nbsp; Support sales teams with technical consultation, application assessment, and solution feasibility for SurePress</p><p>·&nbsp;&nbsp;&nbsp;&nbsp;&nbsp;&nbsp;&nbsp; Conduct SurePress product demonstrations and sample printing for customer evaluation.</p><p>·&nbsp;&nbsp;&nbsp;&nbsp;&nbsp;&nbsp;&nbsp; Execute proof-of-concept activities to support customer decision-making and deal progression.</p><p>·&nbsp;&nbsp;&nbsp;&nbsp;&nbsp;&nbsp;&nbsp; Support spot color matching and complex application requirements within SurePress capability.</p><p>·&nbsp;&nbsp;&nbsp;&nbsp;&nbsp;&nbsp;&nbsp; Manage customer expectations by advising on achievable results and technical constraints.</p><p>·&nbsp;&nbsp;&nbsp;&nbsp;&nbsp;&nbsp;&nbsp; Act as the technical interface between Sales, Customer Service, partners, and customers during the pre-sales phase.</p><p>·&nbsp;&nbsp;&nbsp;&nbsp;&nbsp;&nbsp;&nbsp; Provide guidance on file preparation, workflow, and RIP requirements to ensure smooth execution.</p><p>·&nbsp;&nbsp;&nbsp;&nbsp;&nbsp;&nbsp;&nbsp; Conduct pre-sales technical training for new installations and support sales and partner capability building.</p><p>·&nbsp;&nbsp;&nbsp;&nbsp;&nbsp;&nbsp;&nbsp; Share application knowledge and best practices to strengthen local SurePress competency.</p><p>·&nbsp;&nbsp;&nbsp;&nbsp;&nbsp;&nbsp;&nbsp; Provide technical support for exhibitions, open houses, and marketing activities, including demo setup and sample preparation.</p><p>·&nbsp;&nbsp;&nbsp;&nbsp;&nbsp;&nbsp;&nbsp; Maintain documentation and reporting of pre-sales activities, samples, and POC outcomes. Ensure all activities comply with Epson policies and local regulations.</p><p><br></p><p><strong>Requirements:</strong>&nbsp;</p><p>·&nbsp;&nbsp;&nbsp;&nbsp;&nbsp;&nbsp; Bachelor’s degree (S1) in Engineering, Printing Technology, IT, or related technical fields is required.</p><p>·&nbsp;&nbsp;&nbsp;&nbsp;&nbsp;&nbsp; Candidates with relevant industrial printing experience, color management, or workflow exposure will be preferred.</p><p>·&nbsp;&nbsp;&nbsp;&nbsp;&nbsp;&nbsp; Equivalent hands on experience may be considered for strong technical candidates.</p><p>·&nbsp;&nbsp;&nbsp;&nbsp;&nbsp;&nbsp;Min. 3+ years of experience in label press / industrial printing as presales support</p><p>·&nbsp;&nbsp;&nbsp;&nbsp;&nbsp;&nbsp; Strong communication and customer engagement skills</p><p>·&nbsp;&nbsp;&nbsp;&nbsp;&nbsp;&nbsp; Ability to travel for demonstrations and installations</p><p>·&nbsp;&nbsp;&nbsp;&nbsp;&nbsp;&nbsp; Knowledge in RIP software, Adobe Illustrator, Photoshop, Acrobat with color management experiences</p><p><br></p><p><strong>General Requirements</strong>:</p><p>·&nbsp;&nbsp;&nbsp;&nbsp;&nbsp;&nbsp; Minimum GPA 3.00.</p><p>·&nbsp;&nbsp;&nbsp;&nbsp;&nbsp;&nbsp; Excellent knowledge of English and Bahasa (Mandarin or Japanese is a plus).</p><p>·&nbsp;&nbsp;&nbsp;&nbsp;&nbsp;&nbsp; Strong leadership capabilities and the ability to guide sales teams and channel partners.</p><p>·&nbsp;&nbsp;&nbsp;&nbsp;&nbsp;&nbsp; Highly target‑oriented with strong execution discipline and accountability.</p><p>·&nbsp;&nbsp;&nbsp;&nbsp;&nbsp;&nbsp; Excellent communication, presentation, and negotiation skills.</p><p>·&nbsp;&nbsp;&nbsp;&nbsp;&nbsp;&nbsp; Customer‑centric mindset with the ability to build and maintain long‑term relationships.</p><p>·&nbsp;&nbsp;&nbsp;&nbsp;&nbsp;&nbsp; Adaptable, collaborative, and capable of thriving in a fast‑paced and dynamic business environment.</p>","https://id.jobstreet.com/job/91944235"
"92472152","Senior Software Engineer, Backend - Payments","Transportation Solutions Indonesia","Kebayoran Lama, Jakarta",,"Full time","Information & Communication Technology","Developers/Programmers","2026-06-02T17:09:51.000Z","Company Description About Grab and Our Workplace Grab is Southeast Asia's leading superapp. From getting your favourite meals delivered to helping you manage your finances and getting around town hassle-free, we've got your back with everything. In Grab, purpose gives us joy and habits build excellence, while harnessing the power of Technology and AI to deliver the mission of driving Southeast Asia forward by economically empowering everyone, with heart, hunger, honour, and humility. Job Description Get to Know the Team At GrabFin, the Payment team builds end-to-end payment experiences and platforms that help merchants accept payments and grow across Southeast Asia. We empower frictionless checkouts with configurable, developer-friendly capabilities—so partners can embed payments and iterate quickly. From QR payments to lending repayments and in-person acceptance flows, we work across multiple payment journeys to deliver reliable user and merchant outcomes. Get to Know the Role We are looking for passionate engineers to be part of our Tech Family. We believe a successful candidate has a proven track record of working in a team and delivering exceptional work on backend system development. If you believe you have what it takes, we'd love to hear from you! In return, you will get an opportunity to make an impact on millions of people across Southeast Asia. Reporting to the Engineering Manager, this role will be based in our Jakarta Head Office. The Critical Tasks You Will Perform You design, develop, and maintain backend components and services You collaborate with product, business, and other engineering teams to solve our user pain points You ensure a punctual delivery of high quality, maintainable, and bug-free code You participate in technical and product reviews You will participate in team on-call rotation to help us achieve operational excellence You support the DevOps/Infra team in the scope of your services You provide guidance, mentorship, and knowledge sharing to your peers Qualifications What Essential Skills You Will Need You have a degree in Engineering – specialization in CS/IT will be an advantage You have at least 4+ years of working experience in a relevant field You are proficient in one or more programming languages (we mostly use Go) and the fundamentals of CS, such as data structures and algorithms You have working knowledge of building distributed backend systems with DBMS (SQL, NoSQL) and caches (Redis) – Kubernetes and Kafka experience will be an advantage You showcase proactivity and creativity, and understand the right balance between product, engineering, and business needs You have exposure to Agile and weekly sprint and release working models Proficiency in English both verbally and written Additional Information Life at Grab We care about your well-being at Grab, here are some of the global benefits we offer: We have your back with Term Life Insurance and comprehensive Medical Insurance. With GrabFlex, create a benefits package that suits your needs and aspirations. Celebrate moments that matter in life with loved ones through Parental and Birthday leave , and give back to your communities through Love-all-Serve-all (LASA) volunteering leave We have a confidential Grabber Assistance Programme to guide and uplift you and your loved ones through life's challenges. Balancing personal commitments and life's demands are made easier with our FlexWork arrangements such as differentiated hours What We Stand For At Grab We are committed to building an inclusive and equitable workplace that provides equal opportunity for Grabbers to grow and perform at their best. We consider all candidates fairly and equally regardless of nationality, ethnicity, race, religion, age, gender, family commitments, physical and mental impairments or disabilities, and other attributes that make them unique.","<div><p>
<strong>Company Description</strong><br>
</p></div>
<div><div>
<p><strong>About Grab and Our Workplace</strong></p>
<p>Grab is Southeast Asia's leading superapp. From getting your favourite meals delivered to helping you manage your finances and getting around town hassle-free, we've got your back with everything. In Grab, purpose gives us joy and habits build excellence, while harnessing the power of Technology and AI to deliver the mission of driving Southeast Asia forward by economically empowering everyone, with heart, hunger, honour, and humility.</p>
</div></div>
<div><p>
<strong>Job Description</strong><br>
</p></div>
<div><div>
<p><strong>Get to Know the Team</strong></p>
<p>At GrabFin, the Payment team builds end-to-end payment experiences and platforms that help merchants accept payments and grow across Southeast Asia. We empower frictionless checkouts with configurable, developer-friendly capabilities—so partners can embed payments and iterate quickly. From QR payments to lending repayments and in-person acceptance flows, we work across multiple payment journeys to deliver reliable user and merchant outcomes.</p>
<p><strong>Get to Know the Role</strong></p>
<p>We are looking for passionate engineers to be part of our Tech Family. We believe a successful candidate has a proven track record of working in a team and delivering exceptional work on backend system development. If you believe you have what it takes, we'd love to hear from you! In return, you will get an opportunity to make an impact on millions of people across Southeast Asia. Reporting to the Engineering Manager, this role will be based in our Jakarta Head Office.</p>
<p><strong>The Critical Tasks You Will Perform</strong></p>
<ul>
<li>You design, develop, and maintain backend components and services</li>
<li>You collaborate with product, business, and other engineering teams to solve our user pain points</li>
<li>You ensure a punctual delivery of high quality, maintainable, and bug-free code</li>
<li>You participate in technical and product reviews</li>
<li>You will participate in team on-call rotation to help us achieve operational excellence</li>
<li>You support the DevOps/Infra team in the scope of your services</li>
<li>You provide guidance, mentorship, and knowledge sharing to your peers</li>
</ul>
</div></div>
<div><p>
<strong>Qualifications</strong><br>
</p></div>
<div><div>
<p><strong>What Essential Skills You Will Need</strong></p>
<ul>
<li>You have a degree in Engineering – specialization in CS/IT will be an advantage</li>
<li>You have at least 4+ years of working experience in a relevant field</li>
<li>You are proficient in one or more programming languages (we mostly use Go) and the fundamentals of CS, such as data structures and algorithms</li>
<li>You have working knowledge of building distributed backend systems with DBMS (SQL, NoSQL) and caches (Redis) – Kubernetes and Kafka experience will be an advantage</li>
<li>You showcase proactivity and creativity, and understand the right balance between product, engineering, and business needs</li>
<li>You have exposure to Agile and weekly sprint and release working models</li>
<li>Proficiency in English both verbally and written</li>
</ul>
</div></div>
<div><p>
<strong>Additional Information</strong><br>
</p></div>
<div><div>
<p><strong>Life at Grab</strong></p>
<p>We care about your well-being at Grab, here are some of the global benefits we offer:</p>
<ul>
<li>We have your back with <strong>Term Life Insurance </strong>and comprehensive <strong>Medical Insurance.</strong>
</li>
<li>With <strong>GrabFlex, </strong>create a benefits package that suits your needs and aspirations.</li>
<li>Celebrate moments that matter in life with loved ones through <strong>Parental</strong> and <strong>Birthday leave</strong>, and give back to your communities through <strong>Love-all-Serve-all (LASA)</strong> volunteering leave</li>
<li>We have a confidential <strong>Grabber Assistance Programme</strong> to guide and uplift you and your loved ones through life's challenges.</li>
<li>Balancing personal commitments and life's demands are made easier with our FlexWork arrangements such as differentiated hours</li>
</ul>
<p><strong>What We Stand For At Grab</strong></p>
<p>We are committed to building an inclusive and equitable workplace that provides equal opportunity for Grabbers to grow and perform at their best. We consider all candidates fairly and equally regardless of nationality, ethnicity, race, religion, age, gender, family commitments, physical and mental impairments or disabilities, and other attributes that make them unique.</p>
</div></div>","https://id.jobstreet.com/job/92472152"
"92159726","Digital Transformation & System Solution Head","Propan Raya Industrial Coating Chemicals","Tangerang, Banten",,"Full time","Information & Communication Technology","Programme & Project Management","2026-05-18T00:33:32.000Z","Responsibility: • Lead the planning and execution of strategic digitalization initiatives from discovery to go-live. • Design and maintain enterprise architecture blueprints that are modern, interoperable, and future-oriented. • Build integrated systems leveraging data warehouses, analytics, and AI to support business decision-making and process automation. • Establish standards for System Design, QA, Data, and AI as the foundation of digital transformation, ensuring compliance with audits, regulations, and best engineering practices. • Develop team capabilities through coaching, upskilling, and continuous improvement programs. • Act as a strategic liaison with stakeholders, ensuring adoption, alignment, and measurable contributions to revenue growth and cost efficiency. Requirement: • Bachelor’s degree in Computer Science or related field. • More than 7 years of professional experience in handling enterprise system architecture, including design, integration, and management of large-scale systems. • At least 3 years of proven experience in leveraging AI platforms & tools (e.g., Claude, ChatGPT, n8n.io, LLM, etc.) to accelerate workflows, enhance productivity, and support new system development. • Proven experience in leading application system development teams and managing digital transformation projects. • Background as a software developer is considered a strong plus, demonstrating deep understanding of system development processes. • Strong leadership, strategic communication, and a track record of guiding teams to deliver IT solutions with measurable business impact.","<h2><strong>Responsibility:</strong></h2><p>• Lead the planning and execution of strategic digitalization initiatives from discovery to go-live.</p><p>• Design and maintain enterprise architecture blueprints that are modern, interoperable, and future-oriented.</p><p>• Build integrated systems leveraging data warehouses, analytics, and AI to support business decision-making and process automation.</p><p>• Establish standards for System Design, QA, Data, and AI as the foundation of digital transformation, ensuring compliance with audits, regulations, and best engineering practices.</p><p>• Develop team capabilities through coaching, upskilling, and continuous improvement programs.</p><p>• Act as a strategic liaison with stakeholders, ensuring adoption, alignment, and measurable contributions to revenue growth and cost efficiency.</p><p><br></p><h2><strong>Requirement:</strong></h2><p>• Bachelor’s degree in Computer Science or related field.</p><p>• More than 7 years of professional experience in handling enterprise system architecture, including design, integration, and management of large-scale systems.</p><p>• At least 3 years of proven experience in leveraging AI platforms &amp; tools (e.g., Claude, ChatGPT, n8n.io, LLM, etc.) to accelerate workflows, enhance productivity, and support new system development.</p><p>• Proven experience in leading application system development teams and managing digital transformation projects.</p><p>• Background as a software developer is considered a strong plus, demonstrating deep understanding of system development processes.</p><p>• Strong leadership, strategic communication, and a track record of guiding teams to deliver IT solutions with measurable business impact.</p>","https://id.jobstreet.com/job/92159726"
"92412335","Sales Engineer","Karya Kemas Indonesia","Sidoarjo, East Java",,"Full time","Sales","Account & Relationship Management","2026-05-29T07:32:23.000Z","About the Role: We are looking for a dedicated Sales Engineer with strong technical skills , with a background in Mechanical Engineering to join our growing team. As a Sales Engineer, you will bridge the gap between engineering and sales, demonstrating how our machinery and services can solve clients’ operational challenges. You’ll be expected to increase sales consistently and act as a key partner in achieving the company’s goals. Role and Responsibilities: Reach out to potential clients via cold calls, visits, and networking in your assigned area Build and maintain strong customer relationships with regular follow-ups Understand customer needs and explain how our products can meet them Prepare and close deals through quotes, tenders, and negotiations Provide after-sales support, training, and basic technical assistance Keep accurate records of leads, client interactions, and sales activities in CRM Coordinate with internal teams to ensure smooth sales execution Attend trade shows and events to promote our brand Give product demos and assist with technical discussions before sales Work with engineers to customize products as per client requirements Track sales performance, market trends, and share insights with management Stay updated on all products, including machines and software Meet daily, weekly, and monthly sales targets Requirements: Education: Bachelor’s Degree in Mechanical/Electrical/Industrial Engineering Experience: 2–3 years of experience in Sales Engineer Strong communication, negotiation, and problem-solving skills. Fluent in English ( preferred ) Ability to travel and meet clients in person as required. Self-motivated, target-driven, and able to work independently and in a team.","<p><strong>About the Role:</strong></p><p>We are looking for a dedicated Sales Engineer with strong technical skills , with a background in Mechanical Engineering to join our growing team.</p><p>As a Sales Engineer, you will bridge the gap between engineering and sales, demonstrating how our machinery and services can solve clients’ operational challenges. You’ll be expected to increase sales consistently and act as a key partner in achieving the company’s goals.</p><p><strong>Role and Responsibilities:</strong></p><ul><li><p>Reach out to potential clients via cold calls, visits, and networking in your assigned area</p></li><li><p>Build and maintain strong customer relationships with regular follow-ups</p></li><li><p>Understand customer needs and explain how our products can meet them</p></li><li><p>Prepare and close deals through quotes, tenders, and negotiations</p></li><li><p>Provide after-sales support, training, and basic technical assistance</p></li><li><p>Keep accurate records of leads, client interactions, and sales activities in CRM</p></li><li><p>Coordinate with internal teams to ensure smooth sales execution</p></li><li><p>Attend trade shows and events to promote our brand</p></li><li><p>Give product demos and assist with technical discussions before sales</p></li><li><p>Work with engineers to customize products as per client requirements</p></li><li><p>Track sales performance, market trends, and share insights with management</p></li><li><p>Stay updated on all products, including machines and software</p></li><li><p>Meet daily, weekly, and monthly sales targets</p></li></ul><p><strong>Requirements:</strong></p><ul><li><p>Education: Bachelor’s Degree in Mechanical/Electrical/Industrial Engineering</p></li><li><p>Experience: 2–3 years of experience in Sales Engineer</p></li><li><p>Strong communication, negotiation, and problem-solving skills.</p></li><li><p>Fluent in English ( preferred )</p></li><li><p>Ability to travel and meet clients in person as required.</p></li><li><p>Self-motivated, target-driven, and able to work independently and in a team.</p></li></ul><p><br></p>","https://id.jobstreet.com/job/92412335"
"92139057","IT Support","Centra Kosambi Jaya","Cirebon Regency, West Java",,"Full time","Information & Communication Technology","Help Desk & IT Support","2026-05-15T07:09:51.000Z","Requirements : Minimum education: Bachelor’s Degree in Information Technology, Computer Engineering, Information Systems, or related field Minimum 1–2 years of experience in IT Infrastructure, IT Support, or Network Support Strong understanding of hardware and software installation, maintenance, and troubleshooting Familiar with computer networking (LAN/WAN), routers, switches, access points, and internet troubleshooting Experience in Mikrotik configuration is an advantage Familiar with setup and maintenance of CCTV, printers, scanners, and other supporting devices Basic understanding of server management, shared folders, user access management, and data backup Able to perform preventive maintenance for IT devices and infrastructure Strong troubleshooting and problem-solving skills Good communication and coordination skills to support end users Able to work in a dynamic office and factory environment Willing to be placed in Cirebon","<p>Requirements :</p><ul><li><p>Minimum education: Bachelor’s Degree in Information Technology, Computer Engineering, Information Systems, or related field</p></li><li><p>Minimum 1–2 years of experience in IT Infrastructure, IT Support, or Network Support</p></li><li><p>Strong understanding of hardware and software installation, maintenance, and troubleshooting</p></li><li><p>Familiar with computer networking (LAN/WAN), routers, switches, access points, and internet troubleshooting</p></li><li><p>Experience in Mikrotik configuration is an advantage</p></li><li><p>Familiar with setup and maintenance of CCTV, printers, scanners, and other supporting devices</p></li><li><p>Basic understanding of server management, shared folders, user access management, and data backup</p></li><li><p>Able to perform preventive maintenance for IT devices and infrastructure</p></li><li><p>Strong troubleshooting and problem-solving skills</p></li><li><p>Good communication and coordination skills to support end users</p></li><li><p>Able to work in a dynamic office and factory environment</p></li><li><p><strong>Willing to be placed in Cirebon</strong></p></li></ul><p><br></p>","https://id.jobstreet.com/job/92139057"
"92035156","Senior Structural Engineer, Engineering Consultancy, Jakarta","Potentia HR","South Jakarta, Jakarta",,"Full time","Engineering","Civil/Structural Engineering","2026-05-11T07:39:03.000Z","We’re currently partnering with a well-established, global engineering consultancy with a strong presence across Asia, including a high-performing team in Jakarta. Known for delivering award-winning projects both locally and internationally, the firm combines innovative design with practical, efficient solutions while maintaining a strong people-first culture. This is an exciting time to join their growing structural engineering team, offering exposure to diverse, high-impact projects and the opportunity to work alongside experienced, collaborative professionals. Job Responsibility: Applying a deep understanding of engineering principles to devise and deliver practical and economical solutions to problems. Produce designs, documentation, specifications, reports and other documentation to meet client requirements for projects of reasonable complexity. Prepare structural design report to the client or authority. Monitor projects for fee variations for consistency. Liaise with engineers and drafters to enable preparation of documentation. Manage design team of engineers and drafters including allocation of resources and checking work for small or medium projects. Job Requirement: 5+ years’ experience in Civil (Structural) Engineering. Degree in Civil Engineering, major in structural engineering from any university. SKA/ SKK license is an advantage. Strong technical ability and understanding of the engineering principals. Good understanding about the Indonesian Code and Standards. Ability to use structural engineering software such as ETABS (intermediate to advance), SAFE, RAM Concept, RAPT, SpaceGass. Ability in using Revit is an advantage. Interpersonal and Communication Skills: Ability to communicate in English in written and verbal clearly and tactfully. Experience in design and documentation of small and medium range projects. Experience in high rise building project is not a must but advantageous. Effectively working and manage a team under less supervision.","<p>We’re currently partnering with a well-established, global engineering consultancy with a strong presence across Asia, including a high-performing team in Jakarta. Known for delivering award-winning projects both locally and internationally, the firm combines innovative design with practical, efficient solutions while maintaining a strong people-first culture. This is an exciting time to join their growing structural engineering team, offering exposure to diverse, high-impact projects and the opportunity to work alongside experienced, collaborative professionals.</p><p><strong>Job Responsibility:</strong></p><ul><li><p>Applying a deep understanding of engineering principles to devise and deliver practical and economical solutions to problems.</p></li><li><p>Produce designs, documentation, specifications, reports and other documentation to meet client requirements for projects of reasonable complexity.</p></li><li><p>Prepare structural design report to the client or authority.</p></li><li><p>Monitor projects for fee variations for consistency.&nbsp;</p></li><li><p>Liaise with engineers and drafters to enable preparation of documentation.</p></li><li><p>Manage design team of engineers and drafters including allocation of resources and checking work for small or medium projects.&nbsp;</p></li></ul><p><strong>Job Requirement:</strong></p><ul><li><p>5+ years’ experience in Civil (Structural) Engineering.</p></li><li><p>Degree in Civil Engineering, major in structural engineering from any university.</p></li><li><p>SKA/ SKK license is an advantage.</p></li><li><p>Strong technical ability and understanding of the engineering principals.</p></li><li><p>Good understanding about the Indonesian Code and Standards.</p></li><li><p>Ability to use structural engineering software such as ETABS (intermediate to advance), SAFE, RAM Concept, RAPT, SpaceGass.</p></li><li><p>Ability in using Revit is an advantage.</p></li><li><p>Interpersonal and Communication Skills: Ability to communicate in English in written and verbal clearly and tactfully.</p></li><li><p>Experience in design and documentation of small and medium range projects.</p></li><li><p>Experience in high rise building project is not a must but advantageous.</p></li><li><p>Effectively working and manage a team under less supervision.&nbsp;</p></li></ul><p><br></p>","https://id.jobstreet.com/job/92035156"
"92150573","Engineer Struktur & Arsitektur","Mukti Adhi Sejahtera","Bali","Rp 6.000.000 – Rp 8.000.000 per month","Contract/Temp","Engineering","Civil/Structural Engineering","2026-05-16T04:00:56.000Z","Engineer Struktur & Arsitektur Tanggung Jawab Membuat perencanaan desain arsitektur dan struktur bangunan sesuai dengan spesifikasi proyek. Menyusun gambar kerja (shop drawing) dan detail engineering design (DED). Berkolaborasi dengan tim proyek untuk memastikan desain sesuai dengan standar teknis, estetika, dan regulasi. Mengawasi pelaksanaan proyek konstruksi untuk memastikan kesesuaian dengan desain, spesifikasi teknis, dan jadwal. Memberikan solusi teknis atas masalah yang muncul selama pelaksanaan proyek. Berkomunikasi dengan klien untuk memastikan kebutuhan dan ekspektasi proyek terpenuhi. Kualifikasi Lulusan S1 Teknik Arsitektur atau Teknik Sipil. Memiliki sertifikasi profesi yang relevan (contoh: SKA Ahli Teknik Bangunan Gedung atau setara). Pengalaman minimal 3-5 tahun dalam perencanaan, desain, dan pengawasan proyek konstruksi. Berpengalaman dalam proyek berskala high rise building. Menguasai software desain dan analisis teknik seperti AutoCAD, Revit atau SAP2000. Memiliki kemampuan membaca dan membuat gambar teknis arsitektur dan sipil. Kemampuan komunikasi yang baik untuk berkoordinasi dengan berbagai pihak terkait. Kemampuan berbahasa inggris aktif maupun pasif dengan baik dan lancar. Penempatan Bali.","<p><strong>Engineer Struktur &amp; Arsitektur</strong></p><p><strong>Tanggung Jawab</strong></p><ul><li><p>Membuat perencanaan desain arsitektur dan struktur bangunan sesuai dengan spesifikasi proyek.</p></li><li><p>Menyusun gambar kerja (shop drawing) dan detail engineering design (DED).</p></li><li><p>Berkolaborasi dengan tim proyek untuk memastikan desain sesuai dengan standar teknis, estetika, dan regulasi.</p></li><li><p>Mengawasi pelaksanaan proyek konstruksi untuk memastikan kesesuaian dengan desain, spesifikasi teknis, dan jadwal.</p></li><li><p>Memberikan solusi teknis atas masalah yang muncul selama pelaksanaan proyek.</p></li><li><p>Berkomunikasi dengan klien untuk memastikan kebutuhan dan ekspektasi proyek terpenuhi.</p></li></ul><p><strong>Kualifikasi</strong></p><ul><li><p>Lulusan S1 Teknik Arsitektur atau Teknik Sipil.</p></li><li><p>Memiliki sertifikasi profesi yang relevan (contoh: SKA Ahli Teknik Bangunan Gedung atau setara).</p></li><li><p>Pengalaman minimal 3-5 tahun dalam perencanaan, desain, dan pengawasan proyek konstruksi.</p></li><li><p>Berpengalaman dalam proyek berskala high rise building.</p></li><li><p>Menguasai software desain dan analisis teknik seperti AutoCAD, Revit atau SAP2000.</p></li><li><p>Memiliki kemampuan membaca dan membuat gambar teknis arsitektur dan sipil.</p></li><li><p>Kemampuan komunikasi yang baik untuk berkoordinasi dengan berbagai pihak terkait.</p></li><li><p>Kemampuan berbahasa inggris aktif maupun pasif dengan baik dan lancar.</p></li><li><p>Penempatan Bali.</p></li></ul><p><br></p>","https://id.jobstreet.com/job/92150573"
"92411398","SDET / QA Automation Engineer","Lion Parcel","West Jakarta, Jakarta",,"Contract/Temp","Information & Communication Technology","Testing & Quality Assurance","2026-05-29T07:06:09.000Z","JOB REQUIREMENT Bachelor degree in information technology, Computer science or related field Minimum 4 years working experience in QA Engineer/SDET/Test Engineer Deep understanding about knowledge of software QA methodologies, STLC and processes Experience with test automation frameworks like Robot, Appium, Selenium, WebDriver. Good understanding of GitHub, branches, and pull requests Extent and monitor infrastructure QA suite of tests. Experience with CI/CD pipelines. Actively contribute to the setup and development of automated testing for mobile apps and back-end functionality. JOB DESCRIPTION Design and develop comprehensive testing plans to ensure adequate test coverage. Collaborate with the development team to understand features to be tested and their functional requirements. Build a reliable and efficient automated testing framework Execute automated testing scenarios to identify defects, performance issues, and deviations from requirements. Analyze test results and collaborate with SQA and the development team to identify issues. Ensure test scripts remain functional and provide consistent results. Create detailed testing reports with results, identified defects, and steps to reproduce issues. Identify opportunities for automation or testing efficiency improvements.","<p><strong>JOB REQUIREMENT&nbsp;</strong></p><p><br></p><ol><li><p>Bachelor degree in information technology, Computer science or related field</p></li><li><p>Minimum 4 years working experience in QA Engineer/SDET/Test Engineer</p></li><li><p>Deep understanding about knowledge of software QA methodologies, STLC and processes</p></li><li><p>Experience with test automation frameworks like Robot, Appium, Selenium, WebDriver.</p></li><li><p>Good understanding of GitHub, branches, and pull requests</p></li><li><p>Extent and monitor infrastructure QA suite of tests.</p></li><li><p>Experience with CI/CD pipelines.</p></li><li><p>Actively contribute to the setup and development of automated testing for mobile apps and back-end functionality.</p></li></ol><p><br></p><p><strong>JOB DESCRIPTION&nbsp;</strong></p><ol><li><p>Design and develop comprehensive testing plans to ensure adequate test coverage.</p></li><li><p>Collaborate with the development team to understand features to be tested and their functional requirements.</p></li><li><p>Build a reliable and efficient automated testing framework</p></li><li><p>Execute automated testing scenarios to identify defects, performance issues, and deviations from requirements.</p></li><li><p>Analyze test results and collaborate with SQA and the development team to identify issues.</p></li><li><p>Ensure test scripts remain functional and provide consistent results.</p></li><li><p>Create detailed testing reports with results, identified defects, and steps to reproduce issues.</p></li><li><p>Identify opportunities for automation or testing efficiency improvements.</p></li></ol><p><br></p>","https://id.jobstreet.com/job/92411398"
"92303736","Proposal Engineer","Southern Chemicals & Engineering","North Jakarta, Jakarta",,"Full time","Engineering","Chemical Engineering","2026-05-25T01:44:13.000Z","Requirement : Bachelor's degree in Chemical Engineering / Environmental Engineering Minimum 2 years of experience in the WTP/WWTP field. Have basic knowledge about : Pump Piping Pressure Vessel Valve WTP/WWTP process Software skill: Ms. Excel Ms. Word Ms. PowerPoint Ms. Outlook Job description : Do the calculation for pipe sizing, pump selection, and vessel dimension (filtration system) Running RO Projection software (IMSDesign, WAVE, Winflow) Prepare technical and commercial proposal Project cost estimation Site survey and/or presentation.","<p><strong>Requirement :</strong></p><ol><li><p>Bachelor's degree in Chemical Engineering / Environmental Engineering</p></li><li><p>Minimum 2 years of experience in the WTP/WWTP field.</p></li><li><p>Have basic knowledge about :</p></li></ol><ul><li><p>Pump</p></li><li><p>Piping</p></li><li><p>Pressure Vessel</p></li><li><p>Valve</p></li><li><p>WTP/WWTP process</p></li></ul><ol><li><p>Software skill:</p></li></ol><ul><li><p>Ms. Excel</p></li><li><p>Ms. Word</p></li><li><p>Ms. PowerPoint</p></li><li><p>Ms. Outlook</p></li></ul><p><br></p><p><strong>Job description :</strong></p><ol><li><p>Do the calculation for pipe sizing, pump selection, and vessel dimension (filtration system)</p></li><li><p>Running RO Projection software (IMSDesign, WAVE, Winflow)</p></li><li><p>Prepare technical and commercial proposal</p></li><li><p>Project cost estimation</p></li><li><p>Site survey and/or presentation.</p></li></ol><p><br></p>","https://id.jobstreet.com/job/92303736"
"92177886","Drafter BIM","Ciputra Residence","Cikupa, Banten",,"Full time","Engineering","Engineering Drafting","2026-05-18T09:15:55.000Z","Job Descriptions: Prepare detailed technical drawings and documentation using BIM software (e.g., Revit) Develop detailed drawings, including plans, sections, and elevations Coordinate BIM models with architects, engineers, and other consultants Update drawings and models based on design revisions Organize and manage drawing files and project documentation Job Requirements: Diploma or Bachelor’s Degree in Architecture, Civil Engineering, or related field 1–3 years of experience as a drafter or BIM modeler Proficiency in BIM software such as Revit ( mandatory ) Familiarity with AutoCAD and basic 2D drafting standards Strong attention to detail and accuracy Good communication and coordination skills Able to work under deadlines in a fast-paced environment Willing to be placed in CitraRaya, Tangerang","<p><strong>Job Descriptions:</strong></p><ul><li><p>Prepare detailed technical drawings and documentation using BIM software (e.g., Revit)</p></li><li><p>Develop detailed drawings, including plans, sections, and elevations</p></li><li><p>Coordinate BIM models with architects, engineers, and other consultants</p></li><li><p>Update drawings and models based on design revisions</p></li><li><p>Organize and manage drawing files and project documentation</p></li></ul><p><br></p><p><strong>Job Requirements:</strong><br></p><ul><li><p><strong>Diploma or Bachelor’s Degree</strong> in Architecture, Civil Engineering, or related field</p></li><li><p>1–3 years of experience as a<strong> drafter or BIM modeler</strong></p></li><li><p>Proficiency in BIM software such as Revit (<strong>mandatory</strong>)</p></li><li><p>Familiarity with AutoCAD and basic 2D drafting standards</p></li><li><p>Strong attention to detail and accuracy</p></li><li><p>Good communication and coordination skills</p></li><li><p>Able to work under deadlines in a fast-paced environment</p></li><li><p>Willing to be placed in <strong>CitraRaya, Tangerang</strong></p></li></ul><p><br></p>","https://id.jobstreet.com/job/92177886"
"92059675","Mud Logger/ Directional Driller/ Data Engineer/ Pressure Engineer","PT Navita Origo Solution","Bengkalis, Riau",,"Contract/Temp","Mining, Resources & Energy","Oil & Gas - Drilling","2026-05-12T06:17:48.000Z","About the role We are seeking experienced Mud Loggers and Directional Driller to join our team on a contract basis in Fields. This is an exciting opportunity to contribute to the operations of our oil and gas drilling projects, utilising your technical expertise to support the efficiency and safety of our drilling activities. What you'll be doing Providing real-time monitoring and analysis of drilling parameters and wellbore conditions to ensure smooth drilling operations and to optimize drilling performance and mitigate risks Interpreting and reporting on directional drilling data to ensure optimal wellbore placement and trajectory Collecting, processing, and analyzing drilling data to generate insights that inform operational decisions Collaborating with the drilling team to troubleshoot issues and implement solutions Maintaining accurate and detailed records of all drilling activities and parameters Adhering to all health, safety, and environmental regulations and procedures What we're looking for Proven experienced minimum 4 years of work as a Mud Logger, Directional Driller, or Data/Pressure Engineer Strong technical understanding of drilling operations Excellent problem-solving and critical thinking skills Effective communication and interpersonal abilities to work collaboratively with the drilling team Proficiency in using relevant software and data management tools A commitment to safety and environmental responsibility What we offer We are dedicated to providing our employees with a rewarding and supportive work environment. As a member of our team, you can expect: Competitive remuneration and benefits package Opportunities for professional development and career advancement A collaborative and dynamic work culture that values innovation and teamwork Comprehensive health, safety, and wellbeing initiatives to support your overall wellness Work in the Office About us We are leading provider of real time monitoring services in Indonesia. With a strong track record of delivering safe and efficient operations, we are committed to driving the sustainable development of the energy sector. Our team of highly skilled professionals is dedicated to pushing the boundaries of what's possible in the industry. Apply now to join our dynamic team and play a vital role in our continued growth and success.","<p><strong>About the role</strong><br><br>We are seeking experienced Mud Loggers and Directional Driller to join our team on a contract basis in Fields. This is an exciting opportunity to contribute to the operations of our oil and gas drilling projects, utilising your technical expertise to support the efficiency and safety of our drilling activities.</p><p><strong>What you'll be doing</strong></p><ol><li><p>Providing real-time monitoring and analysis of drilling parameters and wellbore conditions to ensure smooth drilling operations and to optimize drilling performance and mitigate risks</p></li><li><p>Interpreting and reporting on directional drilling data to ensure optimal wellbore placement and trajectory</p></li><li><p>Collecting, processing, and analyzing drilling data to generate insights that inform operational decisions</p></li><li><p>Collaborating with the drilling team to troubleshoot issues and implement solutions</p></li><li><p>Maintaining accurate and detailed records of all drilling activities and parameters</p></li><li><p>Adhering to all health, safety, and environmental regulations and procedures</p></li></ol><p><strong>What we're looking for</strong></p><ol><li><p>Proven experienced minimum 4 years of work as a Mud Logger, Directional Driller, or Data/Pressure Engineer</p></li><li><p>Strong technical understanding of drilling operations</p></li><li><p>Excellent problem-solving and critical thinking skills</p></li><li><p>Effective communication and interpersonal abilities to work collaboratively with the drilling team</p></li><li><p>Proficiency in using relevant software and data management tools</p></li><li><p>A commitment to safety and environmental responsibility</p></li></ol><p><strong>What we offer</strong><br><br>We are dedicated to providing our employees with a rewarding and supportive work environment. As a member of our team, you can expect:</p><ol><li><p>Competitive remuneration and benefits package</p></li><li><p>Opportunities for professional development and career advancement</p></li><li><p>A collaborative and dynamic work culture that values innovation and teamwork</p></li><li><p>Comprehensive health, safety, and wellbeing initiatives to support your overall wellness</p></li><li><p>Work in the Office</p></li></ol><p><br></p><p><strong>About us</strong><br><br>We are leading provider of real time monitoring services in Indonesia. With a strong track record of delivering safe and efficient operations, we are committed to driving the sustainable development of the energy sector. Our team of highly skilled professionals is dedicated to pushing the boundaries of what's possible in the industry.</p><p>Apply now to join our dynamic team and play a vital role in our continued growth and success.</p><p><br></p>","https://id.jobstreet.com/job/92059675"
"92062860","Structural engineer","JDH Design and Build","Mengwi, Bali","Rp 5.000.000 – Rp 6.000.000 per month","Full time","Engineering","Civil/Structural Engineering","2026-05-12T07:40:41.000Z","About the role As a Structural Engineer at JDH Design and Build, you will play a crucial role in the design and construction of innovative, sustainable structures in the beautiful region of Pererenani, Bali. Reporting to the Lead Structural Engineer, you will be responsible for providing technical expertise and overseeing the structural integrity of our projects, ensuring they meet the highest safety and quality standards. This full-time position offers the opportunity to be part of an ambitious, forward-thinking company at the forefront of civil/structural engineering in Indonesia. What you'll be doing Conducting structural analyses and designing load-bearing systems for a variety of building types, including residential, commercial and industrial properties Collaborating with architects, construction managers and other stakeholders to develop integrated, sustainable design solutions Preparing detailed engineering drawings, specifications and reports to support the construction process Ensuring project compliance with relevant building codes, regulations and industry best practices Providing on-site supervision and technical guidance to construction teams Identifying and resolving complex engineering challenges throughout the project lifecycle Continuously researching and implementing the latest advancements in structural engineering and construction techniques What we're looking for Bachelor's degree in Civil/Structural Engineering or a related field Minimum 5 years of relevant experience in structural design, preferably within the construction industry Proficient in the use of engineering software such as ETABS, SAP2000 and AutoCAD Strong analytical and problem-solving skills, with the ability to think creatively and find innovative solutions Excellent communication and collaboration skills, with the ability to work effectively in a team environment Familiarity with local building codes and regulations, as well as international best practices Passion for sustainable design and a commitment to environmental stewardship What we offer At JDH Design and Build, we are committed to providing our employees with a supportive, collaborative work environment that fosters personal and professional growth. In addition to competitive remuneration, we offer a range of benefits, including: • Comprehensive health insurance coverage • Ongoing training and development opportunities • Flexible work arrangements and a healthy work-life balance • Opportunities for international project placements and collaboration • A strong focus on sustainability and environmental responsibility About us JDH Design and Build is a leading civil/structural engineering firm in Indonesia, renowned for our innovative, sustainable design solutions and our commitment to excellence. With a talented team of engineers, architects and construction professionals, we have a track record of delivering complex projects that transform communities and enhance the built environment. Our mission is to create structures that not only meet the highest safety and quality standards, but also contribute to the long-term well-being of the people and environments they serve. If you're a passionate, driven structural engineer who shares our vision, we encourage you to apply now for this exciting opportunity.","<p><strong>About the role</strong><br><br>As a Structural Engineer at JDH Design and Build, you will play a crucial role in the design and construction of innovative, sustainable structures in the beautiful region of Pererenani, Bali. Reporting to the Lead Structural Engineer, you will be responsible for providing technical expertise and overseeing the structural integrity of our projects, ensuring they meet the highest safety and quality standards. This full-time position offers the opportunity to be part of an ambitious, forward-thinking company at the forefront of civil/structural engineering in Indonesia.</p><p><strong>What you'll be doing</strong></p><ul><li><p>Conducting structural analyses and designing load-bearing systems for a variety of building types, including residential, commercial and industrial properties</p></li><li><p>Collaborating with architects, construction managers and other stakeholders to develop integrated, sustainable design solutions</p></li><li><p>Preparing detailed engineering drawings, specifications and reports to support the construction process</p></li><li><p>Ensuring project compliance with relevant building codes, regulations and industry best practices</p></li><li><p>Providing on-site supervision and technical guidance to construction teams</p></li><li><p>Identifying and resolving complex engineering challenges throughout the project lifecycle</p></li><li><p>Continuously researching and implementing the latest advancements in structural engineering and construction techniques</p></li></ul><p><strong>What we're looking for</strong></p><ul><li><p>Bachelor's degree in Civil/Structural Engineering or a related field</p></li><li><p>Minimum 5 years of relevant experience in structural design, preferably within the construction industry</p></li><li><p>Proficient in the use of engineering software such as ETABS, SAP2000 and AutoCAD</p></li><li><p>Strong analytical and problem-solving skills, with the ability to think creatively and find innovative solutions</p></li><li><p>Excellent communication and collaboration skills, with the ability to work effectively in a team environment</p></li><li><p>Familiarity with local building codes and regulations, as well as international best practices</p></li><li><p>Passion for sustainable design and a commitment to environmental stewardship</p></li></ul><p><strong>What we offer</strong><br><br>At JDH Design and Build, we are committed to providing our employees with a supportive, collaborative work environment that fosters personal and professional growth. In addition to competitive remuneration, we offer a range of benefits, including:<br><br><strong>• Comprehensive health insurance coverage</strong><br><strong>• Ongoing training and development opportunities</strong><br><strong>• Flexible work arrangements and a healthy work-life balance</strong><br><strong>• Opportunities for international project placements and collaboration</strong><br><strong>• A strong focus on sustainability and environmental responsibility</strong></p><p><strong>About us</strong><br><br>JDH Design and Build is a leading civil/structural engineering firm in Indonesia, renowned for our innovative, sustainable design solutions and our commitment to excellence. With a talented team of engineers, architects and construction professionals, we have a track record of delivering complex projects that transform communities and enhance the built environment. Our mission is to create structures that not only meet the highest safety and quality standards, but also contribute to the long-term well-being of the people and environments they serve.</p><p>If you're a passionate, driven structural engineer who shares our vision, we encourage you to <strong>apply now</strong> for this exciting opportunity.</p><p><br></p>","https://id.jobstreet.com/job/92062860"
"92313907","Software Engineer","Private Advertiser","Kuta, Bali",,"Full time","Information & Communication Technology","Developers/Programmers","2026-05-25T06:04:46.000Z","About Us We're a small but mighty digital agency that builds thoughtful, integrated ecommerce experiences and AI-powered apps for organisations that make a difference. From well-known Not-For-Profits like RSPCA, BreastScreen Victoria, and The Ian Potter Foundation to ambitious enterprises, we care about doing great work with great people. We're looking for a software engineer who knows their way around Shopify, SilverStripe, React, loves solving tricky problems, and enjoys being part of a collaborative team. If you've got agency experience and a keen eye for clean, scalable code, we’d love to chat. What You’ll Be Doing ● Building and maintaining custom Shopify sites and storefronts, including headless builds using frameworks like Hydrogen or Next.js ● Building and maintaining SilverStripe CMS websites ● Developing React apps, including web and AI products ● Collaborating with designers and clients to turn creative ideas into reliable, responsive interfaces ● Working across a mix of e-commerce builds, content platforms, and internal tools ● Integrate third-party APIs, payment gateways, analytics, and ERP systems ● Reviewing code, sharing knowledge, and helping us all get better together What We’re Looking For ● 4+ years of experience in a software engineering role ● Strong knowledge of Shopify (Liquid, theme development, custom storefronts) ● Proficiency in PHP8+ ● Proficiency in React and TypeScript (Next.js, Vite or similar) ● Comfortable working in a team and juggling multiple projects ● Previous experience working in an agency or fast-paced environment ● Interest or experience in building with AI tools or APIs (bonus points if you've shipped something!) Why You’ll Love It Here ● We love complex problems to solve ● We embrace AI, building Shopify apps and conversational agents, leveraging tooling to help us move forward at pace ● If working with Not For Profits excites you, this opportunity is for you! ● You’ll play a pivotal role in our growth ● We actually collaborate and support each other, not just say we do ● Opportunities for professional development and growth ● Flexible work arrangements - we love getting together on Fridays in our South Melbourne office to connect, but there’s no corporate mandates here - work with what works best for your team and clients If this sounds like your kind of role, send us your CV, GitHub or portfolio, and a quick note telling us a bit about you. We’d love to hear from you.","<p><strong>About Us</strong></p><p>We're a small but mighty digital agency that builds thoughtful, integrated ecommerce experiences and AI-powered apps for organisations that make a difference. From well-known Not-For-Profits like RSPCA, BreastScreen Victoria, and The Ian Potter Foundation to ambitious enterprises, we care about doing great work with great people.</p><p>We're looking for a software engineer who knows their way around Shopify, SilverStripe, React, loves solving tricky problems, and enjoys being part of a collaborative team. If you've got agency experience and a keen eye for clean, scalable code, we’d love to chat.</p><p><br><strong>What You’ll Be Doing</strong></p><p>● Building and maintaining custom Shopify sites and storefronts, including headless builds using frameworks like Hydrogen or Next.js</p><p>● Building and maintaining SilverStripe CMS websites</p><p>● Developing React apps, including web and AI products</p><p>● Collaborating with designers and clients to turn creative ideas into reliable, responsive interfaces</p><p>● Working across a mix of e-commerce builds, content platforms, and internal tools</p><p>● Integrate third-party APIs, payment gateways, analytics, and ERP systems</p><p>● Reviewing code, sharing knowledge, and helping us all get better together</p><p><br><strong>What We’re Looking For</strong></p><p>● 4+ years of experience in a software engineering role</p><p>● Strong knowledge of Shopify (Liquid, theme development, custom storefronts)</p><p>● Proficiency in PHP8+</p><p>● Proficiency in React and TypeScript (Next.js, Vite or similar)</p><p>● Comfortable working in a team and juggling multiple projects</p><p>● Previous experience working in an agency or fast-paced environment</p><p>● Interest or experience in building with AI tools or APIs (bonus points if you've shipped something!)</p><p><strong><br>Why You’ll Love It Here</strong></p><p>● We love complex problems to solve</p><p>● We embrace AI, building Shopify apps and conversational agents, leveraging tooling to help us move forward at pace</p><p>● If working with Not For Profits excites you, this opportunity is for you!</p><p>● You’ll play a pivotal role in our growth</p><p>● We actually collaborate and support each other, not just say we do</p><p>● Opportunities for professional development and growth</p><p>● Flexible work arrangements - we love getting together on Fridays in our South Melbourne office to connect, but there’s no corporate mandates here - work with what works best for your team and clients</p><p><br>If this sounds like your kind of role, send us your CV, GitHub or portfolio, and a quick note telling us a bit about you. We’d love to hear from you.</p>","https://id.jobstreet.com/job/92313907"
"92010376","Civil Engineer (English speaker)","PT.SINOMA DEVELOPMENT INDONESIA","Merauke, South Papua","Rp 9.000.000 – Rp 13.500.000 per month","Full time","Engineering","Civil/Structural Engineering","2026-05-09T03:51:54.000Z","Job Description Long-term stationed at the site , responsible for daily on-site work within the civil engineering discipline. Assist the Project Manager in executing all project management tasks related to the civil engineering scope. Coordinate with subcontractors, vendors, and internal teams to resolve on-site technical issues. Manage and supervise civil engineering construction activities to ensure progress, quality, and safety compliance. Participate in technical reviews, inspections, and documentation preparation as required. Support the implementation of construction plans, design changes, and engineering solutions. Job Requirements Bachelor's degree in Civil Engineering or a related field Speak and write fluent English, Chinese is a plus 3-5 years of experience as a Civil Engineer Strong technical skills in structural design, construction methods, and project management Proficiency in computer-aided design (CAD) software and project management tools Excellent problem-solving, critical thinking, and decision-making abilities Strong communication and interpersonal skills, with the ability to effectively collaborate with diverse teams","<p><strong>Job Description</strong></p><ul><li><p><strong>Long-term stationed at the site</strong>, responsible for daily on-site work within the civil engineering discipline.</p></li><li><p><strong>Assist the Project Manager</strong> in executing all project management tasks related to the civil engineering scope.</p></li><li><p><strong>Coordinate with subcontractors, vendors, and internal teams</strong> to resolve on-site technical issues.</p></li><li><p><strong>Manage and supervise</strong> civil engineering construction activities to ensure progress, quality, and safety compliance.</p></li><li><p>Participate in technical reviews, inspections, and documentation preparation as required.</p></li><li><p>Support the implementation of construction plans, design changes, and engineering solutions.</p></li></ul><p><strong>Job Requirements</strong></p><ul><li><p>Bachelor's degree in Civil Engineering or a related field</p></li><li><p>Speak and write fluent English, Chinese is a plus</p></li><li><p><strong>3-5</strong> years of experience as a Civil Engineer</p></li><li><p>Strong technical skills in structural design, construction methods, and project management</p></li><li><p>Proficiency in computer-aided design (CAD) software and project management tools</p></li><li><p>Excellent problem-solving, critical thinking, and decision-making abilities</p></li><li><p>Strong communication and interpersonal skills, with the ability to effectively collaborate with diverse teams</p></li></ul><p><br></p>","https://id.jobstreet.com/job/92010376"
"92323717","Internal Sales and Marketing Engineer","Private Advertiser","Bekasi, West Java",,"Contract/Temp","Sales","Sales Coordinators","2026-05-25T14:59:57.000Z","About the role The Company is seeking a dynamic and detail-oriented Internal Sales and Marketing Engineer to join our team. This role is crucial for preparing sales quotations, managing the sales process, and interacting with our clients in both Bahasa Indonesia and English. The ideal candidate will be energetic, meticulous, and possess a strong can-do attitude to drive sales and client satisfaction. Key responsibilities Prepare accurate and timely sales quotations based on client requirements and technical specifications. Manage the end-to-end sales process, from initial inquiry through to order fulfilment. Communicate effectively with customers in both Bahasa Indonesia and English, addressing queries and providing technical support as needed. Develop and execute email blasts and marketing collateral to promote our products. Maintain and update timely and accurate customer records and sales information in the CRM system and Company information repository system. Collaborate with the sales and marketing teams to enhance client engagement and drive sales growth. Proactive and timely follow up with clients and prompt updates to your supervisor and the team. Monitor market trends and competitor activities to identify new business opportunities. Demonstrate a strong sense of urgency and accuracy in responding to sales support requests and internal coordination matters. Support in the preparation of marketing collateral. Qualifications Bachelor's degree in Engineering, Business, or a related field. Minimum of 3 years of experience in a sales engineering role, preferably in the valves, actuators, or related equipment sector. Fresh graduates are also welcome to apply. Strong proficiency in Bahasa Indonesia and English, both written and verbal. Excellent communication and interpersonal skills. Proven ability to manage multiple tasks and work under pressure. Detail-oriented with strong organizational and problem-solving skills. Proficient in Microsoft Office Suite and CRM software. Must have Attributes Energetic and proactive with a can-do attitude. Ability to quickly grasp technical concepts and apply them to sales processes. Strong negotiation and persuasion skills. How to Apply: Interested candidates are invited to submit their resume and cover letter via the Jobstreet portal. Only English applications are accepted.","<p><strong>About the role</strong></p><p>The Company is seeking a dynamic and detail-oriented Internal Sales and Marketing Engineer to join our team. This role is crucial for preparing sales quotations, managing the sales process, and interacting with our clients in both Bahasa Indonesia and English. The ideal candidate will be energetic, meticulous, and possess a strong can-do attitude to drive sales and client satisfaction.</p><p><strong>Key responsibilities</strong></p><ul><li><p>Prepare accurate and timely sales quotations based on client requirements and technical specifications.</p></li><li><p>Manage the end-to-end sales process, from initial inquiry through to order fulfilment.</p></li><li><p>Communicate effectively with customers in both Bahasa Indonesia and English, addressing queries and providing technical support as needed.</p></li><li><p>Develop and execute email blasts and marketing collateral to promote our products.</p></li><li><p>Maintain and update timely and accurate customer records and sales information in the CRM system and Company information repository system.</p></li><li><p>Collaborate with the sales and marketing teams to enhance client engagement and drive sales growth.</p></li><li><p>Proactive and timely follow up with clients and prompt updates to your supervisor and the team.</p></li><li><p>Monitor market trends and competitor activities to identify new business opportunities.</p></li><li><p>Demonstrate a strong sense of urgency and accuracy in responding to sales support requests and internal coordination matters.</p></li><li><p>Support in the preparation of marketing collateral.</p></li></ul><p><strong>Qualifications</strong></p><ul><li><p>Bachelor's degree in Engineering, Business, or a related field.</p></li><li><p>Minimum of 3 years of experience in a sales engineering role, preferably in the valves, actuators, or related equipment sector.</p></li><li><p>Fresh graduates are also welcome to apply.</p></li><li><p>Strong proficiency in Bahasa Indonesia and English, both written and verbal.</p></li><li><p>Excellent communication and interpersonal skills.</p></li><li><p>Proven ability to manage multiple tasks and work under pressure.</p></li><li><p>Detail-oriented with strong organizational and problem-solving skills.</p></li><li><p>Proficient in Microsoft Office Suite and CRM software.</p></li></ul><p><strong>Must have Attributes</strong></p><ul><li><p>Energetic and proactive with a can-do attitude.</p></li><li><p>Ability to quickly grasp technical concepts and apply them to sales processes.</p></li><li><p>Strong negotiation and persuasion skills.</p></li></ul><p><br></p><p><strong>How to Apply:</strong></p><p>Interested candidates are invited to submit their resume and cover letter via the Jobstreet portal. <strong>Only English applications are accepted.</strong><br></p>","https://id.jobstreet.com/job/92323717"
"92403088","Site Engineer (PENEMPATAN PROYEK JAKARTA)","Bringin Karya Sejahtera","Jakarta",,"Full time","Engineering","Civil/Structural Engineering","2026-05-29T03:10:36.000Z","PT. BRINGIN KARYA SEJAHTERA (BKS) adalah salah satu Perusahaan Anak Dana Pensiun BRI yang bergerak dalam Bidang Konstruksi, Pengelolaan Gedung (Building Management), Persewaan dan Pengelolaan Arsip mencari SDM Profesional dan Energic untuk posisi : SITE ENGINEER (PENEMPATAN PROYEK JAKARTA) Kualifikasi: Pendidikan minimal S1 Teknik Sipil Sehat jasmani dan rohani Menguasai software Ms. Office Excel, Ms. Office Word, Sketch Up dan Ms. Project Memiliki loyalitas, integritas, kejujuran, ketelitian dan kemauan mengembangkan diri Diutamakan memiliki SKA pada bidang Konstruksi Berpengalaman bekerja di Pekerjaan Konstruksi Bangunan Gedung Bertingkat minimal 2 (dua) tahun Mengoperasikan dan atau membaca gambar 2D,Mengoperasikan Aplikasi pengolah data, Memimpin dan Mengendalikan Proyek, Membuat Metode Kerja","<p><strong>PT. BRINGIN KARYA SEJAHTERA</strong> <strong>(BKS)</strong> adalah salah satu <strong>Perusahaan Anak Dana Pensiun BRI</strong> yang bergerak dalam Bidang Konstruksi, Pengelolaan Gedung (Building Management), Persewaan dan Pengelolaan Arsip mencari SDM Profesional dan Energic untuk posisi :</p><p><br></p><p><strong>SITE ENGINEER (PENEMPATAN PROYEK JAKARTA)</strong></p><p><strong>Kualifikasi:</strong></p><ul><li><p>Pendidikan minimal S1 Teknik Sipil&nbsp;</p></li><li><p>Sehat jasmani dan rohani&nbsp;</p></li><li><p>Menguasai software Ms. Office Excel, Ms. Office Word, Sketch Up dan Ms. Project&nbsp;</p></li><li><p>Memiliki loyalitas, integritas, kejujuran, ketelitian dan kemauan mengembangkan diri&nbsp;</p></li><li><p>Diutamakan memiliki SKA pada bidang Konstruksi&nbsp;</p></li><li><p>Berpengalaman bekerja di Pekerjaan Konstruksi Bangunan Gedung Bertingkat minimal 2 (dua) tahun</p></li><li><p>Mengoperasikan dan atau membaca gambar 2D,Mengoperasikan Aplikasi</p><p>pengolah data, Memimpin dan Mengendalikan Proyek, Membuat Metode Kerja</p></li></ul><p><br></p>","https://id.jobstreet.com/job/92403088"
"92036344","Resources Geologist","PT Huaan Mining Engineering","South Sulawesi",,"Full time","Mining, Resources & Energy","Mining - Exploration & Geoscience","2026-05-11T08:16:07.000Z","Key Responsibilities: Responsible for daily geological technical work at the project site Responsible for geological survey at exploration site, drilling site stakeout, geological logging of rock/mineral core, sampling, sample delivery, as well as geological database establishment, data entry, model updating, and resource estimation Responsible for designing geological exploration plans and compiling geological exploration reports for the project. Conduct periodic business travel/visits to mining project sites for supervision, data collection, and validation. Qualifications & Requirements: Bachelor's Degree (S1) or higher in Geology / Geological Engineering or a related field. Mandatory minimum of 3 years of hands-on experience in the nickel mining industry Mandatory experience in field exploration , geological mapping , and managing exploration drilling programs (e.g., core logging, sample QAQC, etc.). Mandatory proficiency in GIS software (ArcGIS, QGIS, etc.). Mandatory proficiency in English (both written and spoken) for technical reporting. Proficiency with geological modeling software (such as Surpac/Leapfrog ) is a strong advantage . Experience or strong understanding of resource estimation and calculation methods is a major plus . Proficiency in Mandarin is an advantage . Willing to be place at Huaan Project Exploration","<p><strong>Key Responsibilities:</strong></p><ul><li><p>Responsible for daily geological technical work at the project site</p></li><li><p>Responsible for geological survey at exploration site, drilling site stakeout, geological logging of rock/mineral core, sampling, sample delivery, as well as geological database establishment, data entry, model updating, and resource estimation</p></li><li><p>Responsible for designing geological exploration plans and compiling geological exploration reports for the project.</p></li><li><p>Conduct periodic business travel/visits to mining project sites for supervision, data collection, and validation.</p></li></ul><p><strong>Qualifications &amp; Requirements:</strong></p><ul><li><p>Bachelor's Degree (S1) or higher in Geology / Geological Engineering or a related field.</p></li><li><p><strong>Mandatory minimum of 3 years</strong> of hands-on experience in the nickel mining industry</p></li><li><p><strong>Mandatory experience</strong> in <strong>field exploration</strong>, <strong>geological mapping</strong>, and managing <strong>exploration drilling programs</strong> (e.g., core logging, sample QAQC, etc.).</p></li><li><p><strong>Mandatory proficiency in GIS software (ArcGIS, QGIS, etc.).</strong></p></li><li><p><strong>Mandatory proficiency in English</strong> (both written and spoken) for technical reporting.</p></li><li><p>Proficiency with geological modeling software (such as <strong>Surpac/Leapfrog</strong>) is a <strong>strong advantage</strong>.</p></li><li><p>Experience or strong understanding of <strong>resource estimation</strong> and calculation methods is a <strong>major plus</strong>.</p></li><li><p>Proficiency in <strong>Mandarin</strong> is an <strong>advantage</strong>.</p></li><li><p><strong>Willing to be place at Huaan Project Exploration</strong></p></li></ul><p><br></p>","https://id.jobstreet.com/job/92036344"
"92090055","STRUCTURAL ENGINEER","Hong Xhe Industrial","Bekasi, West Java",,"Full time","Engineering","Civil/Structural Engineering","2026-05-13T07:51:13.000Z","STRUCTURAL ENGINEER Lokasi Kerja (Work Location): Cikarang, Bekasi Kualifikasi Pendidikan S1 Teknik Sipil Pengalaman minimal 3 tahun di bidang yang sama Memahami analisis struktur, baja, beton, dan Standar SNI Menguasai software ETABS, SAP 2000, dan AutoCAD Memiliki Sertifikat Keahlian (SKA) yang masih berlaku Memiliki kemampuan menghitung RAB Disiplin, teliti, proaktif, dan mampu berkomunikasi dengan baik dalam tim Bersedia ditempatkan di area proyek manapun Deskripsi Pekerjaan : Melakukan analisis dan perencanaan struktur bangunan menggunakan standar SNI yang berlaku. Membuat desain struktur baja dan beton sesuai spesifikasi teknis proyek. Mengoperasikan software teknik seperti ETABS, SAP 2000, dan AutoCAD untuk keperluan perancangan struktur. Menyusun dan menerbitkan Laporan Struktur secara akurat serta bertanggung jawab penuh atas isi laporan tersebut. Menghitung Rencana Anggaran Biaya (RAB) untuk pekerjaan struktural secara tepat dan efisien. Berkoordinasi dengan tim proyek dan disiplin ilmu lain untuk memastikan kelancaran pelaksanaan pekerjaan di lapangan. Melakukan pengawasan dan quality control terhadap pekerjaan struktur di area proyek. Memastikan seluruh pekerjaan struktur berjalan sesuai jadwal, anggaran, dan standar keselamatan yang ditetapkan. Menyiapkan dan mengevaluasi dokumen teknis, gambar kerja (shop drawing), serta laporan progres proyek secara berkala. Memberikan solusi teknis atas permasalahan struktur yang ditemukan di lapangan secara proaktif dan tepat waktu.","<p><strong>STRUCTURAL ENGINEER</strong></p><p><strong>Lokasi Kerja (Work Location):</strong> Cikarang, Bekasi</p><p><strong>Kualifikasi</strong></p><ul><li><p>Pendidikan S1 Teknik Sipil</p></li><li><p>Pengalaman minimal 3 tahun di bidang yang sama</p></li><li><p>Memahami analisis struktur, baja, beton, dan Standar SNI</p></li><li><p>Menguasai software ETABS, SAP 2000, dan AutoCAD</p></li><li><p>Memiliki Sertifikat Keahlian (SKA) yang masih berlaku</p></li><li><p>Memiliki kemampuan menghitung RAB</p></li><li><p>Disiplin, teliti, proaktif, dan mampu berkomunikasi dengan baik dalam tim</p></li><li><p>Bersedia ditempatkan di area proyek manapun&nbsp;</p></li></ul><p><strong>Deskripsi Pekerjaan :</strong></p><ul><li><p>Melakukan analisis dan perencanaan struktur bangunan menggunakan standar SNI yang berlaku.</p></li><li><p>Membuat desain struktur baja dan beton sesuai spesifikasi teknis proyek.</p></li><li><p>Mengoperasikan software teknik seperti ETABS, SAP 2000, dan AutoCAD untuk keperluan perancangan struktur.</p></li><li><p>Menyusun dan menerbitkan Laporan Struktur secara akurat serta bertanggung jawab penuh atas isi laporan tersebut.</p></li><li><p>Menghitung Rencana Anggaran Biaya (RAB) untuk pekerjaan struktural secara tepat dan efisien.</p></li><li><p>Berkoordinasi dengan tim proyek dan disiplin ilmu lain untuk memastikan kelancaran pelaksanaan pekerjaan di lapangan.</p></li><li><p>Melakukan pengawasan dan quality control terhadap pekerjaan struktur di area proyek.</p></li><li><p>Memastikan seluruh pekerjaan struktur berjalan sesuai jadwal, anggaran, dan standar keselamatan yang ditetapkan.</p></li><li><p>Menyiapkan dan mengevaluasi dokumen teknis, gambar kerja (shop drawing), serta laporan progres proyek secara berkala.</p></li><li><p>Memberikan solusi teknis atas permasalahan struktur yang ditemukan di lapangan secara proaktif dan tepat waktu.</p></li></ul><p><br></p>","https://id.jobstreet.com/job/92090055"
"91882518","Lighting Designer - Pre-Sales Engineer","PT Integrasi Muda Teknologi","Tangerang, Banten","Rp 6.000.000 – Rp 8.000.000 per month","Full time","Engineering","Electrical/Electronic Engineering","2026-05-04T03:46:15.000Z","Kami mencari Lighting Designer / Pre-Sales Engineer yang akan menjadi ujung tombak dalam proses penjualan teknis. Anda akan bertanggung jawab merancang solusi pencahayaan yang tepat untuk setiap klien — mulai dari survei venue, kalkulasi teknis, penyusunan proposal BoQ, hingga presentasi kepada klien. Tanggung Jawab Desain & Teknis: Melakukan survei dan analisis kebutuhan pencahayaan di venue klien (nightclub, concert hall, livehouse, gereja, dan venue komersial) Membuat desain lighting layout menggunakan software profesional (DIALux, Capture, WYSIWYG, atau setara) Melakukan kalkulasi lumen, lux level, dan jumlah fixture yang dibutuhkan sesuai standar industri Membuat lighting plot, technical drawing, dan dokumentasi desain yang detail dan akurat Memilih jenis fixture yang paling sesuai (moving head beam/wash/spot, effect light, laser, SFX) berdasarkan kebutuhan klien dan budget Pre-Sales & Proposal: Menyusun Bill of Quantities (BoQ) secara akurat dan terstruktur Membuat estimasi biaya proyek mencakup material, instalasi, commissioning, dan spare part Menyiapkan RAB (Rencana Anggaran Biaya) dan dokumen penawaran yang profesional Berkoordinasi dengan tim 3D visualizer untuk pembuatan previsualisasi lighting sebelum presentasi Hubungan Klien & Sales Support: Memberikan konsultasi teknis kepada calon klien terkait kebutuhan lighting venue mereka Melakukan presentasi teknis dan design proposal kepada pengambil keputusan klien Memahami kebutuhan klien dan mengusulkan solusi terbaik yang sesuai anggaran Berkoordinasi dengan tim project engineer saat proyek berjalan untuk memastikan konsistensi dengan desain awal Memberikan technical support kepada tim sales di sepanjang proses penjualan Persyaratan Kualifikasi Wajib Pendidikan minimal D3/S1 Teknik Elektro, Teknik Fisika, Desain Interior, atau bidang terkait Minimal 2 tahun pengalaman di industri stage lighting, event production, AV systems, atau bidang yang relevan Memahami konsep dan aplikasi DMX512, moving head (beam/wash/spot), LED effect lights Mampu membuat dan membaca technical drawing dan lighting plot Menguasai kalkulasi lumen, lux, dan photometric analysis untuk berbagai jenis venue Mampu menyusun Bill of Quantities (BoQ) dan RAB secara mandiri Komunikasi yang baik dan percaya diri dalam presentasi teknis di hadapan klien Kualifikasi Tambahan (Nilai Plus) Pengalaman menggunakan software desain lighting: DIALux, AGi32, Capture, WYSIWYG, atau Depence² Familiar dengan lighting console: grandMA2/3, Avolites, ChamSys, ETC Ion Pemahaman tentang rigging, truss, dan standar keselamatan instalasi lighting Memiliki portofolio proyek lighting (nightclub, concert, livehouse, house of worship) Kemampuan membuat 3D visualization atau motion graphics untuk previsualisasi proyek Kompetensi yang Dibutuhkan Analytical thinking — mampu memecahkan masalah teknis dengan solusi efisien Client-facing — percaya diri berkomunikasi dan presentasi kepada klien dari berbagai latar belakang Detail-oriented — teliti dalam kalkulasi teknis dan dokumentasi Self-motivated — mampu bekerja mandiri maupun dalam tim dengan deadline ketat Creative — memiliki sense estetika yang kuat dalam desain pencahayaan","<p>Kami mencari Lighting Designer / Pre-Sales Engineer yang akan menjadi ujung tombak dalam proses penjualan teknis. Anda akan bertanggung jawab merancang solusi pencahayaan yang tepat untuk setiap klien — mulai dari survei venue, kalkulasi teknis, penyusunan proposal BoQ, hingga presentasi kepada klien.</p><p><strong>Tanggung Jawab</strong></p><ol><li><p><strong>Desain &amp; Teknis:</strong></p></li></ol><ul><li><p>Melakukan survei dan analisis kebutuhan pencahayaan di venue klien (nightclub, concert hall, livehouse, gereja, dan venue komersial)</p></li><li><p>Membuat desain lighting layout menggunakan software profesional (DIALux, Capture, WYSIWYG, atau setara)</p></li><li><p>Melakukan kalkulasi lumen, lux level, dan jumlah fixture yang dibutuhkan sesuai standar industri</p></li><li><p>Membuat lighting plot, technical drawing, dan dokumentasi desain yang detail dan akurat</p></li><li><p>Memilih jenis fixture yang paling sesuai (moving head beam/wash/spot, effect light, laser, SFX) berdasarkan kebutuhan klien dan budget</p></li></ul><ol><li><p><strong>Pre-Sales &amp; Proposal:</strong></p></li></ol><ul><li><p>Menyusun Bill of Quantities (BoQ) secara akurat dan terstruktur</p></li><li><p>Membuat estimasi biaya proyek mencakup material, instalasi, commissioning, dan spare part</p></li><li><p>Menyiapkan RAB (Rencana Anggaran Biaya) dan dokumen penawaran yang profesional</p></li><li><p>Berkoordinasi dengan tim 3D visualizer untuk pembuatan previsualisasi lighting sebelum presentasi</p></li></ul><ol><li><p><strong>Hubungan Klien &amp; Sales Support:</strong></p></li></ol><ul><li><p>Memberikan konsultasi teknis kepada calon klien terkait kebutuhan lighting venue mereka</p></li><li><p>Melakukan presentasi teknis dan design proposal kepada pengambil keputusan klien</p></li><li><p>Memahami kebutuhan klien dan mengusulkan solusi terbaik yang sesuai anggaran</p></li><li><p>Berkoordinasi dengan tim project engineer saat proyek berjalan untuk memastikan konsistensi dengan desain awal</p></li><li><p>Memberikan technical support kepada tim sales di sepanjang proses penjualan</p></li></ul><p><br></p><p><strong>Persyaratan</strong></p><ol><li><p><strong>Kualifikasi Wajib</strong></p></li></ol><ul><li><p>Pendidikan minimal D3/S1 Teknik Elektro, Teknik Fisika, Desain Interior, atau bidang terkait</p></li><li><p>Minimal 2 tahun pengalaman di industri stage lighting, event production, AV systems, atau bidang yang relevan</p></li><li><p>Memahami konsep dan aplikasi DMX512, moving head (beam/wash/spot), LED effect lights</p></li><li><p>Mampu membuat dan membaca technical drawing dan lighting plot</p></li><li><p>Menguasai kalkulasi lumen, lux, dan photometric analysis untuk berbagai jenis venue</p></li><li><p>Mampu menyusun Bill of Quantities (BoQ) dan RAB secara mandiri</p></li><li><p>Komunikasi yang baik dan percaya diri dalam presentasi teknis di hadapan klien</p></li></ul><ol><li><p><strong>Kualifikasi Tambahan (Nilai Plus)</strong></p></li></ol><ul><li><p>Pengalaman menggunakan software desain lighting: DIALux, AGi32, Capture, WYSIWYG, atau Depence²</p></li><li><p>Familiar dengan lighting console: grandMA2/3, Avolites, ChamSys, ETC Ion</p></li><li><p>Pemahaman tentang rigging, truss, dan standar keselamatan instalasi lighting</p></li><li><p>Memiliki portofolio proyek lighting (nightclub, concert, livehouse, house of worship)</p></li><li><p>Kemampuan membuat 3D visualization atau motion graphics untuk previsualisasi proyek</p></li></ul><p><br></p><p><strong>Kompetensi yang Dibutuhkan</strong></p><ul><li><p>Analytical thinking — mampu memecahkan masalah teknis dengan solusi efisien</p></li><li><p>Client-facing — percaya diri berkomunikasi dan presentasi kepada klien dari berbagai latar belakang</p></li><li><p>Detail-oriented — teliti dalam kalkulasi teknis dan dokumentasi</p></li><li><p>Self-motivated — mampu bekerja mandiri maupun dalam tim dengan deadline ketat</p></li><li><p>Creative — memiliki sense estetika yang kuat dalam desain pencahayaan</p></li></ul><p><br></p>","https://id.jobstreet.com/job/91882518"
"91914213","AV Multimedia Engineer","Technet Vision Indonesia","East Jakarta, Jakarta","Rp 6.000.000 – Rp 7.500.000 per month","Contract/Temp","Information & Communication Technology","Engineering - Hardware","2026-05-05T06:35:46.000Z","About the role We are seeking a talented and experienced AV Multimedia Engineer to join our team at PT Technet Vision Indonesia. In this contract role, you will be responsible for the design, installation, and maintenance of our audio-visual and multimedia systems across our offices in East Jakarta, Jakarta. With a focus on delivering exceptional technology solutions, you will play a key role in supporting our company's operations and enhancing the user experience for our staff and clients. What you'll be doing Designing and implementing audio-visual and multimedia systems, including audio equipment, video displays, and presentation technologies Installing, configuring, and testing AV equipment to ensure optimal performance Providing technical support and troubleshooting for existing AV systems Maintaining and updating AV equipment and infrastructure to meet the evolving needs of the business Collaborating with cross-functional teams to identify and address technology-related challenges Documenting AV system configurations and maintenance procedures Staying up-to-date with the latest trends and technologies in the AV industry What we're looking for Minimum 2 years of experience as an AV Multimedia Engineer or similar role Minimum Undergraduate Degree (S1) Bachelor in any Engineering, preferable Electrical Engineering Strong technical knowledge and hands-on experience with audio, video, and multimedia equipment and systems Proficiency in configuring and troubleshooting AV equipment, including audio mixers, video switchers, and projectors Ability to read and interpret technical diagrams, schematics, and specifications Strong problem-solving and critical thinking skills Excellent communication and customer service skills Familiarity with industry standards and best practices in AV engineering About us PT Technet Vision Indonesia is a leading provider of information and communication technology solutions in Indonesia. We specialise in delivering cutting-edge technology services and products to a diverse range of clients across various industries. Our mission is to empower our clients with the tools and expertise they need to succeed in the digital age. Join our dynamic team and be a part of our continued growth and success. Apply now for this exciting opportunity to become our next AV Multimedia Engineer!","<p><strong>About the role</strong><br><br>We are seeking a talented and experienced AV Multimedia Engineer to join our team at PT Technet Vision Indonesia. In this contract role, you will be responsible for the design, installation, and maintenance of our audio-visual and multimedia systems across our offices in East Jakarta, Jakarta. With a focus on delivering exceptional technology solutions, you will play a key role in supporting our company's operations and enhancing the user experience for our staff and clients.</p><p><strong>What you'll be doing</strong></p><ul><li><p>Designing and implementing audio-visual and multimedia systems, including audio equipment, video displays, and presentation technologies</p></li><li><p>Installing, configuring, and testing AV equipment to ensure optimal performance</p></li><li><p>Providing technical support and troubleshooting for existing AV systems</p></li><li><p>Maintaining and updating AV equipment and infrastructure to meet the evolving needs of the business</p></li><li><p>Collaborating with cross-functional teams to identify and address technology-related challenges</p></li><li><p>Documenting AV system configurations and maintenance procedures</p></li><li><p>Staying up-to-date with the latest trends and technologies in the AV industry</p></li></ul><p><strong>What we're looking for</strong></p><ul><li><p>Minimum 2 years of experience as an AV Multimedia Engineer or similar role</p></li><li><p>Minimum Undergraduate Degree (S1) Bachelor in any Engineering, preferable Electrical Engineering</p></li><li><p>Strong technical knowledge and hands-on experience with audio, video, and multimedia equipment and systems</p></li><li><p>Proficiency in configuring and troubleshooting AV equipment, including audio mixers, video switchers, and projectors</p></li><li><p>Ability to read and interpret technical diagrams, schematics, and specifications</p></li><li><p>Strong problem-solving and critical thinking skills</p></li><li><p>Excellent communication and customer service skills</p></li><li><p>Familiarity with industry standards and best practices in AV engineering</p></li></ul><p><br></p><p><strong>About us</strong><br><br>PT Technet Vision Indonesia is a leading provider of information and communication technology solutions in Indonesia. We specialise in delivering cutting-edge technology services and products to a diverse range of clients across various industries. Our mission is to empower our clients with the tools and expertise they need to succeed in the digital age. Join our dynamic team and be a part of our continued growth and success.</p><p>Apply now for this exciting opportunity to become our next AV Multimedia Engineer!</p>","https://id.jobstreet.com/job/91914213"
"92025236","Geotech Mine Plan & Control Superintendent","UCoal Sumberdaya","Central Jakarta, Jakarta",,"Contract/Temp","Mining, Resources & Energy","Mining - Exploration & Geoscience","2026-05-11T03:13:25.000Z","Responsibilities: Develop and oversee long-term slope design strategies by determining optimum slope geometry for each geotechnical domain, considering Factor of Safety (FoS), slope life, material characteristics, and risk levels Ensure slope designs are both technically stable and economically optimized, supporting mine profitability (NPV, IRR, and mine life) Define geotechnical domains, rock mass quality, and groundwater conditions to provide area-specific slope design recommendations, including bench dimensions and slope angles Provide geotechnical input and technical recommendations to Mine Planning for pit optimization and long-term sequencing Develop long-term monitoring and risk mitigation strategies, including slope monitoring, water management, drainage systems, and high-risk area controls Ensure operational areas remain safe and mineable in accordance with pit progression schedules within the Life of Mine (LOM) Plan Prepare and submit geotechnical assessments as part of mining safety technical studies and regulatory reporting requirements Requirements: Bachelor’s degree in Geological Engineering, Mining Engineering, or related discipline with Geotechnical specialization Minimum 10–15 years of experience in mining geotechnical engineering, preferably at Superintendent or Supervisor level Strong proficiency in geotechnical and mining software, including Slide2, RS2, RocFall, ArcGIS/Mapper, AutoCAD, and Minescape Strong expertise in slope stability analysis, geotechnical modeling, and mining risk management Demonstrated leadership capability, strong communication skills, high attention to detail, and strong commitment to safety excellence","<p><strong>Responsibilities:</strong></p><ul><li><p>Develop and oversee long-term slope design strategies by determining optimum slope geometry for each geotechnical domain, considering Factor of Safety (FoS), slope life, material characteristics, and risk levels</p></li><li><p>Ensure slope designs are both technically stable and economically optimized, supporting mine profitability (NPV, IRR, and mine life)</p></li><li><p>Define geotechnical domains, rock mass quality, and groundwater conditions to provide area-specific slope design recommendations, including bench dimensions and slope angles</p></li><li><p>Provide geotechnical input and technical recommendations to Mine Planning for pit optimization and long-term sequencing</p></li><li><p>Develop long-term monitoring and risk mitigation strategies, including slope monitoring, water management, drainage systems, and high-risk area controls</p></li><li><p>Ensure operational areas remain safe and mineable in accordance with pit progression schedules within the Life of Mine (LOM) Plan</p></li><li><p>Prepare and submit geotechnical assessments as part of mining safety technical studies and regulatory reporting requirements</p></li></ul><p><strong>Requirements:</strong></p><ul><li><p>Bachelor’s degree in Geological Engineering, Mining Engineering, or related discipline with Geotechnical specialization</p></li><li><p>Minimum 10–15 years of experience in mining geotechnical engineering, preferably at Superintendent or Supervisor level</p></li><li><p>Strong proficiency in geotechnical and mining software, including Slide2, RS2, RocFall, ArcGIS/Mapper, AutoCAD, and Minescape</p></li><li><p>Strong expertise in slope stability analysis, geotechnical modeling, and mining risk management</p></li><li><p>Demonstrated leadership capability, strong communication skills, high attention to detail, and strong commitment to safety excellence</p></li></ul><p><br></p>","https://id.jobstreet.com/job/92025236"
"91942257","Sales Engineer - Jembatan Timbang & Software Jembatan Timbang","PT Intitek Presisi Integrasi","Tangerang, Banten","Rp 5.000.000 – Rp 7.000.000 per month","Full time","Sales","Sales Representatives/Consultants","2026-05-06T06:28:35.000Z","Tanggung Jawab Utama : 1. Mencari dan mengembangkan prospek baru di perusahaan pertambangan — site maupun head office 2. Mempresentasikan solusi jembatan timbang (hardware) dan software unmanned weighbridge kepada decision maker (procurement, operasional, IT, finance) 3. Menyiapkan proposal teknis dan komersial sesuai kebutuhan klien 4. Melakukan site visit ke area tambang untuk assessment kebutuhan dan follow-up 5. Berkoordinasi dengan tim teknis untuk demo, instalasi, dan after-sales 6. Memenuhi target penjualan bulanan dan kuartalan yang ditetapkan perusahaan 7. Membangun relasi jangka panjang dengan key account di industri tambang Kualifikasi : • Pengalaman minimal 2 tahun di bidang sales B2B, diutamakan di industri pertambangan, alat berat, atau industri process/manufaktur • Familiar dengan siklus pengadaan di perusahaan tambang (vendor registration, PO process, tender) • Bersedia melakukan perjalanan dinas ke site tambang (Kalimantan, Sulawesi, Papua, dll.) • Kemampuan komunikasi dan negosiasi yang baik di level teknis maupun manajemen • Memiliki SIM A aktif Nilai Tambah (Diutamakan) : • Pernah menjual produk weighbridge, timbangan industri, sistem otomasi, atau software operasional tambang • Memiliki jaringan (network) di perusahaan tambang batu bara atau nikel • Memahami konsep sistem unmanned / automation di gate tambang • Familiar dengan proses ticketing, RFID, atau sistem manajemen kendaraan di tambang • Bisa membaca gambar teknis / layout sederhana","<p>Tanggung Jawab Utama :</p><p>1. Mencari dan mengembangkan prospek baru di perusahaan pertambangan — site maupun head office</p><p>2. Mempresentasikan solusi jembatan timbang (hardware) dan software unmanned weighbridge kepada decision maker (procurement, operasional, IT, finance)</p><p>3. Menyiapkan proposal teknis dan komersial sesuai kebutuhan klien</p><p>4. Melakukan site visit ke area tambang untuk assessment kebutuhan dan follow-up</p><p>5. Berkoordinasi dengan tim teknis untuk demo, instalasi, dan after-sales</p><p>6. Memenuhi target penjualan bulanan dan kuartalan yang ditetapkan perusahaan</p><p>7. Membangun relasi jangka panjang dengan key account di industri tambang</p><p><br></p><p>Kualifikasi :</p><p>• Pengalaman minimal 2 tahun di bidang sales B2B, diutamakan di industri pertambangan, alat berat, atau industri process/manufaktur</p><p>• Familiar dengan siklus pengadaan di perusahaan tambang (vendor registration, PO process, tender)</p><p>• Bersedia melakukan perjalanan dinas ke site tambang (Kalimantan, Sulawesi, Papua, dll.)</p><p>• Kemampuan komunikasi dan negosiasi yang baik di level teknis maupun manajemen</p><p>• Memiliki SIM A aktif</p><p>Nilai Tambah (Diutamakan) :</p><p>• Pernah menjual produk weighbridge, timbangan industri, sistem otomasi, atau software operasional tambang</p><p>• Memiliki jaringan (network) di perusahaan tambang batu bara atau nikel</p><p>• Memahami konsep sistem unmanned / automation di gate tambang</p><p>• Familiar dengan proses ticketing, RFID, atau sistem manajemen kendaraan di tambang</p><p>• Bisa membaca gambar teknis / layout sederhana</p>","https://id.jobstreet.com/job/91942257"
"92294017","Senior Structure Engineer","PT Byte Beyond Persona","Tangerang Regency, Banten","Rp 9.500.000 – Rp 14.000.000 per month","Full time","Engineering","Civil/Structural Engineering","2026-05-23T05:25:17.000Z","Kualifikasi: Pendidikan minimal S1 Teknik Sipil, khususnya bidang Struktur. Memiliki pengalaman minimal 5–10 tahun sebagai Structural Engineer, dengan pengalaman pada proyek gedung, industri, atau infrastruktur. Berpengalaman menangani proyek gedung, industri, pabrik, gudang, atau infrastruktur. Menguasai perencanaan dan analisis struktur beton, baja, dan fondasi. Mampu mengoperasikan software analisis struktur seperti ETABS, SAP2000, SAFE, atau software sejenis. Memahami standar dan peraturan desain struktur yang berlaku (SNI, ACI, AISC, dan lainnya). Mampu membaca, membuat, dan mereview gambar teknik serta dokumen perencanaan struktur. Memiliki kemampuan koordinasi, komunikasi, dan problem solving yang baik. Bersedia melakukan kunjungan lapangan sesuai kebutuhan proyek. Mampu bekerja secara mandiri maupun dalam tim. Memiliki sertifikasi profesi bidang struktur menjadi nilai tambah. Tanggung Jawab: Melakukan perencanaan, analisis, dan desain struktur sesuai standar yang berlaku. Menyiapkan dan mereview perhitungan struktur serta dokumen desain proyek. Meninjau dan memverifikasi perhitungan struktur serta gambar kerja yang dibuat oleh tim. Memastikan desain struktur memenuhi aspek keamanan, kualitas, efisiensi, dan kebutuhan proyek. Memberikan arahan teknis serta supervisi kepada tim engineer dan drafter. Berkoordinasi dengan tim arsitektur, MEP, dan pihak terkait dalam pelaksanaan proyek. Melakukan evaluasi teknis terhadap perubahan desain dan permasalahan yang muncul di lapangan. Menyiapkan laporan teknis, perhitungan struktur, dan dokumen pendukung proyek. Memastikan pekerjaan selesai sesuai target waktu, anggaran, dan standar kualitas perusahaan. Mendukung proses tender dan memberikan rekomendasi teknis terkait desain struktur. Nilai Tambah: Memiliki sertifikasi profesi bidang teknik sipil/struktur. Berpengalaman menangani proyek bertingkat tinggi, pabrik, atau infrastruktur skala besar. Memiliki kemampuan manajemen proyek dan pengelolaan tim teknis.","<p><strong>Kualifikasi:</strong></p><ul><li><p>Pendidikan minimal S1 Teknik Sipil, khususnya bidang Struktur.</p></li><li><p>Memiliki pengalaman minimal 5–10 tahun sebagai Structural Engineer, dengan pengalaman pada proyek gedung, industri, atau infrastruktur.</p></li><li><p>Berpengalaman menangani proyek gedung, industri, pabrik, gudang, atau infrastruktur.</p></li><li><p>Menguasai perencanaan dan analisis struktur beton, baja, dan fondasi.</p></li><li><p>Mampu mengoperasikan software analisis struktur seperti ETABS, SAP2000, SAFE, atau software sejenis.</p></li><li><p>Memahami standar dan peraturan desain struktur yang berlaku (SNI, ACI, AISC, dan lainnya).</p></li><li><p>Mampu membaca, membuat, dan mereview gambar teknik serta dokumen perencanaan struktur.</p></li><li><p>Memiliki kemampuan koordinasi, komunikasi, dan problem solving yang baik.</p></li><li><p>Bersedia melakukan kunjungan lapangan sesuai kebutuhan proyek.</p></li><li><p>Mampu bekerja secara mandiri maupun dalam tim.</p></li><li><p>Memiliki sertifikasi profesi bidang struktur menjadi nilai tambah.</p></li></ul><p><strong>Tanggung Jawab:</strong></p><ul><li><p>Melakukan perencanaan, analisis, dan desain struktur sesuai standar yang berlaku.</p></li><li><p>Menyiapkan dan mereview perhitungan struktur serta dokumen desain proyek.</p></li><li><p>Meninjau dan memverifikasi perhitungan struktur serta gambar kerja yang dibuat oleh tim.</p></li><li><p>Memastikan desain struktur memenuhi aspek keamanan, kualitas, efisiensi, dan kebutuhan proyek.</p></li><li><p>Memberikan arahan teknis serta supervisi kepada tim engineer dan drafter.</p></li><li><p>Berkoordinasi dengan tim arsitektur, MEP, dan pihak terkait dalam pelaksanaan proyek.</p></li><li><p>Melakukan evaluasi teknis terhadap perubahan desain dan permasalahan yang muncul di lapangan.</p></li><li><p>Menyiapkan laporan teknis, perhitungan struktur, dan dokumen pendukung proyek.</p></li><li><p>Memastikan pekerjaan selesai sesuai target waktu, anggaran, dan standar kualitas perusahaan.</p></li><li><p>Mendukung proses tender dan memberikan rekomendasi teknis terkait desain struktur.</p></li></ul><p><strong>Nilai Tambah:</strong></p><ul><li><p>Memiliki sertifikasi profesi bidang teknik sipil/struktur.</p></li><li><p>Berpengalaman menangani proyek bertingkat tinggi, pabrik, atau infrastruktur skala besar.</p></li><li><p>Memiliki kemampuan manajemen proyek dan pengelolaan tim teknis.</p></li></ul><p><br></p>","https://id.jobstreet.com/job/92294017"
"91968347","IT Capacity Planner","Permodalan Nasional Madani","South Jakarta, Jakarta",,"Contract/Temp","Information & Communication Technology","Other","2026-05-07T05:44:12.000Z","Job Description : Ensure IT infrastructure resources (hardware, software, network, and cloud services) have sufficient capacity to support current and future business needs. Monitor, analyze, and optimize system performance, utilization, and scalability across enterprise environments. Conduct capacity forecasting and performance modeling to anticipate infrastructure growth and prevent bottlenecks. Provide recommendations for resource optimization and cost efficiency, including cloud and FinOps-related initiatives. Support performance testing, monitoring implementation, and continuous improvement of system observability practices. Requirements: Bachelor’s Degree (S1) in Computer Science, Information Systems, or related fields. Minimum 3–5 years of experience as a Performance Engineer, Site Reliability Engineer (SRE), or System Administrator focused on capacity and performance management. Qualifications : Strong expertise in monitoring tools such as Prometheus, Grafana, ELK Stack, and cloud-native monitoring services. Strong analytical and data analysis skills, with experience using Python libraries such as Pandas and Matplotlib considered an advantage. Deep understanding of performance metrics across operating systems, databases, and network infrastructure. Experience working with cloud service providers, including auto-scaling mechanisms, instance types, and FinOps cost optimization models. Familiarity with performance testing tools such as JMeter and Gatling is considered a plus. Strong analytical thinking, structured problem-solving abilities, and attention to detail.","<p><strong>Job Description :</strong></p><ol><li><p>Ensure IT infrastructure resources (hardware, software, network, and cloud services) have sufficient capacity to support current and future business needs.</p></li><li><p>Monitor, analyze, and optimize system performance, utilization, and scalability across enterprise environments.</p></li><li><p>Conduct capacity forecasting and performance modeling to anticipate infrastructure growth and prevent bottlenecks.</p></li><li><p>Provide recommendations for resource optimization and cost efficiency, including cloud and FinOps-related initiatives.</p></li><li><p>Support performance testing, monitoring implementation, and continuous improvement of system observability practices.</p></li></ol><p><strong>Requirements:</strong></p><ul><li><p>Bachelor’s Degree (S1) in Computer Science, Information Systems, or related fields.</p></li><li><p>Minimum 3–5 years of experience as a Performance Engineer, Site Reliability Engineer (SRE), or System Administrator focused on capacity and performance management.</p></li></ul><p><strong>Qualifications :</strong></p><ol><li><p>Strong expertise in monitoring tools such as Prometheus, Grafana, ELK Stack, and cloud-native monitoring services.</p></li><li><p>Strong analytical and data analysis skills, with experience using Python libraries such as Pandas and Matplotlib considered an advantage.</p></li><li><p>Deep understanding of performance metrics across operating systems, databases, and network infrastructure.</p></li><li><p>Experience working with cloud service providers, including auto-scaling mechanisms, instance types, and FinOps cost optimization models.</p></li><li><p>Familiarity with performance testing tools such as JMeter and Gatling is considered a plus.</p></li><li><p>Strong analytical thinking, structured problem-solving abilities, and attention to detail.</p></li></ol><p><br></p>","https://id.jobstreet.com/job/91968347"
"91951382","MEP Supervisor","Internusa Jayaabadi Sentosa","Bali",,"Contract/Temp","Engineering","Supervisors","2026-05-06T12:15:54.000Z","PT Internusa Jayaabadi Sentosa (IJS) is doing services to a lot of companies with various business and we're now looking for MEP Supervisor to be placed in Bali with qualifications and job details below: Qualification: Bachelor’s Degree (S1) in Architecture, Civil Engineering, Electrical Engineering, Mechanical Engineering, or a related discipline from a reputable university. Minimum 2 years of proven experience in Mechanical, Electrical, and Plumbing (MEP) Supervisor or a similar role. Proven experience handling at least 2 different construction projects. Prior experience in Hospitality, F&B, or Property Development projects is a strong advantage. Solid understanding of MEP calculations and fundamental principles. Ability to read and understand construction drawings, bill of quantities (BOQ), and technical specifications. Proficient in operating MEP related software. Proficient in Microsoft Office applications. Fluent in English, both written and spoken. Strong analytical skills with high attention to detail. Ability to work effectively in a team oriented, fast paced project environment. Responsibilities: Execute project directives in accordance with instructions from Site Manager. Direct and coordinate with team members, including subcontractors, foremen, and workers. Ensure the work site is fully prepared prior to project commencement. Ensure construction drawings, materials, tools, manpower, and administrative documents are ready. Implement approved drawings on project for designated land or building. Supervise work execution according to project stages and schedules. Ensure work quality meets established standards. Monitor and ensure project progress aligns with the approved schedule. Provide support to the Quantity Surveyor team for site measurements and progress claims. Conduct testing, prepare administrative documentation, and submit periodic progress reports.","<p><strong>PT Internusa Jayaabadi Sentosa (IJS)</strong> is doing services to a lot of companies with various business and we're now looking for <strong>MEP Supervisor</strong> to be placed in <strong>Bali</strong> with qualifications and job details below:</p><p><strong>Qualification:</strong></p><ol><li><p>Bachelor’s Degree (S1) in Architecture, Civil Engineering, Electrical Engineering, Mechanical Engineering, or a related discipline from a reputable university.</p></li><li><p>Minimum 2 years of proven experience in Mechanical, Electrical, and Plumbing (MEP) Supervisor or a similar role.</p></li><li><p>Proven experience handling at least 2 different construction projects.</p></li><li><p>Prior experience in Hospitality, F&amp;B, or Property Development projects is a strong advantage.</p></li><li><p>Solid understanding of MEP calculations and fundamental principles.</p></li><li><p>Ability to read and understand construction drawings, bill of quantities (BOQ), and technical specifications.</p></li><li><p>Proficient in operating MEP related software.</p></li><li><p>Proficient in Microsoft Office applications.</p></li><li><p>Fluent in English, both written and spoken.</p></li><li><p>Strong analytical skills with high attention to detail.</p></li><li><p>Ability to work effectively in a team oriented, fast paced project environment.</p></li></ol><p><strong>Responsibilities:</strong></p><ol><li><p>Execute project directives in accordance with instructions from Site Manager.</p></li><li><p>Direct and coordinate with team members, including subcontractors, foremen, and workers.</p></li><li><p>Ensure the work site is fully prepared prior to project commencement.</p></li><li><p>Ensure construction drawings, materials, tools, manpower, and administrative documents are ready.</p></li><li><p>Implement approved drawings on project for designated land or building.</p></li><li><p>Supervise work execution according to project stages and schedules.</p></li><li><p>Ensure work quality meets established standards.</p></li><li><p>Monitor and ensure project progress aligns with the approved schedule.</p></li><li><p>Provide support to the Quantity Surveyor team for site measurements and progress claims.</p></li><li><p>Conduct testing, prepare administrative documentation, and submit periodic progress reports.</p></li></ol><p><br></p>","https://id.jobstreet.com/job/91951382"
"92078664","Electrical Engineering (Wiring)","Nadesco Indonesia","Cikarang",,"Full time","Engineering","Electrical/Electronic Engineering","2026-05-13T02:32:27.000Z","Qualifications Minimum education: Vocational High School (SMK) / Diploma (D3) majoring in: Electrical Engineering, Industrial Engineering, Industrial Automation, or other related Majors. Minimum 2 years of experience in electrical panel / automation field Able to read and understand wiring diagrams and electrical drawings Understand electrical symbols, especially for control panels Knowledgeable in industrial electrical systems, motors, inverters, PLC, relays, sensors, and other electrical components Able to use electrical measuring tools such as multimeter, clamp meter, and megger Able to use AutoCAD software for panel design and electrical wiring drawings Have troubleshooting and electrical problem analysis skills Understand basic electrical safety procedures Detail-oriented, disciplined, responsible, and able to work independently or in a team Willing to work overtime or onsite when required Job Applications Control panel manufacturing (PLC, inverter, relay) Industrial machines / automation lines Electrical panel installation and modification Maintenance and troubleshooting for industrial machines Job Scope Perform panel wiring according to drawings Create and revise electrical drawings / wiring diagrams Design control panels based on project requirements Install electrical panels and machines at customer or production sites Perform panel testing and commissioning Troubleshoot electrical issues on machines and automation lines Ensure all work complies with quality and safety standards Prepare wiring and panel layout documentation when required","<h2>Qualifications</h2><ul><li><p>Minimum education: Vocational High School (SMK) / Diploma (D3) majoring in: Electrical Engineering, Industrial Engineering, Industrial Automation, or other related Majors.</p></li><li><p>Minimum 2 years of experience in electrical panel / automation field</p></li><li><p>Able to read and understand wiring diagrams and electrical drawings</p></li><li><p>Understand electrical symbols, especially for control panels</p></li><li><p>Knowledgeable in industrial electrical systems, motors, inverters, PLC, relays, sensors, and other electrical components</p></li><li><p>Able to use electrical measuring tools such as multimeter, clamp meter, and megger</p></li><li><p>Able to use AutoCAD software for panel design and electrical wiring drawings</p></li><li><p>Have troubleshooting and electrical problem analysis skills</p></li><li><p>Understand basic electrical safety procedures</p></li><li><p>Detail-oriented, disciplined, responsible, and able to work independently or in a team</p></li><li><p>Willing to work overtime or onsite when required</p></li></ul><p><br></p><h2>Job Applications</h2><ul><li><p>Control panel manufacturing (PLC, inverter, relay)</p></li><li><p>Industrial machines / automation lines</p></li><li><p>Electrical panel installation and modification</p></li><li><p>Maintenance and troubleshooting for industrial machines</p></li></ul><p><br></p><h2>Job Scope</h2><ul><li><p>Perform panel wiring according to drawings</p></li><li><p>Create and revise electrical drawings / wiring diagrams</p></li><li><p>Design control panels based on project requirements</p></li><li><p>Install electrical panels and machines at customer or production sites</p></li><li><p>Perform panel testing and commissioning</p></li><li><p>Troubleshoot electrical issues on machines and automation lines</p></li><li><p>Ensure all work complies with quality and safety standards</p></li><li><p>Prepare wiring and panel layout documentation when required</p></li></ul><p><br></p>","https://id.jobstreet.com/job/92078664"
"92368140","Civil Engineer & Specialist RAN/MW Engineer","PT. Ibinet Global Nusatindo","Central Jakarta, Jakarta",,"Contract/Temp","Engineering","Civil/Structural Engineering","2026-05-27T12:25:56.000Z","Kesempatan Karier Terbuka! Kami sedang mencari talenta terbaik untuk bergabung bersama tim kami pada posisi: 📌 Civil 📌 RAN (Radio Access Network) Jika Anda siap berkembang, menyukai tantangan, dan ingin membangun karier bersama kami, segera kirimkan lamaran Anda . I. Civil Engineer (Tenaga Ahli) Kualifikasi : Pendidikan Minimal S1 Teknik Sipil Mengetahui prinsip dasar konstruksi Mahir menggunakan software CAD (Autocad), analisis Struktur (SAP2000) dan Microsoft Office (Word, Excel, Power Point) Memahami teknik perhitungan beban struktur Memahami spesifikasi material (beton / baja) dan dapat membuat perhitungan estimasi biaya Memiliki pemahaman tentang K3 Pengalaman di bidang konstruksi tower minimal 2 tahun Memiliki Kendaraan Motor Memiliki SIM C & SKCK aktif Memiliki Laptop II. Specialist RAN/MW Engineer (Tenaga Ahli) Kualifikasi : Pendidikan Minimal D3/S1 Teknik Elektro, Teknik Telekomunikasi, Teknik Komputer Memahami prinsip kerja Transmisi Microwave Mamiliki Pengalaman Instalasi IDU & ODU, Path Survey & LOSS TestMengerti tentang konfigurasi jaringan Microwave, Frekuensi & perhitungan link Budget Memahami Perencanaan & optimasi jaringan Radio (2G/3G/4G/5G) Memiliki keahlian analisis data, pemecahan masalah dan dapat memberikan solusi perbaikan Memiliki pengalaman menggunakan monitoring tools Huawei (Imaster) Pengalaman minimal 2 tahun sebagai MW / RAN Engineer Memiliki Kendaraan Motor Memiliki SIM C & SKCK aktif Memiliki Laptop","<p><strong>Kesempatan Karier Terbuka!</strong><br>Kami sedang mencari talenta terbaik untuk bergabung bersama tim kami pada posisi:<br>📌 <strong>Civil</strong><br>📌 <strong>RAN (Radio Access Network)</strong></p><p>Jika Anda siap berkembang, menyukai tantangan, dan ingin membangun karier bersama kami, segera kirimkan lamaran Anda .</p><p><strong>I. Civil Engineer (Tenaga Ahli)<br>Kualifikasi :</strong></p><ul><li><p>Pendidikan Minimal S1 Teknik Sipil</p></li><li><p>Mengetahui prinsip dasar konstruksi</p></li><li><p>Mahir menggunakan software CAD (Autocad), analisis Struktur (SAP2000) dan Microsoft Office (Word, Excel, Power Point)</p></li><li><p>Memahami teknik perhitungan beban struktur</p></li><li><p>Memahami spesifikasi material (beton / baja) dan dapat membuat perhitungan estimasi biaya</p></li><li><p>Memiliki pemahaman tentang K3</p></li><li><p>Pengalaman di bidang konstruksi tower minimal 2 tahun</p></li><li><p>Memiliki Kendaraan Motor</p></li><li><p>Memiliki SIM C &amp; SKCK aktif</p></li><li><p>Memiliki Laptop<br><br><br><strong>II. Specialist RAN/MW Engineer (Tenaga Ahli)<br>Kualifikasi</strong> :</p></li><li><p>Pendidikan Minimal D3/S1 Teknik Elektro, Teknik Telekomunikasi, Teknik Komputer</p></li><li><p>Memahami prinsip kerja Transmisi Microwave</p></li><li><p>Mamiliki Pengalaman Instalasi IDU &amp; ODU, Path Survey &amp; LOSS TestMengerti tentang konfigurasi jaringan Microwave, Frekuensi &amp; perhitungan link Budget</p></li><li><p>Memahami Perencanaan &amp; optimasi jaringan Radio (2G/3G/4G/5G)</p></li><li><p>Memiliki keahlian analisis data, pemecahan masalah dan dapat memberikan solusi perbaikan</p></li><li><p>Memiliki pengalaman menggunakan monitoring tools Huawei (Imaster)</p></li><li><p>Pengalaman minimal 2 tahun sebagai MW / RAN Engineer</p></li><li><p>Memiliki Kendaraan Motor</p></li><li><p>Memiliki SIM C &amp; SKCK aktif</p></li><li><p>Memiliki Laptop<br></p></li></ul><p><br></p>","https://id.jobstreet.com/job/92368140"
"92266197","Senior Software Engineer, Backend","Transportation Solutions Indonesia","Kebayoran Lama, Jakarta",,"Full time","Information & Communication Technology","Engineering - Software","2026-05-21T23:16:40.000Z","Company Description About Grab and Our Workplace Grab is Southeast Asia's leading superapp. From getting your favourite meals delivered to helping you manage your finances and getting around town hassle-free, we've got your back with everything. In Grab, purpose gives us joy and habits to build excellence, while harnessing the power of Technology and AI to deliver the mission of driving Southeast Asia forward by economically empowering everyone, with heart, hunger, honour, and humility. Job Description Get to know our Team At GrabFin, we empower the people of Southeast Asia, from consumers and drivers to every-day entrepreneurs, by ensuring financial inclusion for the underserved. The team is building solutions by enabling our partners (i.e. drivers and merchants) to get access to financial services (lending and insurance) products for their everyday needs. Get to know the Role You will report to the Engineering Manager, Insurance, based in Indonesia and will develop the complex backend systems powering the many end-to-end user journeys across all Insurance products available in multiple Grab apps. We're looking for candidates that embody ownership, display a hunger for learning and improvement, excel in autonomy, and have the desire to go above and beyond expectations. The Critical Tasks You Will Perform You will develop high-quality and scalable backend applications You will write clean, efficient, and maintainable code to solve challenging problems in the InsurTech domain You will collaborate with diverse teams to design, and ship new features You will participate in code reviews to maintain code quality and share knowledge Your comprehensive understanding to troubleshoot, debug complex issues, and provide quick resolutions You will contribute to the architectural decisions and technical direction of the projects You will participate in On-Call rotations to ensure the reliability of services Qualifications What Essential Skills You Will Need 6+ Years of relevant experience in software development, with proficiency in one of the major programming languages, e.g., Golang / Java, relational databases such as MySQL, PostgreSQL, or Oracle and code versioning systems like Git Computer Science fundamentals in algorithms and data structures, and capability to recognise when to use them Hands-on experience with cloud platforms, e.g., AWS Experience with the clean architecture principles and ability to write extensible code for complex projects following SOLID principles Expertise in writing clean, efficient, maintainable code and documentations Additional Information Life at Grab We care about your well-being at Grab, here are some of the global benefits we offer: We have your back with Term Life Insurance and comprehensive Medical Insurance. With GrabFlex, create a benefits package that suits your needs and aspirations. Celebrate moments that matter in life with loved ones through Parental and Birthday leave, and give back to your communities through Love-all-Serve-all (LASA) volunteering leave We have a confidential Grabber Assistance Programme to guide and uplift you and your loved ones through life's challenges. What We Stand For At Grab We are committed to building an inclusive and equitable workplace that provides equal opportunity for Grabbers to grow and perform at their best. We consider all candidates fairly and equally regardless of nationality, ethnicity, race, religion, age, gender, family commitments, physical and mental impairments or disabilities, and other attributes that make them unique.","<div><p>
<strong>Company Description</strong><br>
</p></div>
<div><div>
<p><strong>About Grab and Our Workplace</strong></p>
<p>Grab is Southeast Asia's leading superapp. From getting your favourite meals delivered to helping you manage your finances and getting around town hassle-free, we've got your back with everything. In Grab, purpose gives us joy and habits to build excellence, while harnessing the power of Technology and AI to deliver the mission of driving Southeast Asia forward by economically empowering everyone, with heart, hunger, honour, and humility.</p>
</div></div>
<div><p>
<strong>Job Description</strong><br>
</p></div>
<div><div>
<p><strong>Get to know our Team</strong></p>
<p>At GrabFin, we empower the people of Southeast Asia, from consumers and drivers to every-day entrepreneurs, by ensuring financial inclusion for the underserved. The team is building solutions by enabling our partners (i.e. drivers and merchants) to get access to financial services (lending and insurance) products for their everyday needs.</p>
<p><strong>Get to know the Role</strong></p>
<p>You will report to the Engineering Manager, Insurance, based in Indonesia and will develop the complex backend systems powering the many end-to-end user journeys across all Insurance products available in multiple Grab apps. We're looking for candidates that embody ownership, display a hunger for learning and improvement, excel in autonomy, and have the desire to go above and beyond expectations.</p>
<p><strong>The Critical Tasks You Will Perform</strong></p>
<ul>
<li>You will develop high-quality and scalable backend applications</li>
<li>You will write clean, efficient, and maintainable code to solve challenging problems in the InsurTech domain</li>
<li>You will collaborate with diverse teams to design, and ship new features</li>
<li>You will participate in code reviews to maintain code quality and share knowledge</li>
<li>Your comprehensive understanding to troubleshoot, debug complex issues, and provide quick resolutions</li>
<li>You will contribute to the architectural decisions and technical direction of the projects</li>
<li>You will participate in On-Call rotations to ensure the reliability of services</li>
</ul>
</div></div>
<div><p>
<strong>Qualifications</strong><br>
</p></div>
<div><div>
<p><strong>What Essential Skills You Will Need</strong></p>
<ul>
<li>6+ Years of relevant experience in software development, with proficiency in one of the major programming languages, e.g., Golang / Java, relational databases such as MySQL, PostgreSQL, or Oracle and code versioning systems like Git</li>
<li>Computer Science fundamentals in algorithms and data structures, and capability to recognise when to use them</li>
<li>Hands-on experience with cloud platforms, e.g., AWS</li>
<li>Experience with the clean architecture principles and ability to write extensible code for complex projects following SOLID principles</li>
<li>Expertise in writing clean, efficient, maintainable code and documentations</li>
</ul>
</div></div>
<div><p>
<strong>Additional Information</strong><br>
</p></div>
<div><div>
<p><strong>Life at Grab</strong></p>
<p>We care about your well-being at Grab, here are some of the global benefits we offer:</p>
<ul>
<li>We have your back with Term Life Insurance and comprehensive Medical Insurance.</li>
<li>With GrabFlex, create a benefits package that suits your needs and aspirations.</li>
<li>Celebrate moments that matter in life with loved ones through Parental and Birthday leave, and give back to your communities through Love-all-Serve-all (LASA) volunteering leave</li>
<li>We have a confidential Grabber Assistance Programme to guide and uplift you and your loved ones through life's challenges.</li>
</ul>
<p><strong>What We Stand For At Grab</strong></p>
<p>We are committed to building an inclusive and equitable workplace that provides equal opportunity for Grabbers to grow and perform at their best. We consider all candidates fairly and equally regardless of nationality, ethnicity, race, religion, age, gender, family commitments, physical and mental impairments or disabilities, and other attributes that make them unique.</p>
</div></div>","https://id.jobstreet.com/job/92266197"
"92229421","ELECTRICAL ENGINEER MANAGER","Simpower Tech Indonesia","Cikarang Pusat, West Java",,"Full time","Engineering","Electrical/Electronic Engineering","2026-05-20T07:26:36.000Z","About the role Simpower Tech Indonesia is seeking an experienced Electrical Engineer Manager to lead our electrical engineering team at our Cikarang Pusat, West Java . This is a full-time position that will be responsible for overseeing the design, implementation and maintenance of electrical systems across our manufacturing operations. What you'll be doing Manage a team of electrical engineers and technicians to ensure the successful delivery of electrical engineering projects Design, develop and oversee the implementation of electrical systems, including power distribution, control systems, and safety mechanisms Calculate and prepare inquiry/BOQ based on project requirements Analyse electrical system performance and identify opportunities for improvement Collaborate with cross-functional teams to integrate electrical systems with other production equipment and processes Support quotation and tender processes with technical calculations Contribute to the overall continuous improvement of our manufacturing operations What we're looking for Minimum 5 years experience in electrical panel manufacturing or related industryBachelor's degree in Electrical Engineering or a related field Strong technical expertise in electrical system design implementation and troubleshooting of : Panel series systems LV/MV electrical panels Electrical components and specifications Able to create and review electrical drawings using AutoCAD or similar software. Able to calculate inquiries, BOQ, load calculations, and project costing. Good understanding of electrical standards and safety regulations. Strong leadership, communication, and problem-solving skills. Good analytical and problem-solving skills Fluent in English is preferred. What we offer At Simpower Tech Indonesia, we are committed to providing a rewarding and supportive work environment for our employees. In addition to a competitive salary, we offer a range of benefits and opportunities for professional development and career advancement. Our modern facilities in Cikarang Pusat, West Java provide a comfortable and well-equipped workspace to help you thrive. If you're ready to take on this exciting challenge, we encourage you to apply now.","<p><strong>About the role</strong><br><br>Simpower Tech Indonesia is seeking an experienced Electrical Engineer Manager to lead our electrical engineering team at our Cikarang Pusat, West Java . This is a full-time position that will be responsible for overseeing the design, implementation and maintenance of electrical systems across our manufacturing operations.</p><p><strong>What you'll be doing</strong></p><ol><li><p>Manage a team of electrical engineers and technicians to ensure the successful delivery of electrical engineering projects</p></li><li><p>Design, develop and oversee the implementation of electrical systems, including power distribution, control systems, and safety mechanisms</p></li><li><p>Calculate and prepare inquiry/BOQ based on project requirements</p></li><li><p>Analyse electrical system performance and identify opportunities for improvement</p></li><li><p>Collaborate with cross-functional teams to integrate electrical systems with other production equipment and processes</p></li><li><p>Support quotation and tender processes with technical calculations</p></li><li><p>Contribute to the overall continuous improvement of our manufacturing operations</p></li></ol><p><strong>What we're looking for</strong></p><ol><li><p>Minimum 5 years experience in electrical panel manufacturing or related industryBachelor's degree in Electrical Engineering or a related field</p></li><li><p>Strong technical expertise in electrical system design implementation and troubleshooting of :</p></li></ol><ul><li><p>Panel series systems</p></li><li><p>LV/MV electrical panels</p></li><li><p>Electrical components and specifications</p></li></ul><ol><li><p>Able to create and review electrical drawings using AutoCAD or similar software.</p></li><li><p>Able to calculate inquiries, BOQ, load calculations, and project costing.</p></li><li><p>Good understanding of electrical standards and safety regulations.</p></li><li><p>Strong leadership, communication, and problem-solving skills.</p></li><li><p>Good analytical and problem-solving skills</p></li><li><p>Fluent in English is preferred.</p></li></ol><p><strong>What we offer</strong><br><br>At Simpower Tech Indonesia, we are committed to providing a rewarding and supportive work environment for our employees. In addition to a competitive salary, we offer a range of benefits and opportunities for professional development and career advancement. Our modern facilities in Cikarang Pusat, West Java provide a comfortable and well-equipped workspace to help you thrive.</p><p>If you're ready to take on this exciting challenge, we encourage you to apply now.</p><p><br></p>","https://id.jobstreet.com/job/92229421"
"92287799","Process Engineer","Private Advertiser","Jakarta",,"Full time","Engineering","Process Engineering","2026-05-22T11:44:10.000Z","Lowongan Pekerjaan di Perusahaan Konstruksi Oil & Gas : Posisi Process Engineer kualifikasi : - S1 Teknik Kimia / Teknik Gas & Petrokimia - ⁠Pengalaman 7 Tahun - ⁠Sistem Kontrak PKWTT min 1 Tahun Tanggung Jawab · Bertanggung jawab pada process engineering yang relevan dengan industri minyak dan gas berdasarkan Codes dan Standard yang relevan. · Bertanggung jawab melakukan simulasi proses fluida menggunakan komputer, diagram alir proses dan utilitas, Heat & Material Balance, HAZOP, HAZID, dan Teknik analisis resiko. · Mengoperasikan minimal salah satu software HYSIS, PIPESIM, FLARESIM, FLARENET, PHAST, PIPENET, HTFS, SMARTPLAN, dll.","<p>Lowongan Pekerjaan di Perusahaan Konstruksi Oil &amp; Gas :</p><p>Posisi Process Engineer</p><p>kualifikasi :</p><p>- S1 Teknik Kimia / Teknik Gas &amp; Petrokimia</p><p>- ⁠Pengalaman 7 Tahun</p><p>- ⁠Sistem Kontrak PKWTT min 1 Tahun</p><p><br></p><p>Tanggung Jawab</p><p>·&nbsp;&nbsp;&nbsp;&nbsp;&nbsp;&nbsp;&nbsp;&nbsp; Bertanggung jawab pada process engineering yang relevan dengan industri minyak dan gas berdasarkan Codes dan Standard yang relevan.</p><p>·&nbsp;&nbsp;&nbsp;&nbsp;&nbsp;&nbsp;&nbsp;&nbsp; Bertanggung jawab melakukan simulasi proses fluida menggunakan komputer, diagram alir proses dan utilitas, Heat &amp; Material Balance, HAZOP, HAZID, dan Teknik analisis resiko.</p><p>·&nbsp;&nbsp;&nbsp;&nbsp;&nbsp;&nbsp;&nbsp;&nbsp; Mengoperasikan minimal salah satu software HYSIS, PIPESIM, FLARESIM, FLARENET, PHAST, PIPENET, HTFS, SMARTPLAN, dll.</p><p><br></p>","https://id.jobstreet.com/job/92287799"
"92415639","Electrical Design Engineer","CTCI","Central Jakarta, Jakarta",,"Contract/Temp","Engineering","Electrical/Electronic Engineering","2026-05-29T09:23:44.000Z","Duties and Responsibilities: 1. Develop electrical engineering documents such as SLDs, sizing calculations, layouts, and diagrams with high quality and on schedule. 2. Develop electrical equipment specifications and datasheets. 3. Prepare technical requisition, bid evaluation, and Material Take Off (MTO). 4. Perform 2D drafting using AutoCAD and 3D modeling using Revit or E3D. 5. Ensure design compliance with company procedures, code, standards, and project requirements. 6. Revise drawing and documents based on check engineer or client comments. 7. Coordinate with other engineering disciplines to ensure effective project execution. 8. Provide technical support and resolve engineering issues throughout the project lifecycle. 9. Assist in testing and commissioning activities, including site visits and surveys, and provide technical support during construction by addressing site queries and reviewing on-site conditions. Qualifications, Skills and Competencies: 1. Bachelor’s degree in electrical engineering. 2. Minimum of 3 years of experience in engineering consultant or EPC contractor. 3. Good understanding of electrical engineering fundamentals. 4. Familiar with IEC standards and industry practices, including relevant local regulations. 5. Proficiency in AutoCAD is mandatory. 6. Proficient in relevant electrical engineering tools (e.g., ETAP, Dialux Evo, Revit, or other power study simulation software). 7. Excellent problem-solving and analytical skills. 8. Strong interpersonal skills with strong attention to detail. 9. Proficient in English, both written and verbal. 10. Willing to be assigned to the site if project is required.","<p><strong>Duties and Responsibilities:</strong></p><p>1.&nbsp;&nbsp;&nbsp; Develop electrical engineering documents such as SLDs, sizing calculations, layouts, and diagrams with high quality and on schedule.</p><p>2.&nbsp;&nbsp;&nbsp; Develop electrical equipment specifications and datasheets.</p><p>3.&nbsp;&nbsp;&nbsp; Prepare technical requisition, bid evaluation, and Material Take Off (MTO).</p><p>4.&nbsp;&nbsp;&nbsp; Perform 2D drafting using AutoCAD and 3D modeling using Revit or E3D.</p><p>5.&nbsp;&nbsp;&nbsp; Ensure design compliance with company procedures, code, standards, and project requirements.</p><p>6.&nbsp;&nbsp;&nbsp; Revise drawing and documents based on check engineer or client comments.</p><p>7.&nbsp;&nbsp;&nbsp; Coordinate with other engineering disciplines to ensure effective project execution.</p><p>8.&nbsp;&nbsp;&nbsp; Provide technical support and resolve engineering issues throughout the project lifecycle.</p><p>9.&nbsp;&nbsp;&nbsp; Assist in testing and commissioning activities, including site visits and surveys, and provide technical support during construction by addressing site queries and reviewing on-site conditions.</p><p><br></p><p><strong>Qualifications, Skills and Competencies:</strong></p><p>1.&nbsp;&nbsp;&nbsp; Bachelor’s degree in electrical engineering.</p><p>2.&nbsp;&nbsp;&nbsp; Minimum of 3 years of experience in engineering consultant or EPC contractor.</p><p>3.&nbsp;&nbsp;&nbsp; Good understanding of electrical engineering fundamentals.</p><p>4.&nbsp;&nbsp;&nbsp; Familiar with IEC standards and industry practices, including relevant local regulations.</p><p>5.&nbsp;&nbsp;&nbsp; Proficiency in AutoCAD is mandatory.</p><p>6.&nbsp;&nbsp;&nbsp; Proficient in relevant electrical engineering tools (e.g., ETAP, Dialux Evo, Revit, or other power study simulation software).</p><p>7.&nbsp;&nbsp;&nbsp; Excellent problem-solving and analytical skills.</p><p>8.&nbsp;&nbsp;&nbsp; Strong interpersonal skills with strong attention to detail.</p><p>9.&nbsp;&nbsp;&nbsp; Proficient in English, both written and verbal.</p><p>10.&nbsp; Willing to be assigned to the site if project is required.</p>","https://id.jobstreet.com/job/92415639"
"92234054","Basic Design Engineer","PT Multi Dinamika Kencana","Central Jakarta, Jakarta","Rp 6.000.000 – Rp 8.000.000 per month","Full time","Engineering","Mechanical Engineering","2026-05-20T09:55:00.000Z","Deskripsi Pekerjaan : Melakukan survey di lokasi Project (dimensi equipment, posisi equipment) Membuat desain basis dan kalkulasi sistem menggunakan software atau manual Membuat estimasi Bill of Quantity (BQ) dan menentukan jenis material yang akan digunakan Membuat estimasi rencana anggaran biaya (RAB) project Menyusun proposal penjelasan perhitungan ( flow calculation, hydraulic calculations) Melakukan klarifikasi teknis (design dan penjelasan teknis) Kualifikasi : Pendidikan D3/S1 Teknik Mesin, Mechatronics, Piping, Elektro Memiliki pengalaman dibidang yang sama min 2 tahun Memiliki pengalaman untuk mendesain instalasi Fire Protection System Memiliki pengetahuan yang baik mengenai Gas Supression System and Hydraulic Calculations Memiliki kemampuan membaca gambar Gas Supression System Memahami konsep Risk Management dan Project Overview Terbiasa membuat proposal project Dapat mengoperasikan software Autocad Bersedia melakukan perjalanan dinas ke project seluruh Indonesia","<p><strong>Deskripsi Pekerjaan :</strong></p><ol><li><p>Melakukan survey di lokasi Project (dimensi equipment, posisi equipment)</p></li><li><p>Membuat desain basis dan kalkulasi sistem menggunakan software atau manual</p></li><li><p>Membuat estimasi Bill of Quantity (BQ) dan menentukan jenis material yang akan digunakan</p></li><li><p>Membuat estimasi rencana anggaran biaya (RAB) project</p></li><li><p>Menyusun proposal penjelasan perhitungan (<em>flow calculation, hydraulic calculations)</em></p></li><li><p>Melakukan klarifikasi teknis (design dan penjelasan teknis)</p></li></ol><p><br></p><p><strong>Kualifikasi :</strong></p><ul><li><p>Pendidikan D3/S1 Teknik Mesin, Mechatronics, Piping, Elektro</p></li><li><p>Memiliki pengalaman dibidang yang sama min 2 tahun</p></li><li><p>Memiliki pengalaman untuk mendesain instalasi <em>Fire Protection System</em></p></li><li><p>Memiliki pengetahuan yang baik mengenai <em>Gas Supression System </em>and <em>Hydraulic Calculations</em></p></li><li><p>Memiliki kemampuan membaca gambar <em>Gas Supression System</em></p></li><li><p>Memahami konsep <em>Risk Management </em>dan <em>Project Overview</em></p></li><li><p>Terbiasa membuat proposal project</p></li><li><p>Dapat mengoperasikan software Autocad</p></li><li><p>Bersedia melakukan perjalanan dinas ke project seluruh Indonesia</p></li></ul><p><br></p>","https://id.jobstreet.com/job/92234054"
"92349924","Senior Software Engineer, Backend","Transportation Solutions Indonesia","Kebayoran Lama, Jakarta",,"Full time","Information & Communication Technology","Engineering - Software","2026-05-26T13:17:34.000Z","Company Description About Grab and Our Workplace Grab is Southeast Asia's leading superapp. From getting your favourite meals delivered to helping you manage your finances and getting around town hassle-free, we've got your back with everything. In Grab, purpose gives us joy and habits build excellence, while harnessing the power of Technology and AI to deliver the mission of driving Southeast Asia forward by economically empowering everyone, with heart, hunger, honour, and humility. Job Description Get to Know the Team The Lending team at Grab is focused on building safe, secure, and adaptable loan products that serve diverse user segments across Southeast Asia. Our mission is to guide financial inclusion and empower underbanked partners across the region. We design and operate critical platform components such as the Loan Management System, Repayments Engine, and Product Flow Orchestrator—powering seamless and reliable lending experiences at scale. Our work involves building large-scale distributed systems that impact millions of users, with a emphasis on reliability and scalability. Core engineering principles like idempotency, CAP theorem, and distributed agreement meaningfully contribute to how we architect and evolve our systems. At our core, we are driven by impact—creating financial solutions that make a meaningful difference in people's lives. Get to Know the Role You will design, build, and operate backend services that power end‑to‑end lending journeys – from origination and decisioning to servicing and repayments – across multiple markets. You will work closely with product managers, designers, data and Ops teams to deliver high‑quality features, drive operational excellence, and mentor other engineers. This role is based in Indonesia with close collaboration across distributed teams in Asia. The Critical Tasks You Will Perform Design and implement backend services that are robust, scalable, observable, and cost‑efficient, primarily in Golang and running on our Kubernetes‑based platform. Own end‑to‑end delivery of features and projects: requirements clarification, design, implementation, testing, rollout, and post‑launch monitoring. Participate in and lead technical discussions and design reviews, making clear trade‑offs that balance reliability, latency, throughput, and cost. Drive operational excellence : instrument services with metrics, logs and traces; define SLIs/SLOs; improve alerting; perform capacity planning and performance tuning; and handle production incidents during on‑call rotations. Collaborate with cross‑functional teams (Product, Risk, Data, Mobile, QA, Compliance) to design end‑to‑end lending flows that are safe, compliant, and user‑centric. Contribute to engineering excellence by improving our CI/CD, testing, documentation, and design standards within the team. Mentor and guide other engineers , providing constructive code review feedback and sharing best practices in design, coding, and OE. Support hiring by participating in interviews and helping improve our question banks, guidelines, and job descriptions. Qualifications What Essential Skills You Will Need 5+ years of backend engineering experience in a distributed systems environment, with experience with shipping and operating production services at scale. Computer science fundamentals in data structures, algorithms, and design of large‑scale systems. Solid experience with at least one modern backend language (e.g. Golang, Java, C++, C#, Python ) and a willingness to work with Golang . Hands‑on experience with relational databases (e.g. MySQL/PostgreSQL) and familiarity with NoSQL/streaming technologies (e.g. Kafka, DynamoDB, Redis) or equivalents. Experience building and operating REST/gRPC services in a microservices or service‑oriented architecture on a major cloud provider (AWS, GCP, or Azure). Demonstrated experience for end‑to‑end delivery, including production quality, performance, and reliability. Additional Information Life at Grab We care about your well-being at Grab, here are some of the global benefits we offer: We have your back with Term Life Insurance and comprehensive Medical Insurance. With GrabFlex, create a benefits package that suits your needs and aspirations. Celebrate moments that matter in life with loved ones through Parental and Birthday leave , and give back to your communities through Love-all-Serve-all (LASA) volunteering leave We have a confidential Grabber Assistance Programme to guide and uplift you and your loved ones through life's challenges. Balancing personal commitments and life's demands are made easier with our FlexWork arrangements such as differentiated hours What We Stand For At Grab We are committed to building an inclusive and equitable workplace that provides equal opportunity for Grabbers to grow and perform at their best. We consider all candidates fairly and equally regardless of nationality, ethnicity, race, religion, age, gender, family commitments, physical and mental impairments or disabilities, and other attributes that make them unique.","<div><p>
<strong>Company Description</strong><br>
</p></div>
<div><div>
<p><strong>About Grab and Our Workplace</strong></p>
<p>Grab is Southeast Asia's leading superapp. From getting your favourite meals delivered to helping you manage your finances and getting around town hassle-free, we've got your back with everything. In Grab, purpose gives us joy and habits build excellence, while harnessing the power of Technology and AI to deliver the mission of driving Southeast Asia forward by economically empowering everyone, with heart, hunger, honour, and humility.</p>
</div></div>
<div><p>
<strong>Job Description</strong><br>
</p></div>
<div><div>
<p><strong>Get to Know the Team</strong></p>
<p>The Lending team at Grab is focused on building safe, secure, and adaptable loan products that serve diverse user segments across Southeast Asia. Our mission is to guide financial inclusion and empower underbanked partners across the region. We design and operate critical platform components such as the Loan Management System, Repayments Engine, and Product Flow Orchestrator—powering seamless and reliable lending experiences at scale. Our work involves building large-scale distributed systems that impact millions of users, with a emphasis on reliability and scalability. Core engineering principles like idempotency, CAP theorem, and distributed agreement meaningfully contribute to how we architect and evolve our systems. At our core, we are driven by impact—creating financial solutions that make a meaningful difference in people's lives.</p>
<p><strong>Get to Know the Role</strong></p>
<p>You will design, build, and operate backend services that power end‑to‑end lending journeys – from origination and decisioning to servicing and repayments – across multiple markets.</p>
<p>You will work closely with product managers, designers, data and Ops teams to deliver high‑quality features, drive operational excellence, and mentor other engineers. This role is based in <strong>Indonesia</strong> with close collaboration across distributed teams in Asia.</p>
<p><strong>The Critical Tasks You Will Perform</strong></p>
<ul>
<li>
<strong>Design and implement backend services</strong> that are robust, scalable, observable, and cost‑efficient, primarily in <strong>Golang</strong> and running on our Kubernetes‑based platform.</li>
<li>
<strong>Own end‑to‑end delivery</strong> of features and projects: requirements clarification, design, implementation, testing, rollout, and post‑launch monitoring.</li>
<li>
<strong>Participate in and lead technical discussions</strong> and design reviews, making clear trade‑offs that balance reliability, latency, throughput, and cost.</li>
<li>
<strong>Drive operational excellence</strong>: instrument services with metrics, logs and traces; define SLIs/SLOs; improve alerting; perform capacity planning and performance tuning; and handle production incidents during on‑call rotations.</li>
<li>
<strong>Collaborate with cross‑functional teams</strong> (Product, Risk, Data, Mobile, QA, Compliance) to design end‑to‑end lending flows that are safe, compliant, and user‑centric.</li>
<li>
<strong>Contribute to engineering excellence</strong> by improving our CI/CD, testing, documentation, and design standards within the team.</li>
<li>
<strong>Mentor and guide other engineers</strong>, providing constructive code review feedback and sharing best practices in design, coding, and OE.</li>
<li>
<strong>Support hiring</strong> by participating in interviews and helping improve our question banks, guidelines, and job descriptions.</li>
</ul>
</div></div>
<div><p>
<strong>Qualifications</strong><br>
</p></div>
<div><div>
<p><strong>What Essential Skills You Will Need</strong></p>
<ul>
<li>
<strong>5+ years of backend engineering experience</strong> in a distributed systems environment, with experience with shipping and operating production services at scale.</li>
<li>
<strong>Computer science fundamentals</strong> in data structures, algorithms, and design of large‑scale systems.</li>
<li>Solid experience with at least one modern backend language (e.g. <strong>Golang, Java, C++, C#, Python</strong>) and a willingness to work with <strong>Golang</strong>.</li>
<li>Hands‑on experience with <strong>relational databases</strong> (e.g. MySQL/PostgreSQL) and familiarity with <strong>NoSQL/streaming</strong> technologies (e.g. Kafka, DynamoDB, Redis) or equivalents.</li>
<li>Experience building and operating <strong>REST/gRPC services</strong> in a microservices or service‑oriented architecture on a major cloud provider (AWS, GCP, or Azure).</li>
<li>Demonstrated <strong>experience </strong>for end‑to‑end delivery, including production quality, performance, and reliability.</li>
</ul>
</div></div>
<div><p>
<strong>Additional Information</strong><br>
</p></div>
<div><div>
<p><strong>Life at Grab</strong></p>
<p>We care about your well-being at Grab, here are some of the global benefits we offer:</p>
<ul>
<li>We have your back with <strong>Term Life Insurance </strong>and comprehensive <strong>Medical Insurance.</strong>
</li>
<li>With <strong>GrabFlex, </strong>create a benefits package that suits your needs and aspirations.</li>
<li>Celebrate moments that matter in life with loved ones through <strong>Parental</strong> and <strong>Birthday leave</strong>, and give back to your communities through <strong>Love-all-Serve-all (LASA)</strong> volunteering leave</li>
<li>We have a confidential <strong>Grabber Assistance Programme</strong> to guide and uplift you and your loved ones through life's challenges.</li>
<li>Balancing personal commitments and life's demands are made easier with our FlexWork arrangements such as differentiated hours</li>
</ul>
<p><strong>What We Stand For At Grab</strong></p>
<p>We are committed to building an inclusive and equitable workplace that provides equal opportunity for Grabbers to grow and perform at their best. We consider all candidates fairly and equally regardless of nationality, ethnicity, race, religion, age, gender, family commitments, physical and mental impairments or disabilities, and other attributes that make them unique.</p>
</div></div>","https://id.jobstreet.com/job/92349924"
"91942351","DRAFTER","Corinthian Doors","Majalengka, West Java","Rp 5.000.000 – Rp 7.000.000 per month","Full time","Engineering","Engineering Drafting","2026-05-06T06:31:39.000Z","About the role PT Corinthian Industries Indonesia is seeking a talented Drafter to join our team in Majalengka, West Java. As a Drafter, you will be responsible for creating detailed technical drawings and plans that are essential to the success of our engineering projects. This is a full-time role that offers the opportunity to work on a variety of challenging and innovative projects. What you'll be doing Interpreting designs, specifications, and other technical documents to create accurate and detailed 2D and 3D drawings using CAD software Collaborating with engineers, managers, and other team members to ensure drawings meet all requirements and specifications Keeping accurate records and documentation of all drafting work Staying up-to-date with the latest drafting techniques, software, and industry standards Assisting with the preparation of project proposals, bids, and presentations as needed What we're looking for Relevant qualification or diploma in Drafting or a related technical field (mechanical engineering majors are preferred) At least 1 year of experience as a Drafter, preferably in an engineering or manufacturing environment Proficient in using CAD software, such as AutoCAD, Solidworks, or Inventor Strong attention to detail and ability to interpret technical drawings and specifications Excellent problem-solving and critical thinking skills Strong communication and collaboration skills Willingness to learn and adapt to new technologies and processes What we offer At PT Corinthian Industries Indonesia, we are committed to providing a supportive and rewarding work environment for our employees. We offer competitive salaries, opportunities for career development, and a range of benefits to help you thrive both professionally and personally. About us PT Corinthian Industries Indonesia is a leading provider of engineering and manufacturing services. With a strong focus on innovation and quality, we work with a wide range of clients across various industries to bring their ideas to life. Our team of dedicated professionals is passionate about delivering exceptional results, and we are always looking for talented individuals to join us on our journey. Apply now for this exciting opportunity to become a Drafter at PT Corinthian Industries Indonesia.","<p><strong>About the role</strong><br><br>PT Corinthian Industries Indonesia is seeking a talented Drafter to join our team in Majalengka, West Java. As a Drafter, you will be responsible for creating detailed technical drawings and plans that are essential to the success of our engineering projects. This is a full-time role that offers the opportunity to work on a variety of challenging and innovative projects.</p><p><strong>What you'll be doing</strong></p><ol><li><p>Interpreting designs, specifications, and other technical documents to create accurate and detailed 2D and 3D drawings using CAD software</p></li><li><p>Collaborating with engineers, managers, and other team members to ensure drawings meet all requirements and specifications</p></li><li><p>Keeping accurate records and documentation of all drafting work</p></li><li><p>Staying up-to-date with the latest drafting techniques, software, and industry standards</p></li><li><p>Assisting with the preparation of project proposals, bids, and presentations as needed</p></li></ol><p><strong>What we're looking for</strong></p><ol><li><p>Relevant qualification or diploma in Drafting or a related technical field (mechanical engineering majors are preferred)</p></li><li><p>At least 1 year of experience as a Drafter, preferably in an engineering or manufacturing environment</p></li><li><p>Proficient in using CAD software, such as AutoCAD, Solidworks, or Inventor</p></li><li><p>Strong attention to detail and ability to interpret technical drawings and specifications</p></li><li><p>Excellent problem-solving and critical thinking skills</p></li><li><p>Strong communication and collaboration skills</p></li><li><p>Willingness to learn and adapt to new technologies and processes</p></li></ol><p><strong>What we offer</strong><br><br>At PT Corinthian Industries Indonesia, we are committed to providing a supportive and rewarding work environment for our employees. We offer competitive salaries, opportunities for career development, and a range of benefits to help you thrive both professionally and personally.</p><p><strong>About us</strong><br><br>PT Corinthian Industries Indonesia is a leading provider of engineering and manufacturing services. With a strong focus on innovation and quality, we work with a wide range of clients across various industries to bring their ideas to life. Our team of dedicated professionals is passionate about delivering exceptional results, and we are always looking for talented individuals to join us on our journey.</p><p>Apply now for this exciting opportunity to become a Drafter at PT Corinthian Industries Indonesia.</p><p><br></p>","https://id.jobstreet.com/job/91942351"
"92489461","Engineering Struktur","PT Bogor Servicia Integra","Bogor, West Java","Rp 3.000.000 – Rp 3.500.000 per month","Part time","Engineering","Civil/Structural Engineering","2026-06-03T06:59:08.000Z","Kualifikasi : - Pendidikan min. S1 Teknik Arsitektur atau Sipil - Menguasai software desain 2D (Autocad), ETABS dan SAP2000 - Mampu membuat gambar kerja / shop drawing secara detail, rapi & terstruktur - Dapat membaca gambar Arsitektur & MEP - Teliti, jujur, bertanggung jawab serta memiliki orientasi tinggi terhadap detail - Mampu bekerja dengan detail dan tenggat waktu yang ketat - Latar belakang atau pengalaman dalam organisasi kampus / profesi menjadi nilai tambah - Komunikatif, disiplin, cekatan dan mampu bekerja di bawah tekanan","<p>Kualifikasi :</p><p>- Pendidikan min. S1 Teknik Arsitektur atau Sipil</p><p>- Menguasai software desain 2D (Autocad), ETABS dan SAP2000</p><p>- Mampu membuat gambar kerja / shop drawing secara detail, rapi &amp; terstruktur</p><p>- Dapat membaca gambar Arsitektur &amp; MEP</p><p>- Teliti, jujur, bertanggung jawab serta memiliki orientasi tinggi terhadap detail</p><p>- Mampu bekerja dengan detail dan tenggat waktu yang ketat</p><p>- Latar belakang atau pengalaman dalam organisasi kampus / profesi menjadi nilai tambah</p><p>- Komunikatif, disiplin, cekatan dan mampu bekerja di bawah tekanan</p>","https://id.jobstreet.com/job/92489461"
"92061366","Drafter","Masmindo Dwi Area","Jakarta",,"Full time","Design & Architecture","Architectural Drafting","2026-05-12T07:01:28.000Z","Position Overview: Prepare engineering and DED drawings, support project execution, and provide technical drafting support on site. Key Responsibilities: Prepare conceptual drawings based on project requirements and technical specifications. Develop Basic Engineering Drawings and Detailed Engineering Design (DED) drawings. Create and revise technical drawings, including 2D and 3D models, in accordance with project standards. Support vendors and project teams in developing execution strategies and construction plans. Monitor construction activities and provide technical support to resolve drawing or field-related issues during project execution. Ensure all drawings and technical documents are accurate, updated, and aligned with project requirements. Qualifications: Minimum 5 years of experience in drafting and engineering project support. Minimum education: Senior High School (SMA/SMK) or equivalent; Diploma/Bachelor’s Degree in a related field is an advantage. Proficient in drafting software and 3D modeling tools (AutoCAD, Civil 3D, SketchUp, or similar software). Strong understanding of engineering drawings, earthwork activities, and CSMPP execution. Good coordination and problem-solving skills during project execution and construction stages. Able to work independently as well as collaboratively with project teams and vendors","<p><strong>Position Overview:</strong></p><p>Prepare engineering and DED drawings, support project execution, and provide technical drafting support on site.</p><h2>Key Responsibilities:</h2><ul><li><p>Prepare conceptual drawings based on project requirements and technical specifications.&nbsp;</p></li><li><p>Develop Basic Engineering Drawings and Detailed Engineering Design (DED) drawings.&nbsp;</p></li><li><p>Create and revise technical drawings, including 2D and 3D models, in accordance with project standards.&nbsp;</p></li><li><p>Support vendors and project teams in developing execution strategies and construction plans.&nbsp;</p></li><li><p>Monitor construction activities and provide technical support to resolve drawing or field-related issues during project execution.&nbsp;</p></li><li><p>Ensure all drawings and technical documents are accurate, updated, and aligned with project requirements.</p></li></ul><h2>Qualifications:</h2><ul><li><p>Minimum 5 years of experience in drafting and engineering project support.&nbsp;</p></li><li><p>Minimum education: Senior High School (SMA/SMK) or equivalent; Diploma/Bachelor’s Degree in a related field is an advantage.&nbsp;</p></li><li><p>Proficient in drafting software and 3D modeling tools (AutoCAD, Civil 3D, SketchUp, or similar software).&nbsp;</p></li><li><p>Strong understanding of engineering drawings, earthwork activities, and CSMPP execution.&nbsp;</p></li><li><p>Good coordination and problem-solving skills during project execution and construction stages.&nbsp;</p></li><li><p>Able to work independently as well as collaboratively with project teams and vendors</p></li></ul><p><br></p>","https://id.jobstreet.com/job/92061366"
"92253979","Application Performance Monitoring (APM) Sr Engineer","Home Credit","Jakarta",,"Full time","Information & Communication Technology","Networks & Systems Administration","2026-05-21T06:35:26.000Z","You will focus on system automation and software performance and monitoring. This will cover area responsibilities: Designing, Implementing, and maintaining monitoring solution. Developing and maintaining automation and monitoring scripts using languages like Python, Bash, or PowerShell. Implementing monitoring and logging solution using Grafana, Prometheus, and Splunk, DynaTrace. Ensuring security best practices are integrated into the monitoring solution. Responding to and resolving incidents and outages in a timely manner. Continuous assessing and improving monitoring practices, tools, and processes. We are looking for talent with: Minimum 5 years' experience as APM Engineer with DevOps background. Experience in handle in cross functional team with min 5 years (cross country and/ or enterprise application preferred). Having 5 years of experience with monitoring and logging tools (Prometheus, Grafana, Splunk, DynaTrace). Having at least 3 years of enterprise application monitoring solution. Very Proactive, Initiative and Collaborative. Independent team player and good leadership skills. Strong problem-solving skills and able to handle complex technical issues. Good communication in English both verbal & written will be preferable.","<p>You will focus on system automation and software performance and monitoring. This will cover area responsibilities:</p><ul><li><p>Designing, Implementing, and maintaining monitoring solution.</p></li><li><p>Developing and maintaining automation and monitoring scripts using languages like Python, Bash, or PowerShell.</p></li><li><p>Implementing monitoring and logging solution using Grafana, Prometheus, and Splunk, DynaTrace.</p></li><li><p>Ensuring security best practices are integrated into the monitoring solution.</p></li><li><p>Responding to and resolving incidents and outages in a timely manner.</p></li><li><p>Continuous assessing and improving monitoring practices, tools, and processes.<br></p></li></ul><p>We are looking for talent with:</p><ul><li><p>Minimum 5 years' experience as APM Engineer with DevOps background.</p></li><li><p>Experience in handle in cross functional team with min 5 years (cross country and/ or enterprise application preferred).</p></li><li><p>Having 5 years of experience with monitoring and logging tools (Prometheus, Grafana, Splunk, DynaTrace).</p></li><li><p>Having at least 3 years of enterprise application monitoring solution.</p></li><li><p>Very Proactive, Initiative and Collaborative.</p></li><li><p>Independent team player and good leadership skills.</p></li><li><p>Strong problem-solving skills and able to handle complex technical issues.</p></li><li><p>Good communication in English both verbal &amp; written will be preferable.<br></p></li></ul><p><br></p>","https://id.jobstreet.com/job/92253979"
"92489686","Account Executive (Batam)","Netmarks Indonesia","Batam, Riau Islands","Rp 5.000.000 – Rp 7.000.000 per month","Full time","Sales","Account & Relationship Management","2026-06-03T07:05:38.000Z","Job Description: Build strong relationship with clients, partners, principals. Develop opportunities in promoting and selling IT solutions and creating projects (hardware, software, and services). Has a minimum 2 years of Leadership Experience Aggressively develop and manage strategic accounts by using a consultative approach. Providing IT solutions tailored to Client's needs & pain-points together with Engineering & Support Team. Develop and execute sales plans including sales analysis, target achievement, Deliver sales strategy and business tactics by reading market trends and doing negotiations. Generate quotations and sales documentation. Job Requirement: Diploma or Bachelor from any major (Preferably Computer Science, Information Technology, Telecommunication, Communication). Fluent in spoken and written English Required skill(s): IT product marketing, IT business development, Sales, Sales Activities, Sales Presentation, Documentation. Highly motivated, able to work with target. Highly Resilient and eager to learn. Fresh graduates are welcomed to apply. Experience in selling IT products/services or applications/solutions to various industries is a plus. Work Location: Batam","<p><strong>Job Description:</strong></p><ul><li><p>Build strong relationship with clients, partners, principals.</p></li><li><p>Develop opportunities in promoting and selling IT solutions and creating projects (hardware, software, and services).</p></li><li><p>Has a minimum 2 years of Leadership Experience</p></li><li><p>Aggressively develop and manage strategic accounts by using a consultative approach.</p></li><li><p>Providing IT solutions tailored to Client's needs &amp; pain-points together with Engineering &amp; Support Team.</p></li><li><p>Develop and execute sales plans including sales analysis, target achievement,</p></li><li><p>Deliver sales strategy and business tactics by reading market trends and doing negotiations.</p></li><li><p>Generate quotations and sales documentation.</p></li></ul><p><br></p><p><strong>Job Requirement:</strong></p><ul><li><p>Diploma or Bachelor from any major (Preferably Computer Science, Information Technology, Telecommunication, Communication).</p></li><li><p>Fluent in spoken and written English</p></li><li><p>Required skill(s): IT product marketing, IT business development, Sales, Sales Activities, Sales Presentation, Documentation.</p></li><li><p>Highly motivated, able to work with target.</p></li><li><p>Highly Resilient and eager to learn.</p></li><li><p>Fresh graduates are welcomed to apply.</p></li><li><p>Experience in selling IT products/services or applications/solutions to various industries is a plus.</p></li><li><p>Work Location: Batam</p></li></ul><p><br></p>","https://id.jobstreet.com/job/92489686"
"91883416","Project Engineer - Lighting","PT Integrasi Muda Teknologi","Tangerang, Banten","Rp 6.000.000 – Rp 8.000.000 per month","Full time","Engineering","Electrical/Electronic Engineering","2026-05-04T04:11:01.000Z","Deskripsi Pekerjaan Kami mencari Project Engineer yang bertanggung jawab mengeksekusi proyek instalasi lighting dari kick-off hingga handover kepada klien. Anda akan bekerja langsung di lapangan, memimpin tim teknisi, memastikan instalasi berjalan sesuai desain, tepat waktu, dan sesuai standar keselamatan. Tanggung Jawab Perencanaan & Koordinasi Proyek: Mempelajari desain dan lighting plot dari tim Pre-Sales Engineer sebelum eksekusi Membuat jadwal instalasi, alokasi material, dan koordinasi tim teknisi lapangan Berkoordinasi dengan klien/owner venue terkait akses lokasi, jadwal, dan kebutuhan teknis Menyiapkan checklist material, tools, dan perlengkapan keselamatan sebelum mobilisasi ke site Instalasi & Commissioning: Memimpin dan mengawasi pemasangan fixture lighting (moving head, effect light, laser, PAR, dll.) Mengawasi pemasangan truss, rigging, dan struktur penggantung sesuai standar keselamatan Melakukan instalasi wiring DMX, power distribution (PDU), dan sistem kontrol Bekerja sama dengan DMX Programmer dalam proses patching, addressing, dan commissioning Melakukan testing dan troubleshooting sistem lighting sebelum handover Memastikan seluruh instalasi sesuai dengan desain, spesifikasi, dan standar yang telah disepakati Dokumentasi & Pelaporan: Membuat as-built drawing dan dokumentasi instalasi yang akurat Menyusun berita acara serah terima (BAST) kepada klien Melaporkan progress harian/mingguan kepada Project Manager atau manajemen Mendokumentasikan setiap perubahan (change order) yang terjadi di lapangan Quality & Safety: Memastikan seluruh proses instalasi memenuhi standar keselamatan kerja (K3) Melakukan inspeksi kualitas pemasangan sebelum commissioning Mengidentifikasi dan melaporkan potensi risiko atau hambatan proyek secara proaktif Persyaratan Kualifikasi Wajib Pendidikan minimal D3/S1 Teknik Elektro, Teknik Mesin, atau bidang terkait Minimal 2 tahun pengalaman di bidang instalasi stage lighting, AV systems, electrical installation, atau proyek MEP Memahami konsep DMX512, moving head fixture, LED lighting, dan power distribution Mampu membaca technical drawing, lighting plot, dan diagram satu line Familiar dengan rigging, truss system, dan standar keselamatan pemasangan di ketinggian Bersedia melakukan perjalanan dinas ke seluruh Indonesia sesuai kebutuhan proyek Memiliki SIM A aktif Kualifikasi Tambahan (Nilai Plus) Pengalaman menggunakan lighting console: grandMA2/3, Avolites, ChamSys untuk commissioning dasar Memiliki sertifikasi K3 Umum atau K3 Listrik Pengalaman memimpin tim teknisi di lapangan Familiar dengan software project management (MS Project, Trello, atau sejenisnya) Pengalaman proyek nightclub, concert hall, livehouse, atau house of worship Kompetensi yang Dibutuhkan Leadership — mampu memimpin dan mengkoordinasikan tim teknisi di lapangan Problem-solving — cepat tanggap terhadap masalah teknis di site Detail-oriented — teliti dalam instalasi, pengkabelan, dan dokumentasi Komunikatif — mampu berkoordinasi dengan klien, tim internal, dan subkontraktor Adaptif — siap bekerja dengan jadwal fleksibel dan kondisi lapangan yang dinamis Fisik prima — mampu bekerja di ketinggian dan kondisi lapangan selama proyek berlangsung","<p><strong>Deskripsi Pekerjaan</strong></p><p>Kami mencari Project Engineer yang bertanggung jawab mengeksekusi proyek instalasi lighting dari kick-off hingga handover kepada klien. Anda akan bekerja langsung di lapangan, memimpin tim teknisi, memastikan instalasi berjalan sesuai desain, tepat waktu, dan sesuai standar keselamatan.</p><p><br></p><p><strong>Tanggung Jawab</strong></p><ol><li><p><strong>Perencanaan &amp; Koordinasi Proyek:</strong></p></li></ol><ul><li><p>Mempelajari desain dan lighting plot dari tim Pre-Sales Engineer sebelum eksekusi</p></li><li><p>Membuat jadwal instalasi, alokasi material, dan koordinasi tim teknisi lapangan</p></li><li><p>Berkoordinasi dengan klien/owner venue terkait akses lokasi, jadwal, dan kebutuhan teknis</p></li><li><p>Menyiapkan checklist material, tools, dan perlengkapan keselamatan sebelum mobilisasi ke site</p></li></ul><ol><li><p><strong>Instalasi &amp; Commissioning:</strong></p></li></ol><ul><li><p>Memimpin dan mengawasi pemasangan fixture lighting (moving head, effect light, laser, PAR, dll.)</p></li><li><p>Mengawasi pemasangan truss, rigging, dan struktur penggantung sesuai standar keselamatan</p></li><li><p>Melakukan instalasi wiring DMX, power distribution (PDU), dan sistem kontrol</p></li><li><p>Bekerja sama dengan DMX Programmer dalam proses patching, addressing, dan commissioning</p></li><li><p>Melakukan testing dan troubleshooting sistem lighting sebelum handover</p></li><li><p>Memastikan seluruh instalasi sesuai dengan desain, spesifikasi, dan standar yang telah disepakati</p></li></ul><ol><li><p><strong>Dokumentasi &amp; Pelaporan:</strong></p></li></ol><ul><li><p>Membuat as-built drawing dan dokumentasi instalasi yang akurat</p></li><li><p>Menyusun berita acara serah terima (BAST) kepada klien</p></li><li><p>Melaporkan progress harian/mingguan kepada Project Manager atau manajemen</p></li><li><p>Mendokumentasikan setiap perubahan (change order) yang terjadi di lapangan</p></li></ul><ol><li><p><strong>Quality &amp; Safety:</strong></p></li></ol><ul><li><p>Memastikan seluruh proses instalasi memenuhi standar keselamatan kerja (K3)</p></li><li><p>Melakukan inspeksi kualitas pemasangan sebelum commissioning</p></li><li><p>Mengidentifikasi dan melaporkan potensi risiko atau hambatan proyek secara proaktif</p></li></ul><p><br></p><p><strong>Persyaratan</strong></p><ol><li><p><strong>Kualifikasi Wajib</strong></p></li></ol><ul><li><p>Pendidikan minimal D3/S1 Teknik Elektro, Teknik Mesin, atau bidang terkait</p></li><li><p>Minimal 2 tahun pengalaman di bidang instalasi stage lighting, AV systems, electrical installation, atau proyek MEP</p></li><li><p>Memahami konsep DMX512, moving head fixture, LED lighting, dan power distribution</p></li><li><p>Mampu membaca technical drawing, lighting plot, dan diagram satu line</p></li><li><p>Familiar dengan rigging, truss system, dan standar keselamatan pemasangan di ketinggian</p></li><li><p>Bersedia melakukan perjalanan dinas ke seluruh Indonesia sesuai kebutuhan proyek</p></li><li><p>Memiliki SIM A aktif</p></li></ul><ol><li><p><strong>Kualifikasi Tambahan (Nilai Plus)</strong></p></li></ol><ul><li><p>Pengalaman menggunakan lighting console: grandMA2/3, Avolites, ChamSys untuk commissioning dasar</p></li><li><p>Memiliki sertifikasi K3 Umum atau K3 Listrik</p></li><li><p>Pengalaman memimpin tim teknisi di lapangan</p></li><li><p>Familiar dengan software project management (MS Project, Trello, atau sejenisnya)</p></li><li><p>Pengalaman proyek nightclub, concert hall, livehouse, atau house of worship</p></li></ul><p><br></p><p><strong>Kompetensi yang Dibutuhkan</strong></p><ul><li><p>Leadership — mampu memimpin dan mengkoordinasikan tim teknisi di lapangan</p></li><li><p>Problem-solving — cepat tanggap terhadap masalah teknis di site</p></li><li><p>Detail-oriented — teliti dalam instalasi, pengkabelan, dan dokumentasi</p></li><li><p>Komunikatif — mampu berkoordinasi dengan klien, tim internal, dan subkontraktor</p></li><li><p>Adaptif — siap bekerja dengan jadwal fleksibel dan kondisi lapangan yang dinamis</p></li><li><p>Fisik prima — mampu bekerja di ketinggian dan kondisi lapangan selama proyek berlangsung</p></li></ul><p><br></p>","https://id.jobstreet.com/job/91883416"
"92154675","Lead Plumbing & Fire Protection Engineer (Design & Engineering Consultancy)","MatchaTalent","North Jakarta, Jakarta",,"Full time","Engineering","Mechanical Engineering","2026-05-17T03:01:49.000Z","Basic Information: Location: Jakarta Utara Industry: Architecture & Engineering Consulting Business Line: Architectural Design, Engineering & Regulatory Submission Services Function: Plumbing & Fire Protection Level: Lead Reporting Line: General Manager Employment Term: Permanent Working Arrangement: Hybrid Working Hours: Monday to Friday, 09:00–17:00 Benefits: Basic Salary, Allowances, BPJS, THR, Annual Bonus, Performance Incentives Client Overview: Our client is a professional architectural and engineering consultancy firm providing integrated design and technical services for development and industrial projects across Indonesia. Established as a fully licensed consulting company, the organization delivers architectural, structural, and MEP engineering solutions in compliance with Indonesian building regulations and authority requirements. The firm supports projects from concept development through detailed design, construction documentation, and statutory approvals, including PBG and SLF submissions. Serving technically complex and regulated developments, the company is recognized for its strong coordination between engineering, design, and regulatory stakeholders to ensure projects are compliant, technically feasible, and construction-ready. Job Role: The Lead Plumbing & Fire Protection Engineer is responsible for leading the design and compliance of plumbing, sanitation, and fire protection systems. Acting as the Engineer-in-Charge, this role ensures all systems meet safety standards, technical requirements, and regulatory approvals for project execution. Key Responsibilities: Engineering Leadership: Act as the responsible engineer for Plumbing & Fire Protection systems Design Accuracy: Prepare and approve hydraulic calculations, plumbing layouts, and fire protection systems Regulatory Coordination: Liaise with authorities to ensure compliance with fire safety and building regulations Operational Guidance: Supervise junior engineers and drafting teams in producing construction documentation Site Alignment: Review shop drawings and material submissions to ensure alignment with engineering design Candidate Requirements: Education Bachelor’s or Master’s Degree in Mechanical Engineering or related field Mandatory certifications: Valid STRI SKA/SKK Level 8 (Ahli Madya) in Plumbing & Fire Protection Engineering Experience Minimum 5 years in Plumbing & Fire Protection design Experience handling industrial or regulated development projects Experience acting as Engineer-in-Charge is preferred Core Expertise Plumbing and sanitary systems (water supply, wastewater, vent systems) Fire protection systems including sprinklers, hydrants, foam systems, and fire pumps Strong understanding of NFPA and SNI standards Tools & Systems Elite Fire, SprinkCAD, or similar hydraulic calculation software (mandatory) AutoCAD (mandatory) Basic ETABS/SAP2000 coordination capability Language Skills Professional proficiency in English for technical coordination and stakeholder communication Personal Qualities: Detail-oriented and technically rigorous Strong coordination and communication skills Able to work effectively within multidisciplinary teams","<h2><strong>Basic Information:</strong></h2><p><strong>Location:</strong> Jakarta Utara<br><strong>Industry:</strong> Architecture &amp; Engineering Consulting<br><strong>Business Line:</strong> Architectural Design, Engineering &amp; Regulatory Submission Services<br><strong>Function:</strong> Plumbing &amp; Fire Protection<br><strong>Level:</strong> Lead<br><strong>Reporting Line:</strong> General Manager<br><strong>Employment Term:</strong> Permanent<br><strong>Working Arrangement:</strong> Hybrid<br><strong>Working Hours:</strong> Monday to Friday, 09:00–17:00<br><strong>Benefits:</strong> Basic Salary, Allowances, BPJS, THR, Annual Bonus, Performance Incentives</p><hr><h2><strong>Client Overview:</strong></h2><p>Our client is a professional architectural and engineering consultancy firm providing integrated design and technical services for development and industrial projects across Indonesia.</p><p>Established as a fully licensed consulting company, the organization delivers architectural, structural, and MEP engineering solutions in compliance with Indonesian building regulations and authority requirements. The firm supports projects from concept development through detailed design, construction documentation, and statutory approvals, including PBG and SLF submissions.</p><p>Serving technically complex and regulated developments, the company is recognized for its strong coordination between engineering, design, and regulatory stakeholders to ensure projects are compliant, technically feasible, and construction-ready.</p><hr><h2><strong>Job Role:</strong></h2><p>The <strong>Lead Plumbing &amp; Fire Protection Engineer</strong> is responsible for leading the design and compliance of plumbing, sanitation, and fire protection systems. Acting as the Engineer-in-Charge, this role ensures all systems meet safety standards, technical requirements, and regulatory approvals for project execution.</p><hr><h2><strong>Key Responsibilities:</strong></h2><ul><li><p><strong>Engineering Leadership:</strong> Act as the responsible engineer for Plumbing &amp; Fire Protection systems</p></li><li><p><strong>Design Accuracy:</strong> Prepare and approve hydraulic calculations, plumbing layouts, and fire protection systems</p></li><li><p><strong>Regulatory Coordination:</strong> Liaise with authorities to ensure compliance with fire safety and building regulations</p></li><li><p><strong>Operational Guidance:</strong> Supervise junior engineers and drafting teams in producing construction documentation</p></li><li><p><strong>Site Alignment:</strong> Review shop drawings and material submissions to ensure alignment with engineering design</p></li></ul><hr><h2><strong>Candidate Requirements:</strong></h2><h2><strong>Education</strong></h2><p>Bachelor’s or Master’s Degree in Mechanical Engineering or related field</p><p>Mandatory certifications:</p><ul><li><p>Valid STRI</p></li><li><p>SKA/SKK Level 8 (Ahli Madya) in Plumbing &amp; Fire Protection Engineering</p></li></ul><h2><strong>Experience</strong></h2><ul><li><p>Minimum 5 years in Plumbing &amp; Fire Protection design</p></li><li><p>Experience handling industrial or regulated development projects</p></li><li><p>Experience acting as Engineer-in-Charge is preferred</p></li></ul><h2><strong>Core Expertise</strong></h2><ul><li><p>Plumbing and sanitary systems (water supply, wastewater, vent systems)</p></li><li><p>Fire protection systems including sprinklers, hydrants, foam systems, and fire pumps</p></li><li><p>Strong understanding of NFPA and SNI standards</p></li></ul><h2><strong>Tools &amp; Systems</strong></h2><ul><li><p>Elite Fire, SprinkCAD, or similar hydraulic calculation software (mandatory)</p></li><li><p>AutoCAD (mandatory)</p></li><li><p>Basic ETABS/SAP2000 coordination capability</p></li></ul><h2><strong>Language Skills</strong></h2><p>Professional proficiency in English for technical coordination and stakeholder communication</p><hr><h2><strong>Personal Qualities:</strong></h2><ul><li><p>Detail-oriented and technically rigorous</p></li><li><p>Strong coordination and communication skills</p></li><li><p>Able to work effectively within multidisciplinary teams</p></li></ul><p><br></p>","https://id.jobstreet.com/job/92154675"
"91998030","C# Developer","Petrolink Services Indonesia","South Jakarta, Jakarta",,"Contract/Temp","Information & Communication Technology","Developers/Programmers","2026-05-08T06:53:36.000Z","Shape the Future of Data Management in Oil & Gas with a Team That Values Growth Are you ready to take your career to the next level with a global leader in Oil & Gas technology? Petrolink is a forward-thinking company renowned for its innovative, user-driven solutions—and for cultivating a supportive, collaborative environment where team members thrive and stay for the long term. We are seeking a C# Developer to join our dynamic team, where you’ll have direct impact on the future of data management, visualization, and analytics in the industry. At Petrolink, you’ll work alongside a diverse, multi-disciplinary team in an Agile/DevOps environment, building reliable and scalable applications. Many of our staff have chosen to grow their careers with us over years, reflecting our commitment to professional development, mentorship, and a positive workplace culture. Why Join Petrolink? Career Growth: We are committed to your professional development, offering continuous learning, training, and clear paths for advancement within our organization. Innovative Projects: Work on exciting, challenging projects that push the boundaries of technology in the Oil and Gas sector. Collaborative Teamwork: Engage with a multi-disciplinary team where your voice and ideas are valued. Long-Term Opportunities: Build a lasting career with us, supported by ongoing opportunities for growth and progression. What You’ll Do Write clean, well-organized, and sustainable .NET code that powers our next-generation solutions. Design and enhance software, from creating new features to maintaining and improving existing applications. Contribute ideas that drive software innovation and elevate our products. Champion best practices in software development within a collaborative environment. Troubleshoot and debug deployed software to ensure reliability and performance. Document technical requirements clearly for seamless teamwork. Collaborate closely with developers, product managers, testers, and operations staff—learning from a wealth of experienced, long-serving colleagues. What We’re Looking For Expert knowledge of C# and the .NET Framework. Experience with relational databases (Microsoft SQL, PostgreSQL). Background in ASP.NET MVC / Web API. Bachelor’s degree in Computer Science or a related field. Hands-on experience with event-driven programming and message brokers (RabbitMQ, Kafka, etc.). 2+ years of relevant professional experience. Strong communication and interpersonal skills. Familiarity with multi-threaded or concurrent programming. Bonus Points For Experience with CI/CD pipelines and tools. Familiarity with non-relational databases, especially Cassandra. Exposure to real-time data acquisition and industrial protocols (OPC UA, MODBUS, SparkplugB). Web development skills in HTML5, JavaScript, Angular, Node.js, or TypeScript are a plus. At Petrolink, you’ll find more than just a job—you’ll discover real opportunities for advancement and ongoing learning. Join a company with a proven track record of employee retention, where your contributions are valued and your career can flourish. The above statements are intended to describe the general nature and level of work being performed. They are not intended to be construed as an exhaustive list of all responsibilities, duties and skills.","<p><strong>Shape the Future of Data Management in Oil &amp; Gas with a Team That Values Growth</strong></p><p>Are you ready to take your career to the next level with a global leader in Oil &amp; Gas technology? Petrolink is a forward-thinking company renowned for its innovative, user-driven solutions—and for cultivating a supportive, collaborative environment where team members thrive and stay for the long term.</p><p>We are seeking a C# Developer to join our dynamic team, where you’ll have direct impact on the future of data management, visualization, and analytics in the industry. At Petrolink, you’ll work alongside a diverse, multi-disciplinary team in an Agile/DevOps environment, building reliable and scalable applications. Many of our staff have chosen to grow their careers with us over years, reflecting our commitment to professional development, mentorship, and a positive workplace culture.</p><p><br></p><p><strong>Why Join Petrolink?</strong></p><ul><li><p>Career Growth: We are committed to your professional development, offering continuous learning, training, and clear paths for advancement within our organization.</p></li><li><p>Innovative Projects: Work on exciting, challenging projects that push the boundaries of technology in the Oil and Gas sector.</p></li><li><p>Collaborative Teamwork: Engage with a multi-disciplinary team where your voice and ideas are valued.</p></li><li><p>Long-Term Opportunities: Build a lasting career with us, supported by ongoing opportunities for growth and progression.</p></li></ul><p><strong>What You’ll Do</strong></p><ul><li><p>Write clean, well-organized, and sustainable .NET code that powers our next-generation solutions.</p></li><li><p>Design and enhance software, from creating new features to maintaining and improving existing applications.</p></li><li><p>Contribute ideas that drive software innovation and elevate our products.</p></li><li><p>Champion best practices in software development within a collaborative environment.</p></li><li><p>Troubleshoot and debug deployed software to ensure reliability and performance.</p></li><li><p>Document technical requirements clearly for seamless teamwork.</p></li><li><p>Collaborate closely with developers, product managers, testers, and operations staff—learning from a wealth of experienced, long-serving colleagues.</p></li></ul><p><strong>What We’re Looking For</strong></p><ul><li><p>Expert knowledge of C# and the .NET Framework.</p></li><li><p>Experience with relational databases (Microsoft SQL, PostgreSQL).</p></li><li><p>Background in ASP.NET MVC / Web API.</p></li><li><p>Bachelor’s degree in Computer Science or a related field.</p></li><li><p>Hands-on experience with event-driven programming and message brokers (RabbitMQ, Kafka, etc.).</p></li><li><p>2+ years of relevant professional experience.</p></li><li><p>Strong communication and interpersonal skills.</p></li><li><p>Familiarity with multi-threaded or concurrent programming.</p></li></ul><p><strong>Bonus Points For</strong></p><ul><li><p>Experience with CI/CD pipelines and tools.</p></li><li><p>Familiarity with non-relational databases, especially Cassandra.</p></li><li><p>Exposure to real-time data acquisition and industrial protocols (OPC UA, MODBUS, SparkplugB).</p></li><li><p>Web development skills in HTML5, JavaScript, Angular, Node.js, or TypeScript are a plus.</p></li></ul><p><br></p><p>At Petrolink, you’ll find more than just a job—you’ll discover real opportunities for advancement and ongoing learning. Join a company with a proven track record of employee retention, where your contributions are valued and your career can flourish.</p><p><br></p><p>The above statements are intended to describe the general nature and level of work being performed. They are not intended to be construed as an exhaustive list of all responsibilities, duties and skills.&nbsp;&nbsp;</p>","https://id.jobstreet.com/job/91998030"
"91906892","Admin Product Development","Multi Arta Sekawan","Tangerang Regency, Banten","Rp 5.300.000 – Rp 5.700.000 per month","Full time","Administration & Office Support","Administrative Assistants","2026-05-05T03:16:55.000Z","Kualifikasi: · Pendidikan minimal S1 Teknik (Teknik Elektro / Teknik Listrik / Teknik Mesin) · Memahami dasar sistem kelistrikan / mekanikal / produksi · Mampu membaca gambar teknik (wiring diagram / mechanical drawing) · Menguasai software pendukung (AutoCAD, PLC, atau sejenis menjadi nilai tambah) · Mampu bekerja dalam tim maupun individu · Memiliki kemampuan analisa yang baik dan problem solving · Bersedia ditempatkan di area kerja perusahaan Tanggung Jawab: · Melakukan perencanaan dan pengembangan sistem produksi · Monitoring dan evaluasi kinerja sistem operasional · Membuat laporan teknis dan analisa data · Berkoordinasi dengan tim engineering dan operasional · Melakukan improvement untuk efisiensi dan efektivitas kerja Benefit: · Gaji kompetitif · BPJS Kesehatan & Ketenagakerjaan · Kesempatan pengembangan karir","<p><strong>Kualifikasi:</strong></p><p>· Pendidikan minimal S1 Teknik (Teknik Elektro / Teknik Listrik / Teknik Mesin)</p><p>· Memahami dasar sistem kelistrikan / mekanikal / produksi</p><p>· Mampu membaca gambar teknik (wiring diagram / mechanical drawing)</p><p>· Menguasai software pendukung (AutoCAD, PLC, atau sejenis menjadi nilai tambah)</p><p>· Mampu bekerja dalam tim maupun individu</p><p>· Memiliki kemampuan analisa yang baik dan problem solving</p><p>· Bersedia ditempatkan di area kerja perusahaan</p><p><strong>Tanggung Jawab:</strong></p><p>· Melakukan perencanaan dan pengembangan sistem produksi</p><p>· Monitoring dan evaluasi kinerja sistem operasional</p><p>· Membuat laporan teknis dan analisa data</p><p>· Berkoordinasi dengan tim engineering dan operasional</p><p>· Melakukan improvement untuk efisiensi dan efektivitas kerja</p><p><strong>Benefit:</strong></p><p>· Gaji kompetitif</p><p>· BPJS Kesehatan &amp; Ketenagakerjaan</p><p>· Kesempatan pengembangan karir</p>","https://id.jobstreet.com/job/91906892"
"91909422","Sound Engineering","Old Man's","Badung, Bali",,"Full time","Engineering","Systems Engineering","2026-05-19T08:56:08.000Z","A Sound Engineer manages the technical and creative aspects of sound production, recording, mixing, and mastering audio for music, film, live events, or broadcast . They set up microphones, operate mixing consoles, adjust audio levels, and apply effects to achieve high-quality, balanced audio while troubleshooting equipment in real-time. Core Responsibilities Audio Setup & Maintenance: Setting up, testing, and maintaining microphones, speakers, cables, and mixing desks for studio recording or live performances. Recording & Mixing: Recording instruments and vocals onto separate tracks, adjusting volume levels, and balancing sound elements for a clean, cohesive mix. Post-Production: Editing and mastering audio tracks using software (DAWs) to refine sound quality for final distribution. Live Sound Operation: Conducting soundchecks and managing front-of-house or monitor mixing to ensure high-quality sound for live audiences and performers. Collaboration: Working with directors, producers, and artists to understand their creative vision and delivering technical input to improve sound quality. Troubleshooting: Identifying and fixing technical audio issues on-site or in the studio.","<p>A Sound Engineer <strong>manages the technical and creative aspects of sound production, recording, mixing, and mastering audio for music, film, live events, or broadcast</strong>. They set up microphones, operate mixing consoles, adjust audio levels, and apply effects to achieve high-quality, balanced audio while troubleshooting equipment in real-time.</p><p><strong>Core Responsibilities</strong></p><ul><li><p><strong>Audio Setup &amp; Maintenance:</strong> Setting up, testing, and maintaining microphones, speakers, cables, and mixing desks for studio recording or live performances.</p></li><li><p><strong>Recording &amp; Mixing:</strong> Recording instruments and vocals onto separate tracks, adjusting volume levels, and balancing sound elements for a clean, cohesive mix.</p></li><li><p><strong>Post-Production:</strong> Editing and mastering audio tracks using software (DAWs) to refine sound quality for final distribution.</p></li><li><p><strong>Live Sound Operation:</strong> Conducting soundchecks and managing front-of-house or monitor mixing to ensure high-quality sound for live audiences and performers.</p></li><li><p><strong>Collaboration:</strong> Working with directors, producers, and artists to understand their creative vision and delivering technical input to improve sound quality.</p></li><li><p><strong>Troubleshooting:</strong> Identifying and fixing technical audio issues on-site or in the studio.</p></li></ul><p><br></p>","https://id.jobstreet.com/job/91909422"
"92399886","Outfitting Engineer - Shipyard","Private Advertiser","Lampung",,"Full time","Engineering","Engineering Drafting","2026-05-29T01:47:26.000Z","Requirements: • Bachelor’s degree in Naval Architecture, or a related field. • Proven experience in outfitting engineering, with a focus on shipbuilding or marine applications. • Strong knowledge of marine systems, materials, and industry standards. • Proficiency in relevant engineering software and tools. • Excellent communication and interpersonal skills. • Ability to work in a dynamic and collaborative team environment. • Attention to detail and problem-solving skills. Responsibilities : • Pipe System Design: • Collaborate with the engineering team to design and develop outfitting systems for various marine applications. • Ensure compliance with industry standards, regulations, and classification society requirements. • Create detailed drawings, specifications, and documentation. • Installation and Fabrication: • Oversee the installation and fabrication of piping systems on ships and vessels. • Work closely with the production team to ensure accurate and efficient installation processes. • Conduct inspections to ensure the quality and integrity of pipe installations. • Evaluate and select appropriate materials for marine systems, considering factors such as durability, corrosion resistance, and cost-effectiveness. • Coordinate with the procurement team to ensure timely and accurate sourcing of materials. • Quality Control: • Implement quality control measures to ensure that all pipe systems meet specified standards. • Conduct inspections and tests to identify and resolve any issues related to piping systems. • Collaboration and Communication: • Work closely with other engineering disciplines, project managers, and relevant stakeholders to ensure seamless project execution. • Provide technical guidance and support to the shipyard team. • Safety and Compliance: • Prioritize and enforce safety protocols throughout all pipe engineering activities. • Stay updated on industry regulations and standards to ensure compliance in all aspects of pipe engineering.","<p>Requirements:&nbsp;</p><p>• Bachelor’s degree in Naval Architecture, or a related field.&nbsp;</p><p>• Proven experience in outfitting engineering, with a focus on shipbuilding or marine applications.&nbsp;</p><p>• Strong knowledge of marine systems, materials, and industry standards.&nbsp;</p><p>• Proficiency in relevant engineering software and tools.&nbsp;</p><p>• Excellent communication and interpersonal skills.&nbsp;</p><p>• Ability to work in a dynamic and collaborative team environment.&nbsp;</p><p>• Attention to detail and problem-solving skills.</p><p><br></p><p>Responsibilities :</p><p>• Pipe System Design:&nbsp;</p><p>• Collaborate with the engineering team to design and develop outfitting systems for various marine applications.&nbsp;</p><p>• Ensure compliance with industry standards, regulations, and classification society requirements.&nbsp;</p><p>• Create detailed drawings, specifications, and documentation.</p><p>• Installation and Fabrication:&nbsp;</p><p>• Oversee the installation and fabrication of piping systems on ships and vessels.&nbsp;</p><p>• Work closely with the production team to ensure accurate and efficient installation processes.&nbsp;</p><p>• Conduct inspections to ensure the quality and integrity of pipe installations.&nbsp;</p><p>• Evaluate and select appropriate materials for marine systems, considering factors such as durability, corrosion resistance, and cost-effectiveness.&nbsp;</p><p>• Coordinate with the procurement team to ensure timely and accurate sourcing of materials.&nbsp;</p><p>• Quality Control:&nbsp;</p><p>• Implement quality control measures to ensure that all pipe systems meet specified standards.</p><p>• Conduct inspections and tests to identify and resolve any issues related to piping systems.&nbsp;</p><p>• Collaboration and Communication:&nbsp;</p><p>• Work closely with other engineering disciplines, project managers, and relevant stakeholders to ensure seamless project execution.&nbsp;</p><p>• Provide technical guidance and support to the shipyard team.&nbsp;</p><p>• Safety and Compliance:&nbsp;</p><p>• Prioritize and enforce safety protocols throughout all pipe engineering activities.&nbsp;</p><p>• Stay updated on industry regulations and standards to ensure compliance in all aspects of pipe engineering.</p>","https://id.jobstreet.com/job/92399886"
"91153695","Application Engineer, BMS","Johnson Controls","Jakarta",,"Full time","Engineering","Civil/Structural Engineering","2026-05-24T03:01:12.000Z","Who we are: Johnson Controls Indonesia has been recognized as a Great Place To Work®! This achievement reflects our commitment to fostering a positive, inclusive, and dynamic work environment where every team member can thrive. Find out more here: https://greatplacetowork.co.id/companies/pt-johnson-controls-indonesia/ What you will do: This position will provide engineering and installation solutions for the BMS Systems team. You will ensure the production, testing and documentation control for Building Management and Control Systems (BMCS) are compliant with Customer specifications and QA standards. This position will also be responsible for delivery and management of engineering tasks for large construction, smaller fit-out and expansion projects. How you will do it: Lead the production of project design documents such as points lists, system schedules, equipment schedules and drawings. Design and implement control programming for new and existing installations, for Johnson Controls and 3rd party products. Ensure software testing and results meet customer specification and is compliant with Quality Assurance requirements. Design and Implement Graphical user interfaces for new and existing installations, to Johnson Controls and/ or specific customer standards. Work closely with the project manager with a focus on the deliverable scope & the improvement of project financials. Continuous proactive customer interaction including an in-depth understanding of customer(s) needs / wants, scope and systems currently in place. Assists in the bid phase by working with Sales by providing technical recommendations and reviews. Conduct thorough commissioning activities for BMS to ensure proper installation, functionality, and performance of the systems. Collaborate with cross-functional teams, including Sales, Project Management, and Customer Support, to ensure seamless project execution and customer satisfaction. Proactively identify potential risks and challenges in projects and develop mitigation strategies to address them effectively. Assist in the development and implementation of standard operating procedures, best practices, and guidelines for BMS system engineering and installation processes. Act as a technical liaison between customers, suppliers, and internal stakeholders to resolve technical issues and ensure effective communication throughout project lifecycles. What we look for: Minimum Diploma degree in engineering or technical related field. High-level knowledge of Building Management System/Controls products and services Focused, collaborative and passionate about the execution of projects, and thrives in complex environments. Five to seven years' experience in Building Management Systems and digital offerings Excellent written & verbal communications skills. Advanced computer / MS Windows skills, to include software applications such as MS Projects, PowerPoint, Excel, Access, etc. Strong problem-solving skills and adaptability to changing project requirements. Customer-centric attitude and commitment to delivering exceptional results. Team player with excellent interpersonal skills. Knowledge of industry standards and regulations (e.g., BACnet, Modbus, OPC). Willingness to travel as required. What we offer: Competitive salary Paid vacation/holidays/sick time Comprehensive benefits package On the job/cross training opportunities Encouraging and collaborative team environment Dedication to safety through our Zero Harm policy #LI-AA3","<p><b>Who we are: </b></p>
<p>Johnson Controls Indonesia has been recognized as a Great Place To Work®! This achievement reflects our commitment to fostering a positive, inclusive, and dynamic work environment where every team member can thrive. Find out more here:&nbsp; </p>
<p>https://greatplacetowork.co.id/companies/pt-johnson-controls-indonesia/</p>
<p><b>What you will do:</b></p>
<p>This position will provide engineering and installation solutions for the BMS Systems team. You will ensure the production, testing and documentation control for Building Management and Control Systems (BMCS) are compliant with Customer specifications and QA standards. This position will also be responsible for delivery and management of engineering tasks for large construction, smaller fit-out and expansion projects.</p>
<p><b>How you will do it:</b></p>
<ul>
<li>Lead the production of project design documents such as points lists, system schedules, equipment schedules and drawings.</li>
<li>Design and implement control programming for new and existing installations, for Johnson Controls and 3rd party products.</li>
<li>Ensure software testing and results meet customer specification and is compliant with Quality Assurance requirements.</li>
<li>Design and Implement Graphical user interfaces for new and existing installations, to Johnson Controls and/ or specific customer standards.</li>
<li>Work closely with the project manager with a focus on the deliverable scope &amp; the improvement of project financials.</li>
<li>Continuous proactive customer interaction including an in-depth understanding of customer(s) needs / wants, scope and systems currently in place.&nbsp;</li>
<li>Assists in the bid phase by working with Sales by providing technical recommendations and reviews.</li>
<li>Conduct thorough commissioning activities for BMS to ensure proper installation, functionality, and performance of the systems.</li>
<li>Collaborate with cross-functional teams, including Sales, Project Management, and Customer Support, to ensure seamless project execution and customer satisfaction.</li>
<li>Proactively identify potential risks and challenges in projects and develop mitigation strategies to address them effectively.</li>
<li>Assist in the development and implementation of standard operating procedures, best practices, and guidelines for BMS system engineering and installation processes.</li>
<li>Act as a technical liaison between customers, suppliers, and internal stakeholders to resolve technical issues and ensure effective communication throughout project lifecycles.</li>
</ul>
<p><b>What we look for:</b></p>
<ul>
<li>Minimum Diploma degree in engineering or technical related field.</li>
<li>High-level knowledge of Building Management System/Controls products and services</li>
<li>Focused, collaborative and passionate about the execution of projects, and thrives in complex environments.</li>
<li>Five to seven years' experience in Building Management Systems and digital offerings</li>
<li>Excellent written &amp; verbal communications skills.</li>
<li>Advanced computer / MS Windows skills, to include software applications such as MS Projects, PowerPoint, Excel, Access, etc.</li>
<li>Strong problem-solving skills and adaptability to changing project requirements.</li>
<li>Customer-centric attitude and commitment to delivering exceptional results.</li>
<li>Team player with excellent interpersonal skills.</li>
<li>Knowledge of industry standards and regulations (e.g., BACnet, Modbus, OPC).</li>
<li>Willingness to travel as required.</li>
</ul>
<p><b>What we offer:</b></p>
<ul>
<li>Competitive salary</li>
<li>Paid&nbsp;vacation/holidays/sick&nbsp;time</li>
<li>Comprehensive benefits package</li>
<li>On the job/cross training opportunities</li>
<li>Encouraging and collaborative team environment</li>
<li>Dedication to safety through our Zero Harm policy</li>
</ul>
<p>#LI-AA3</p>","https://id.jobstreet.com/job/91153695"
"92393002","Senior Software Engineer, Backend - Fulfillment","Transportation Solutions Indonesia","Kebayoran Lama, Jakarta",,"Full time","Information & Communication Technology","Engineering - Software","2026-05-28T14:25:38.000Z","Company Description About Grab and Our Workplace Grab is Southeast Asia's leading superapp. From getting your favourite meals delivered to helping you manage your finances and getting around town hassle-free, we've got your back with everything. In Grab, purpose gives us joy and habits build excellence, while harnessing the power of Technology and AI to deliver the mission of driving Southeast Asia forward by economically empowering everyone, with heart, hunger, honour, and humility. Job Description Get to Know the Team As one of the core pillars enabling Grab to out-serve customers and partners across Southeast Asia, the Fulfillment tech family builds high-throughput, real-time distributed systems powered by sophisticated machine learning to process hundreds of millions of requests daily. Our mission is to deliver best-in-class products and experiences that drive driver-partner adoption and engagement, optimizing their efficiency and earning opportunities so customer orders are fulfilled without fail, rain or shine. By seamlessly balancing these dynamics, we strive to create efficient marketplaces that determine optimal, sustainable pricing loved by both our partners and customers. Get to Know the Role We're looking for a Senior Software Engineer, Backend to join our growing engineering team. In this role, you'll design, develop, and maintain robust backend services that power our platform and impact millions of users. You'll work collaboratively with cross-functional teams to build scalable, efficient systems while continuously innovating and improving our technical infrastructure. This is an excellent opportunity to grow your career, mentor teammates, and make a meaningful contribution to our mission. This is an onsite role based in Jakarta. The Critical Tasks You Will Perform Design and write with the cutting edge GO language to improve the availability, scalability, latency, and efficiency of Grab's range of services. You will contribute to service capacity and demand planning, software performance analysis, tuning and optimization Participate in code and design reviews to maintain our high development standard You will explore and create new designs/architectures geared towards scale and performance. Work with the infrastructure team in building and scaling back-end services and performing root cause analysis investigations. Qualifications What Essential Skills You Will Need Bachelor's degree in Computer Science, Engineering, or a related field. Background in backend development with a clear architecture mindset. Have at least 5 years of experience in backend development with programming skills in Golang Experience with programming principles, financial transaction consistency, and Git version control. Software Development Life Cycle (SDLC): Experience with SDLC and Agile methodologies to manage tasks. Experience designing scalable and maintainable architectures. Experience with a relational database such as MySQL, PostgreSQL, or Oracle Understanding of security best practices and secure coding principles Experience using coding agent and ai speed up your daily working including but not limit coding, review, design eta. Additional Information Life at Grab We care about your well-being at Grab, here are some of the global benefits we offer: We have your back with Term Life Insurance and comprehensive Medical Insurance. With GrabFlex, create a benefits package that suits your needs and aspirations. Celebrate moments that matter in life with loved ones through Parental and Birthday leave , and give back to your communities through Love-all-Serve-all (LASA) volunteering leave We have a confidential Grabber Assistance Programme to guide and uplift you and your loved ones through life's challenges. Balancing personal commitments and life's demands are made easier with our FlexWork arrangements such as differentiated hours What We Stand For At Grab We are committed to building an inclusive and equitable workplace that provides equal opportunity for Grabbers to grow and perform at their best. We consider all candidates fairly and equally regardless of nationality, ethnicity, race, religion, age, gender, family commitments, physical and mental impairments or disabilities, and other attributes that make them unique.","<div><p>
<strong>Company Description</strong><br>
</p></div>
<div><div>
<p><strong>About Grab and Our Workplace</strong></p>
<p>Grab is Southeast Asia's leading superapp. From getting your favourite meals delivered to helping you manage your finances and getting around town hassle-free, we've got your back with everything. In Grab, purpose gives us joy and habits build excellence, while harnessing the power of Technology and AI to deliver the mission of driving Southeast Asia forward by economically empowering everyone, with heart, hunger, honour, and humility.</p>
</div></div>
<div><p>
<strong>Job Description</strong><br>
</p></div>
<div><div>
<p><strong>Get to Know the Team</strong></p>
<p>As one of the core pillars enabling Grab to out-serve customers and partners across Southeast Asia, the Fulfillment tech family builds high-throughput, real-time distributed systems powered by sophisticated machine learning to process hundreds of millions of requests daily. Our mission is to deliver best-in-class products and experiences that drive driver-partner adoption and engagement, optimizing their efficiency and earning opportunities so customer orders are fulfilled without fail, rain or shine. By seamlessly balancing these dynamics, we strive to create efficient marketplaces that determine optimal, sustainable pricing loved by both our partners and customers.</p>
<p><strong>Get to Know the Role</strong></p>
<p>We're looking for a Senior Software Engineer, Backend to join our growing engineering team. In this role, you'll design, develop, and maintain robust backend services that power our platform and impact millions of users. You'll work collaboratively with cross-functional teams to build scalable, efficient systems while continuously innovating and improving our technical infrastructure. This is an excellent opportunity to grow your career, mentor teammates, and make a meaningful contribution to our mission. This is an onsite role based in Jakarta.</p>
<p><strong>The Critical Tasks You Will Perform</strong></p>
<ul>
<li>Design and write with the cutting edge GO language to improve the availability, scalability, latency, and efficiency of Grab's range of services.</li>
<li>You will contribute to service capacity and demand planning, software performance analysis, tuning and optimization</li>
<li>Participate in code and design reviews to maintain our high development standard</li>
<li>You will explore and create new designs/architectures geared towards scale and performance.</li>
<li>Work with the infrastructure team in building and scaling back-end services and performing root cause analysis investigations.</li>
</ul>
</div></div>
<div><p>
<strong>Qualifications</strong><br>
</p></div>
<div><div>
<p><strong>What Essential Skills You Will Need</strong></p>
<ul>
<li>Bachelor's degree in Computer Science, Engineering, or a related field.</li>
<li>Background in backend development with a clear architecture mindset.</li>
<li>Have at least 5 years of experience in backend development with programming skills in Golang</li>
<li>Experience with programming principles, financial transaction consistency, and Git version control.</li>
<li>Software Development Life Cycle (SDLC): Experience with SDLC and Agile methodologies to manage tasks.</li>
<li>Experience designing scalable and maintainable architectures.</li>
<li>Experience with a relational database such as MySQL, PostgreSQL, or Oracle</li>
<li>Understanding of security best practices and secure coding principles</li>
<li>Experience using coding agent and ai speed up your daily working including but not limit coding, review, design eta.</li>
</ul>
</div></div>
<div><p>
<strong>Additional Information</strong><br>
</p></div>
<div><div>
<p><strong>Life at Grab</strong></p>
<p>We care about your well-being at Grab, here are some of the global benefits we offer:</p>
<ul>
<li>We have your back with <strong>Term Life Insurance </strong>and comprehensive <strong>Medical Insurance.</strong>
</li>
<li>With <strong>GrabFlex, </strong>create a benefits package that suits your needs and aspirations.</li>
<li>Celebrate moments that matter in life with loved ones through <strong>Parental</strong> and <strong>Birthday leave</strong>, and give back to your communities through <strong>Love-all-Serve-all (LASA)</strong> volunteering leave</li>
<li>We have a confidential <strong>Grabber Assistance Programme</strong> to guide and uplift you and your loved ones through life's challenges.</li>
<li>Balancing personal commitments and life's demands are made easier with our FlexWork arrangements such as differentiated hours</li>
</ul>
<p><strong>What We Stand For At Grab</strong></p>
<p>We are committed to building an inclusive and equitable workplace that provides equal opportunity for Grabbers to grow and perform at their best. We consider all candidates fairly and equally regardless of nationality, ethnicity, race, religion, age, gender, family commitments, physical and mental impairments or disabilities, and other attributes that make them unique.</p>
</div></div>","https://id.jobstreet.com/job/92393002"
"91944309","COST ESTIMATOR","Wira Cipta Perkasa","South Jakarta, Jakarta",,"Contract/Temp","Construction","Estimating","2026-05-06T07:21:30.000Z","Job Desk: Estimasi Biaya: Mempersiapkan perkiraan biaya yang terperinci dan akurat dengan menganalisis rencana, spesifikasi, dan dokumen proyek lainnya. Ini mencakup biaya tenaga kerja, material, peralatan, dan overhead. Analisis Data: Mengumpulkan dan menganalisis data pada semua faktor yang dapat mempengaruhi biaya, seperti waktu produksi, biaya tenaga kerja, dan material. Penilaian Risiko: Mengidentifikasi potensi risiko terkait biaya dan jadwal proyek, serta memasukkan faktor-faktor ini ke dalam perkiraan. Interaksi Vendor/Kontraktor: Memperoleh dan mengevaluasi penawaran dari pemasok dan subkontraktor untuk memastikan harga yang kompetitif. Pengembangan Anggaran: Membantu dalam penyusunan anggaran dan perkiraan proyek, memberikan masukan tentang varians biaya dan dampak finansial. Pelaporan: Mempersiapkan dan menyajikan laporan estimasi biaya kepada pemangku kepentingan, termasuk manajemen, tim proyek, dan klien. Dokumentasi: Memelihara catatan akurat dari perkiraan biaya, asumsi, dan dokumentasi pendukung untuk referensi di masa mendatang. Kolaborasi: Bekerja sama dengan manajer proyek, insinyur, arsitek, dan pemangku kepentingan lainnya untuk memastikan bahwa perkiraan sesuai dengan tujuan proyek. Perbaikan Berkelanjutan: Tetap diperbarui dengan tren industri, teknik estimasi biaya, dan alat perangkat lunak untuk meningkatkan akurasi dan efisiensi. Kualifikasi: Pendidikan min. S1 Memiliki pengalaman bekerja min. 10-15 tahun Memiliki pengalaman bekerja sebagai Cost Estimator di lingkup EPCIC & Rental pada industri oil & gas Fasih berbahasa inggris Memiliki pengetahuan mengenai perhitungan Project Menguasai XC Macro, ratio-ratio, NPU, dll Pemahaman Teknikal yang mendalam pada Engineering Estimated Baik dalam menganalisa & Detail Orientasi Terampil dalam menggunakan SAP. Primavera & Software Estimate lainnya Kemampuan Manajemen Proyek Komunikasi yang Baik Sertifikasi pada bidang terkait","<p><strong>Job Desk:</strong></p><ol><li><p>Estimasi Biaya: &nbsp;Mempersiapkan perkiraan biaya yang terperinci dan akurat dengan menganalisis rencana, spesifikasi, dan dokumen proyek lainnya. Ini mencakup biaya tenaga kerja, material, peralatan, dan overhead.</p></li><li><p>Analisis Data: &nbsp;Mengumpulkan dan menganalisis data pada semua faktor yang dapat mempengaruhi biaya, seperti waktu produksi, biaya tenaga kerja, dan material.</p></li><li><p>Penilaian Risiko: &nbsp;Mengidentifikasi potensi risiko terkait biaya dan jadwal proyek, serta memasukkan faktor-faktor ini ke dalam perkiraan.</p></li><li><p>Interaksi Vendor/Kontraktor: &nbsp;Memperoleh dan mengevaluasi penawaran dari pemasok dan subkontraktor untuk memastikan harga yang kompetitif.</p></li><li><p>Pengembangan Anggaran: &nbsp;Membantu dalam penyusunan anggaran dan perkiraan proyek, memberikan masukan tentang varians biaya dan dampak finansial.</p></li><li><p>Pelaporan: &nbsp;Mempersiapkan dan menyajikan laporan estimasi biaya kepada pemangku kepentingan, termasuk manajemen, tim proyek, dan klien.</p></li><li><p>Dokumentasi: &nbsp;Memelihara catatan akurat dari perkiraan biaya, asumsi, dan dokumentasi pendukung untuk referensi di masa mendatang.</p></li><li><p>Kolaborasi: &nbsp;Bekerja sama dengan manajer proyek, insinyur, arsitek, dan pemangku kepentingan lainnya untuk memastikan bahwa perkiraan sesuai dengan tujuan proyek.</p></li><li><p>Perbaikan Berkelanjutan: &nbsp;Tetap diperbarui dengan tren industri, teknik estimasi biaya, dan alat perangkat lunak untuk meningkatkan akurasi dan efisiensi.</p></li></ol><p><br></p><p><strong>Kualifikasi:</strong></p><ul><li><p>Pendidikan min. S1</p></li><li><p>Memiliki pengalaman bekerja min. 10-15 tahun</p></li><li><p>Memiliki pengalaman bekerja sebagai <strong>Cost Estimator </strong>di lingkup EPCIC &amp; Rental pada industri oil &amp; gas</p></li><li><p>Fasih berbahasa inggris</p></li><li><p>Memiliki pengetahuan mengenai perhitungan Project</p></li><li><p>Menguasai XC Macro, ratio-ratio, NPU, dll</p></li><li><p>Pemahaman Teknikal yang mendalam pada Engineering Estimated</p></li><li><p>Baik dalam menganalisa &amp; Detail Orientasi</p></li><li><p>Terampil dalam menggunakan SAP. Primavera &amp; Software Estimate lainnya</p></li><li><p>Kemampuan Manajemen Proyek</p></li><li><p>Komunikasi yang Baik</p></li><li><p>Sertifikasi pada bidang terkait</p></li></ul><p><br></p>","https://id.jobstreet.com/job/91944309"
"92026757","Drafter MEP/Sipil (Mechanical, Electrical, Plumbing)","HnD","Tangerang, Banten",,"Full time","Engineering","Engineering Drafting","2026-05-11T03:48:48.000Z","Deskripsi Pekerjaan: 1.⁠ ⁠Mempersiapkan dan mengembangkan gambar teknis untuk sistem mekanikal dan elektrikal menggunakan AutoCAD atau software terkait lainnya. 2.⁠ ⁠Menyusun gambar desain, shop drawing, dan as-built drawing sesuai dengan kebutuhan proyek. 3.⁠ ⁠Menerjemahkan sketsa engineering, spesifikasi, dan perhitungan menjadi gambar detail. 4.⁠ ⁠Berkoordinasi dengan engineer dan tim proyek untuk memastikan akurasi gambar serta kesesuaian dengan standar proyek. 5.⁠ ⁠Melakukan revisi dan pembaruan gambar berdasarkan feedback, kondisi lapangan, dan perubahan desain. 6.⁠ ⁠Memastikan seluruh gambar sesuai dengan standar, kode, dan spesifikasi proyek yang berlaku. 7.⁠ ⁠Mengelola dan mengarsipkan file gambar serta dokumentasi dengan baik. 8.⁠ ⁠Membantu koordinasi di lapangan apabila diperlukan untuk memastikan implementasi gambar sesuai kondisi aktual. Kualifikasi: 1.⁠ ⁠Pendidikan minimal S1 di bidang Teknik (diutamakan Teknik Mesin/Elektro). 2.⁠ ⁠Minimal pengalaman 1-2 tahun sebagai drafter MEP/Sipil. 3.⁠ ⁠Menguasai AutoCAD (wajib); memahami software drafting atau BIM lainnya menjadi nilai tambah. 4.⁠ ⁠Memiliki pemahaman yang baik mengenai sistem mekanikal dan elektrikal (HVAC, plumbing, elektrikal, dll). 5.⁠ ⁠Mampu membuat dan membaca gambar desain, shop drawing, dan as-built drawing. 6.⁠ ⁠Teliti, akurat, dan mampu bekerja sesuai deadline proyek. 7.⁠ ⁠Memiliki kemampuan komunikasi yang baik serta mampu bekerja secara mandiri maupun dalam tim. 8.⁠ ⁠Bersedia bekerja di lapangan (on-site) apabila diperlukan. Mengapa Bergabung dengan Kami Terlibat dalam proyek hunian mewah dengan standar desain premium Mendapatkan pengalaman di bidang arsitektur, desain interior, dan konstruksi dalam satu perusahaan terintegrasi Bekerja dalam lingkungan kolaboratif bersama arsitek dan desainer berpengalaman Kesempatan untuk berkembang secara profesional melalui proyek desain dan pembangunan kelas atas Gaji kompetitif yang disesuaikan dengan pengalaman dan kinerja","<p>Deskripsi Pekerjaan:</p><p>1.⁠ ⁠Mempersiapkan dan mengembangkan gambar teknis untuk sistem mekanikal dan elektrikal menggunakan AutoCAD atau software terkait lainnya.</p><p>2.⁠ ⁠Menyusun gambar desain, shop drawing, dan as-built drawing sesuai dengan kebutuhan proyek.</p><p>3.⁠ ⁠Menerjemahkan sketsa engineering, spesifikasi, dan perhitungan menjadi gambar detail.</p><p>4.⁠ ⁠Berkoordinasi dengan engineer dan tim proyek untuk memastikan akurasi gambar serta kesesuaian dengan standar proyek.</p><p>5.⁠ ⁠Melakukan revisi dan pembaruan gambar berdasarkan feedback, kondisi lapangan, dan perubahan desain.</p><p>6.⁠ ⁠Memastikan seluruh gambar sesuai dengan standar, kode, dan spesifikasi proyek yang berlaku.</p><p>7.⁠ ⁠Mengelola dan mengarsipkan file gambar serta dokumentasi dengan baik.</p><p>8.⁠ ⁠Membantu koordinasi di lapangan apabila diperlukan untuk memastikan implementasi gambar sesuai kondisi aktual.</p><p><br></p><p>Kualifikasi:</p><p>1.⁠ ⁠Pendidikan minimal S1 di bidang Teknik (diutamakan Teknik Mesin/Elektro).</p><p>2.⁠ ⁠Minimal pengalaman 1-2 tahun sebagai drafter MEP/Sipil.&nbsp;</p><p>3.⁠ ⁠Menguasai AutoCAD (wajib); memahami software drafting atau BIM lainnya menjadi nilai tambah.</p><p>4.⁠ ⁠Memiliki pemahaman yang baik mengenai sistem mekanikal dan elektrikal (HVAC, plumbing, elektrikal, dll).</p><p>5.⁠ ⁠Mampu membuat dan membaca gambar desain, shop drawing, dan as-built drawing.</p><p>6.⁠ ⁠Teliti, akurat, dan mampu bekerja sesuai deadline proyek.</p><p>7.⁠ ⁠Memiliki kemampuan komunikasi yang baik serta mampu bekerja secara mandiri maupun dalam tim.</p><p>8.⁠ ⁠Bersedia bekerja di lapangan (on-site) apabila diperlukan.</p><p><br></p><h2>Mengapa Bergabung dengan Kami</h2><ol><li><p>Terlibat dalam proyek hunian mewah dengan standar desain premium</p></li><li><p>Mendapatkan pengalaman di bidang arsitektur, desain interior, dan konstruksi dalam satu perusahaan terintegrasi</p></li><li><p>Bekerja dalam lingkungan kolaboratif bersama arsitek dan desainer berpengalaman</p></li><li><p>Kesempatan untuk berkembang secara profesional melalui proyek desain dan pembangunan kelas atas</p></li><li><p>Gaji kompetitif yang disesuaikan dengan pengalaman dan kinerja</p></li></ol><p><br></p>","https://id.jobstreet.com/job/92026757"
"92225800","Drill & Blast Engineer","Masmindo Dwi Area","Luwu, South Sulawesi",,"Full time","Mining, Resources & Energy","Mining - Drill & Blast","2026-05-20T05:46:11.000Z","This role is responsible for planning, supervising, and executing drilling and blasting activities from preparation through field implementation to ensure safe, efficient, and compliant blasting operations that support production targets, mine plans, and HSE standards within approved budgets. Some of your duties will include: Develop and manage daily drilling and blasting designs, sequences, and schedules in line with mine production targets and operational requirements. Supervise drilling and blasting execution in the field to ensure activities are conducted safely, efficiently, and in accordance with approved designs, procedures, and HSE regulations. Monitor blasting permitting compliance and ensure all operational blasting licenses and permits remain valid and usable for operational activities. Prepare and manage daily blasting reports, including blasting achievements, production updates, and operational performance reporting for internal stakeholders. Manage blasting inventory reporting and monitor the usage of blasting consumables to ensure alignment with production plans and operational requirements. Coordinate and liaise with mine planning, mine operations, geology, geotechnical, survey, processing, HSE, maintenance, blasting services, and mining contractors to support smooth operational activities. Establish and implement drilling and blasting operational workflows, procedures, and consumables management systems to improve operational effectiveness and compliance. Conduct training and provide guidance for blasting foremen and relevant personnel regarding blasting database management systems and operational data validation. Ensure all drilling and blasting activities comply with company safety standards, environmental regulations, and operational procedures to minimize incidents and operational risks. What skills and experience do you need? Minimum Bachelor’s Degree in Mining Engineering or Geological Engineering. Minimum 3 years of experience in drill and blast operations within the mining industry. Experienced in operating blasting and mining software such as ShotPlus, Split Desktop, Surpac, and other related applications. Strong understanding of mining processes, safe blasting practices, and HSE procedures. Experienced in coordinating with cross-functional departments including mine planning, operations, geology, geotechnical, survey, processing, maintenance, and HSE teams. Previous experience working with mining contractors and/or blasting service companies. Holds valid POP and KJL certifications. Computer literate with good analytical, communication, and problem-solving skills. Able to work independently as well as collaboratively within a team environment. PT Masmindo Dwi Area does not charge any fees at any stage of the recruitment process and does not require the use of specific travel agents for transportation or accommodation. Any claims or requests to the contrary should be considered fraudulent.","<p>This role is responsible for planning, supervising, and executing drilling and blasting activities from preparation through field implementation to ensure safe, efficient, and compliant blasting operations that support production targets, mine plans, and HSE standards within approved budgets.</p><p><strong>Some of your duties will include:</strong></p><ul><li><p>Develop and manage daily drilling and blasting designs, sequences, and schedules in line with mine production targets and operational requirements.</p></li><li><p>Supervise drilling and blasting execution in the field to ensure activities are conducted safely, efficiently, and in accordance with approved designs, procedures, and HSE regulations.</p></li><li><p>Monitor blasting permitting compliance and ensure all operational blasting licenses and permits remain valid and usable for operational activities.</p></li><li><p>Prepare and manage daily blasting reports, including blasting achievements, production updates, and operational performance reporting for internal stakeholders.</p></li><li><p>Manage blasting inventory reporting and monitor the usage of blasting consumables to ensure alignment with production plans and operational requirements.</p></li><li><p>Coordinate and liaise with mine planning, mine operations, geology, geotechnical, survey, processing, HSE, maintenance, blasting services, and mining contractors to support smooth operational activities.</p></li><li><p>Establish and implement drilling and blasting operational workflows, procedures, and consumables management systems to improve operational effectiveness and compliance.</p></li><li><p>Conduct training and provide guidance for blasting foremen and relevant personnel regarding blasting database management systems and operational data validation.</p></li><li><p>Ensure all drilling and blasting activities comply with company safety standards, environmental regulations, and operational procedures to minimize incidents and operational risks.</p></li></ul><p><strong>What skills and experience do you need?</strong></p><ul><li><p>Minimum Bachelor’s Degree in Mining Engineering or Geological Engineering.</p></li><li><p>Minimum 3 years of experience in drill and blast operations within the mining industry.</p></li><li><p>Experienced in operating blasting and mining software such as ShotPlus, Split Desktop, Surpac, and other related applications.</p></li><li><p>Strong understanding of mining processes, safe blasting practices, and HSE procedures.</p></li><li><p>Experienced in coordinating with cross-functional departments including mine planning, operations, geology, geotechnical, survey, processing, maintenance, and HSE teams.</p></li><li><p>Previous experience working with mining contractors and/or blasting service companies.</p></li><li><p>Holds valid POP and KJL certifications.</p></li><li><p>Computer literate with good analytical, communication, and problem-solving skills.</p></li><li><p>Able to work independently as well as collaboratively within a team environment.</p></li></ul><p><em>PT Masmindo Dwi Area does not charge any fees at any stage of the recruitment process and does not require the use of specific travel agents for transportation or accommodation. Any claims or requests to the contrary should be considered fraudulent.</em></p>","https://id.jobstreet.com/job/92225800"
"92001250","QUALITY ENGINEERING ANALYST","Nexgen Packaging","Tangerang, Banten",,"Full time","Manufacturing, Transport & Logistics","Quality Assurance & Control","2026-05-08T08:35:22.000Z","Quality Engineering Analyst 1. Determines quality improvement parameters by identifying statistical methods relevant to manufacturing processes. 2. Ensures products adhere to company and industry quality standards. 3. Part inspection, including: layout, in process, final, and receiving using all types of mechanical inspection 4. Work with other sections to investigate issues and improve quality 5. Coordinate and control product trials, including preparing requirements, conducting meetings, and reporting results. 6. Prepare inspection reports and nonconformity analyses. 7. Read and understand technical drawings as a reference for inspection. 8. Coordinate with the Production team to ensure that product quality standards are met. Qualifications 1. Minimum D3/S1 Engineering 2 At least 1 year of experience as a QC/QE Analyst and Packing department at a printing or garment company 3 Proficient in MS Office software including Word, Excel, Outlook, and PowerPoint 4. Strong attention to details 5. Good knowledge of manufacturing processes 6 Good communication & proactive skills 7. Good presentation person 8 Excellent organization skills with the ability to perform multiple tasks and obtain results working within strict time frames 9. The ability to analyze data, make projections, handle complaints, and develop strategic plans 10. Demonstrates a strong sense of time management and work ethic","<p><strong>Quality Engineering Analyst</strong></p><p>1.&nbsp;&nbsp;&nbsp;&nbsp; Determines quality improvement parameters by identifying statistical methods relevant to manufacturing processes.</p><p>2.&nbsp;&nbsp;&nbsp;&nbsp; Ensures products adhere to company and industry quality standards.</p><p>3.&nbsp;&nbsp;&nbsp;&nbsp; Part inspection, including: layout, in process, final, and receiving using all types of mechanical inspection</p><p>4.&nbsp;&nbsp;&nbsp;&nbsp; Work with other sections to investigate issues and improve quality</p><p>5.&nbsp;&nbsp;&nbsp;&nbsp; Coordinate and control product trials, including preparing requirements, conducting meetings, and reporting results.</p><p>6.&nbsp;&nbsp;&nbsp;&nbsp; Prepare inspection reports and nonconformity analyses.</p><p>7.&nbsp;&nbsp;&nbsp;&nbsp; &nbsp;Read and understand technical drawings as a reference for inspection.</p><p>8.&nbsp;&nbsp;&nbsp;&nbsp; &nbsp;Coordinate with the Production team to ensure that product quality standards are met.</p><p><br></p><p><strong>Qualifications</strong></p><p>1.&nbsp;&nbsp;&nbsp;&nbsp; Minimum D3/S1 Engineering</p><p>2&nbsp;&nbsp;&nbsp;&nbsp; At least 1 year of experience as a QC/QE Analyst and &nbsp;Packing department at a printing or garment company</p><p>3&nbsp;&nbsp;&nbsp;&nbsp; Proficient in MS Office software including Word, Excel, Outlook, and PowerPoint</p><p>4.&nbsp;&nbsp;&nbsp;&nbsp; Strong attention to details</p><p>5.&nbsp;&nbsp;&nbsp;&nbsp; Good knowledge of manufacturing processes</p><p>6&nbsp;&nbsp;&nbsp;&nbsp; Good communication &amp; proactive skills</p><p>7.&nbsp;&nbsp;&nbsp;&nbsp; Good presentation person</p><p>8&nbsp;&nbsp;&nbsp;&nbsp; Excellent organization skills with the ability to perform multiple tasks and obtain results working within strict time frames</p><p>9. The ability to analyze data, make projections, handle complaints, and develop strategic plans</p><p>10. Demonstrates a strong sense of time management and work ethic</p><p><br></p>","https://id.jobstreet.com/job/92001250"
"92002596","Electrical Drafter (PLTS Handled)","Etrama Energy Company","South Jakarta, Jakarta",,"Full time","Engineering","Engineering Drafting","2026-05-08T09:23:19.000Z","Qualification : Min. 1 years Experience as a Drafter Bachelor’s degree in Electrical Engineering or equivalent education Excellent Conceptual and Analytical thinking, Teamwork and Cooperation Can Operate Ms. Office, AUTOCAD, HelioScope, PV Sys , SketcUp and Adobe Photoshop/Illustration Maintain accurate records of drawings and revisions. Good Communication, Interpersonal and Influence skill, adaptive and able to work under tight schedule Ready to handle multiple projects simultaneously Responsibilities : Create detailed electrical and MEP shop drawings for solar PV systems, including cable routing, panel layouts, grounding systems, and conduit plans Develop design calculations and layout plans for electrical installations Use AutoCAD, SketchUp, or similar design software to produce accurate 2D & 3D drawings in accordance with project specifications and industry standards Communicate design intent clearly to site teams and support field implementation Revise drawings based on site conditions and feedback Ensure all designs comply with project standards and technical specifications Coordinate and report progress to Lead Project","<h2>Qualification :</h2><ol><li><p><strong>Min. 1 years Experience as a Drafter</strong></p></li><li><p>Bachelor’s degree in Electrical Engineering or equivalent education</p></li><li><p>Excellent Conceptual and Analytical thinking, Teamwork and Cooperation</p></li><li><p>Can Operate <strong>Ms. Office, AUTOCAD, HelioScope, PV Sys , SketcUp and Adobe Photoshop/Illustration</strong></p></li><li><p>Maintain accurate records of drawings and revisions.</p></li><li><p>Good Communication, Interpersonal and Influence skill, adaptive and able to work under tight schedule</p></li><li><p>Ready to handle multiple projects simultaneously</p></li></ol><p><br></p><h2>Responsibilities :</h2><ol><li><p>Create detailed electrical and MEP shop drawings for solar PV systems, including cable routing, panel layouts, grounding systems, and conduit plans</p></li><li><p>Develop design calculations and layout plans for electrical installations</p></li><li><p>Use AutoCAD, SketchUp, or similar design software to produce accurate 2D &amp; 3D drawings in accordance with project specifications and industry standards</p></li><li><p>Communicate design intent clearly to site teams and support field implementation</p></li><li><p>Revise drawings based on site conditions and feedback</p></li><li><p>Ensure all designs comply with project standards and technical specifications</p></li><li><p>Coordinate and report progress to Lead Project</p></li></ol><p><br></p>","https://id.jobstreet.com/job/92002596"
"92163939","Technical Engineering","PT. DONGLING ENERGY SAVING AUTOMATION","Panongan, Banten",,"Full time","Engineering","Electrical/Electronic Engineering","2026-05-18T03:12:32.000Z","Tentang kami Dolin Industrial Co,. Ltd Didirikan pada tahun 1988, berkantor pusat di Taiwan dan sedang memperluas bisnis di Indonesia dengan nama PT. Dongling Energy Saving Automation. Pengalaman lebih dari 30 tahun dalam pembuatan motor reduksi, motor listrik, peredam roda gigi, inverter, serta mesin dan peralatan otomatis untuk industri pengemasan. Sebagai produsen terkemuka di Taiwan. DOLIN bangga menjadi produsen pionir di bidang manufaktur motor dan peredam roda gigi serta memiliki tim insinyur R&D berpengalaman yang motonya adalah: Kualitas, Pelayanan, Inovasi. Posisi : Technical Engineer Kualifikasi: Pendidikan Minimal SMA/SMK atau sederajat, diutamakan lulusan jurusan Teknik Elektro, Elektronika, Otomasi Kontrol, atau Mekatronika. Memiliki kemampuan melakukan pengkabelan pada panel kontrol listrik secara akurat. Mahir dalam penulisan program PLC (Programmable Logic Controller). Berpengalaman dalam pengembangan program HMI (Human Machine Interface). Memiliki pengalaman/pengetahuan dalam MCU (Microcontroller Unit) Technical Software. Mampu mengoperasikan osiloskop untuk keperluan pengecekan dan perbaikan inverter. Memiliki pengalaman bekerja sebagai Technical Engineer Minimal 2 Tahun. Pelamar yang memiliki kemampuan desain firmware akan diutamakan. Kompensasi dan Benefit: Gaji kompetitif dan dapat dinegosiasikan sesuai dengan kualifikasi dan pengalaman. BPJS Ketenagakerjaan dan Kesehatan Cuti dan hari libur sesuai peraturan pemerintah Uang makan harian sebesar Rp25.000 Tanggung Jawab Pekerjaan: Melaksanakan proses pengkabelan pada panel kontrol listrik sesuai standar perusahaan. Merancang, menulis, dan mengimplementasikan program PLC dan HMI untuk mendukung operasional mesin industri. Melakukan pengecekan dan perbaikan inverter menggunakan osiloskop. Bekerja sama dengan tim sales untuk mendampingi proses pengujian mesin di lokasi pelanggan serta memberikan solusi teknis terkait. Informasi Wawancara: Pelamar wajib datang langsung ke perusahaan untuk wawancara. Wawancara online tidak diterima Lokasi Perusahaan di Citra Raya, Tangerang","<p><strong>Tentang kami</strong></p><p>Dolin Industrial Co,. Ltd Didirikan pada tahun 1988, berkantor pusat di Taiwan dan sedang memperluas bisnis di Indonesia dengan nama PT. Dongling Energy Saving Automation. Pengalaman lebih dari 30 tahun dalam pembuatan motor reduksi, motor listrik, peredam roda gigi, inverter, serta mesin dan peralatan otomatis untuk industri pengemasan. Sebagai produsen terkemuka di Taiwan. DOLIN bangga menjadi produsen pionir di bidang manufaktur motor dan peredam roda gigi serta memiliki tim insinyur R&amp;D berpengalaman yang motonya adalah: Kualitas, Pelayanan, Inovasi.</p><h2><strong>Posisi : Technical Engineer</strong><br></h2><h2><strong>Kualifikasi:</strong></h2><ul><li><p>Pendidikan Minimal SMA/SMK atau sederajat, diutamakan lulusan jurusan <strong>Teknik Elektro, Elektronika, Otomasi Kontrol, atau Mekatronika.</strong></p></li><li><p>Memiliki kemampuan melakukan <strong>pengkabelan pada panel kontrol listrik secara akurat.</strong></p></li><li><p>Mahir dalam penulisan <strong>program PLC (Programmable Logic Controller).</strong></p></li><li><p>Berpengalaman dalam pengembangan <strong>program HMI (Human Machine Interface).</strong></p></li><li><p>Memiliki pengalaman/pengetahuan dalam <strong>MCU (Microcontroller Unit) Technical Software.</strong></p></li><li><p>Mampu mengoperasikan <strong>osiloskop untuk keperluan pengecekan dan perbaikan inverter.</strong></p></li><li><p>Memiliki pengalaman bekerja sebagai <strong>Technical Engineer </strong>Minimal <strong>2 Tahun.</strong></p></li><li><p>Pelamar yang memiliki<strong> kemampuan desain firmware akan diutamakan.</strong></p></li></ul><h2><strong>Kompensasi dan Benefit:</strong></h2><ul><li><p>Gaji kompetitif dan dapat dinegosiasikan sesuai dengan kualifikasi dan pengalaman.</p></li><li><p>BPJS Ketenagakerjaan dan Kesehatan</p></li><li><p>Cuti dan hari libur sesuai peraturan pemerintah</p></li><li><p>Uang makan harian sebesar Rp25.000</p></li></ul><h2><strong>Tanggung Jawab Pekerjaan:</strong></h2><ul><li><p>Melaksanakan proses pengkabelan pada panel kontrol listrik sesuai standar perusahaan.</p></li><li><p>Merancang, menulis, dan mengimplementasikan program PLC dan HMI untuk mendukung operasional mesin industri.</p></li><li><p>Melakukan pengecekan dan perbaikan inverter menggunakan osiloskop.</p></li><li><p>Bekerja sama dengan tim sales untuk mendampingi proses pengujian mesin di lokasi pelanggan serta memberikan solusi teknis terkait.</p></li></ul><h2><strong>Informasi Wawancara:</strong></h2><ul><li><p>Pelamar wajib datang langsung ke perusahaan untuk wawancara. Wawancara online tidak diterima</p></li><li><p>Lokasi Perusahaan di Citra Raya, Tangerang</p></li></ul><p><br></p>","https://id.jobstreet.com/job/92163939"
"92232967","Field Engineer","Syspex","Bekasi, West Java",,"Full time","Engineering","Electrical/Electronic Engineering","2026-05-20T09:20:20.000Z","We are seeking a dedicated Field Engineer for a full-time, on-site role based in Cikarang. The Field Engineer will be responsible for performing on-site installations, maintenance, and troubleshooting of technical equipment to ensure operational efficiency. The role includes providing technical support, managing field service activities, and closely collaborating with project teams to ensure the successful deployment of solutions. Qualifications Deeper understanding of: PLC / Integration System, Electrical systems & wiring, Mechanical components Ability to read basic technical drawings Familiarity with an app-based reporting system and proficiency in technical tools and software relevant to engineering tasks Good problem-solving mindset Field Service and Technical Support expertise, ensuring reliable deployment and maintenance of equipment Strong Troubleshooting skills to diagnose and resolve technical issues effectively Communication skills to coordinate with customers, teams, and stakeholders Experience in Project Management to handle on-site operations and ensure timely task completion Bachelor’s degree in Electrical, Mechanical or Mechatronic Engineering is preferred Flexibility to travel to customer sites and adapt to dynamic work environments Previous experience in the packaging, warehousing, or logistics industry is a plus Hiring location: Cikarang","<p>We are seeking a dedicated Field Engineer for a full-time, on-site role based in Cikarang. The Field Engineer will be responsible for performing on-site installations, maintenance, and troubleshooting of technical equipment to ensure operational efficiency. The role includes providing technical support, managing field service activities, and closely collaborating with project teams to ensure the successful deployment of solutions.</p><p><strong>Qualifications</strong></p><ul><li><p>Deeper understanding of: PLC / Integration System, Electrical systems &amp; wiring, Mechanical components</p></li><li><p>Ability to read basic technical drawings</p></li><li><p>Familiarity with an app-based reporting system and proficiency in technical tools and software relevant to engineering tasks</p></li><li><p>Good problem-solving mindset</p></li><li><p>Field Service and Technical Support expertise, ensuring reliable deployment and maintenance of equipment</p></li><li><p>Strong Troubleshooting skills to diagnose and resolve technical issues effectively</p></li><li><p>Communication skills to coordinate with customers, teams, and stakeholders</p></li><li><p>Experience in Project Management to handle on-site operations and ensure timely task completion</p></li><li><p>Bachelor’s degree in Electrical, Mechanical or Mechatronic Engineering is preferred</p></li><li><p>Flexibility to travel to customer sites and adapt to dynamic work environments</p></li><li><p>Previous experience in the packaging, warehousing, or logistics industry is a plus</p></li><li><p>Hiring location: Cikarang</p></li></ul><p><br></p>","https://id.jobstreet.com/job/92232967"
"92040406","Drafter Arsitek","PT Bogor Servicia Integra","Bogor, West Java",,"Contract/Temp","Design & Architecture","Architectural Drafting","2026-05-11T10:53:53.000Z","Kualifikasi: Pendidikan S1 Arsitektur atau Sipil. Memiliki pengalaman kerja minimal 2 tahun di bidang desain perencanaan dan pengawasan proyek. Menguasai software desain 2D (AutoCAD) dan 3D (AutoCAD 3D, SketchUp). Mampu membuat gambar kerja / shop drawing secara detail, rapi, dan terstruktur. Dapat membaca gambar struktur dan MEP. Teliti, jujur, bertanggung jawab, serta memiliki orientasi tinggi terhadap detail. Mampu bekerja dengan target dan tenggat waktu yang ketat. Latar belakang atau pengalaman dalam organisasi kampus/profesi menjadi nilai tambah. Memiliki SIM C, laptop pribadi, dan kendaraan bermotor untuk mendukung pekerjaan lapangan. Komunikatif, disiplin, cekatan, dan mampu bekerja di bawah tekanan. Deskripsi Pekerjaan: Membuat draft gambar teknis seperti Detail Engineering Design (DED) dan As-Built Drawing. Melaksanakan survey lapangan meliputi pengambilan foto, pengukuran bangunan, serta pencatatan titik koordinat. Menyusun Kerangka Acuan Kerja (KAK) dan spesifikasi teknis. Menyusun dan menyampaikan laporan hasil pekerjaan secara berkala. Melakukan pengarahan teknis,","<p>Kualifikasi:</p><p><br></p><p>Pendidikan S1 Arsitektur atau Sipil.</p><p>Memiliki pengalaman kerja minimal 2 tahun di bidang desain perencanaan dan pengawasan proyek.</p><p>Menguasai software desain 2D (AutoCAD) dan 3D (AutoCAD 3D, SketchUp).</p><p>Mampu membuat gambar kerja / shop drawing secara detail, rapi, dan terstruktur.</p><p>Dapat membaca gambar struktur dan MEP.</p><p>Teliti, jujur, bertanggung jawab, serta memiliki orientasi tinggi terhadap detail.</p><p>Mampu bekerja dengan target dan tenggat waktu yang ketat.</p><p>Latar belakang atau pengalaman dalam organisasi kampus/profesi menjadi nilai tambah.</p><p>Memiliki SIM C, laptop pribadi, dan kendaraan bermotor untuk mendukung pekerjaan lapangan.</p><p>Komunikatif, disiplin, cekatan, dan mampu bekerja di bawah tekanan.</p><p><br></p><p>Deskripsi Pekerjaan:</p><p>Membuat draft gambar teknis seperti Detail Engineering Design (DED) dan As-Built Drawing.</p><p>Melaksanakan survey lapangan meliputi pengambilan foto, pengukuran bangunan, serta pencatatan titik koordinat.</p><p>Menyusun Kerangka Acuan Kerja (KAK) dan spesifikasi teknis.</p><p>Menyusun dan menyampaikan laporan hasil pekerjaan secara berkala.</p><p>Melakukan pengarahan teknis,</p>","https://id.jobstreet.com/job/92040406"
"92393001","Software Engineer, Mobile (iOS)","Transportation Solutions Indonesia","Kebayoran Lama, Jakarta",,"Full time","Information & Communication Technology","Developers/Programmers","2026-05-28T14:25:31.000Z","Company Description About Grab and Our Workplace Grab is Southeast Asia's leading superapp. From getting your favourite meals delivered to helping you manage your finances and getting around town hassle-free, we've got your back with everything. In Grab, purpose gives us joy and habits build excellence, while harnessing the power of Technology and AI to deliver the mission of driving Southeast Asia forward by economically empowering everyone, with heart, hunger, honour, and humility. Job Description Get to Know the Team The Fulfilment tech family enables Grab to serve our customers and partners across Southeast Asia. We build high throughput, real-time distributed systems that process hundreds of millions of requests daily. Our mission is to offer the best products and experiences to our driver partners. We improve driver partner opportunities and efficiency to fulfil customer orders without fail. We create efficient marketplaces by determining prices that are both sustainable and valued by our partners and customers. Get to Know the Role You will join our team in Jakarta as a Mobile (iOS) Software Engineer. You will build iOS features used by driver partners across the region, including communication experiences, AI-assisted workflows, and offline-first screens that remain reliable in real-world operating conditions. You will work with product managers, designers, backend engineers, data analysts, and other mobile engineers to build features for the Grab driver app. You will report to the Software Engineering Manager and based fully on-site in Jakarta office. The Critical Tasks You Will Perform You will develop iOS features using Swift for driver communication, AI-assisted workflows, and offline-first screens that handle unstable network conditions. You will integrate iOS applications with backend APIs and mobile platform components to deliver reliable user experiences. You will collaborate with product managers, designers, and backend engineers to understand requirements and evaluate product impact through data analysis. You will write testable code following established engineering standards and participate in code reviews to maintain product quality. You will resolve issues related to app performance, reliability, and offline behavior through debugging and testing. You will contribute to app stability through unit testing, integration testing, and validation of features before release. Qualifications What Essential Skills You Will Need Up to 2 years of professional iOS development experience, internship experience, or project experience building iOS applications using Swift and the iOS SDK. You will use Swift daily to build features for the driver app. Understanding of mobile application architecture patterns (MVC, MVVM, VIPER, or similar). You will apply these patterns to structure code for features that communicate with AI systems and handle offline scenarios. Working knowledge of data structures, algorithms, and object-oriented programming. You will use these to write efficient code for processing hundreds of millions of requests and to solve technical problems during feature development. Experience integrating mobile applications with RESTful APIs or backend services. You will connect iOS features to backend systems that power driver communication and AI-assisted workflows. Experience using AI agent-assisted coding tools and spec-driven development workflows to design, implement, and validate software changes. You will use these tools to build features more efficiently and maintain code quality. Experience with unit testing or integration testing for iOS applications. You will write tests to ensure features work correctly, especially for offline functionality and network-resilient components. Nice-to-Haves Experience building offline-capable or network-resilient mobile features. Familiarity with mobile storage technologies such as Core Data, SQLite, Realm, or similar. Experience with unit testing, UI testing, or automated testing in iOS. Exposure to CI/CD pipelines, release processes, or mobile observability tools. Interest in AI, LLM-powered applications, chatbots, or conversational product experiences. Experience with GraphQL, WebSocket, gRPC, or real-time communication features. Familiarity with large-scale mobile applications or modular mobile architectures. Experience working in cross-functional or regional teams. Additional Information Life at Grab We care about your well-being at Grab, here are some of the global benefits we offer: We have your back with Term Life Insurance and comprehensive Medical Insurance. With GrabFlex, create a benefits package that suits your needs and aspirations. Celebrate moments that matter in life with loved ones through Parental and Birthday leave , and give back to your communities through Love-all-Serve-all (LASA) volunteering leave We have a confidential Grabber Assistance Programme to guide and uplift you and your loved ones through life's challenges. Balancing personal commitments and life's demands are made easier with our FlexWork arrangements such as differentiated hours What We Stand For At Grab We are committed to building an inclusive and equitable workplace that provides equal opportunity for Grabbers to grow and perform at their best. We consider all candidates fairly and equally regardless of nationality, ethnicity, race, religion, age, gender, family commitments, physical and mental impairments or disabilities, and other attributes that make them unique.","<div><p>
<strong>Company Description</strong><br>
</p></div>
<div><div>
<p><strong>About Grab and Our Workplace</strong></p>
<p>Grab is Southeast Asia's leading superapp. From getting your favourite meals delivered to helping you manage your finances and getting around town hassle-free, we've got your back with everything. In Grab, purpose gives us joy and habits build excellence, while harnessing the power of Technology and AI to deliver the mission of driving Southeast Asia forward by economically empowering everyone, with heart, hunger, honour, and humility.</p>
</div></div>
<div><p>
<strong>Job Description</strong><br>
</p></div>
<div><div>
<p><strong>Get to Know the Team</strong></p>
<p>The Fulfilment tech family enables Grab to serve our customers and partners across Southeast Asia. We build high throughput, real-time distributed systems that process hundreds of millions of requests daily.</p>
<p>Our mission is to offer the best products and experiences to our driver partners. We improve driver partner opportunities and efficiency to fulfil customer orders without fail. We create efficient marketplaces by determining prices that are both sustainable and valued by our partners and customers.</p>
<p><strong>Get to Know the Role</strong></p>
<p>You will join our team in Jakarta as a Mobile (iOS) Software Engineer. You will build iOS features used by driver partners across the region, including communication experiences, AI-assisted workflows, and offline-first screens that remain reliable in real-world operating conditions.</p>
<p>You will work with product managers, designers, backend engineers, data analysts, and other mobile engineers to build features for the Grab driver app. You will report to the Software Engineering Manager and based fully on-site in Jakarta office.</p>
<p><strong>The Critical Tasks You Will Perform</strong></p>
<ul>
<li>You will develop iOS features using Swift for driver communication, AI-assisted workflows, and offline-first screens that handle unstable network conditions.</li>
<li>You will integrate iOS applications with backend APIs and mobile platform components to deliver reliable user experiences.</li>
<li>You will collaborate with product managers, designers, and backend engineers to understand requirements and evaluate product impact through data analysis.</li>
<li>You will write testable code following established engineering standards and participate in code reviews to maintain product quality.</li>
<li>You will resolve issues related to app performance, reliability, and offline behavior through debugging and testing.</li>
<li>You will contribute to app stability through unit testing, integration testing, and validation of features before release.</li>
</ul>
</div></div>
<div><p>
<strong>Qualifications</strong><br>
</p></div>
<div><div>
<p><strong>What Essential Skills You Will Need</strong></p>
<ul>
<li>Up to 2 years of professional iOS development experience, internship experience, or project experience building iOS applications using Swift and the iOS SDK. You will use Swift daily to build features for the driver app.</li>
<li>Understanding of mobile application architecture patterns (MVC, MVVM, VIPER, or similar). You will apply these patterns to structure code for features that communicate with AI systems and handle offline scenarios.</li>
<li>Working knowledge of data structures, algorithms, and object-oriented programming. You will use these to write efficient code for processing hundreds of millions of requests and to solve technical problems during feature development.</li>
<li>Experience integrating mobile applications with RESTful APIs or backend services. You will connect iOS features to backend systems that power driver communication and AI-assisted workflows.</li>
<li>Experience using AI agent-assisted coding tools and spec-driven development workflows to design, implement, and validate software changes. You will use these tools to build features more efficiently and maintain code quality.</li>
<li>Experience with unit testing or integration testing for iOS applications. You will write tests to ensure features work correctly, especially for offline functionality and network-resilient components.</li>
</ul>
<p><strong>Nice-to-Haves</strong></p>
<ul>
<li>Experience building offline-capable or network-resilient mobile features.</li>
<li>Familiarity with mobile storage technologies such as Core Data, SQLite, Realm, or similar.</li>
<li>Experience with unit testing, UI testing, or automated testing in iOS.</li>
<li>Exposure to CI/CD pipelines, release processes, or mobile observability tools.</li>
<li>Interest in AI, LLM-powered applications, chatbots, or conversational product experiences.</li>
<li>Experience with GraphQL, WebSocket, gRPC, or real-time communication features.</li>
<li>Familiarity with large-scale mobile applications or modular mobile architectures.</li>
<li>Experience working in cross-functional or regional teams.</li>
</ul>
</div></div>
<div><p>
<strong>Additional Information</strong><br>
</p></div>
<div><div>
<p><strong>Life at Grab</strong></p>
<p>We care about your well-being at Grab, here are some of the global benefits we offer:</p>
<ul>
<li>We have your back with <strong>Term Life Insurance </strong>and comprehensive <strong>Medical Insurance.</strong>
</li>
<li>With <strong>GrabFlex, </strong>create a benefits package that suits your needs and aspirations.</li>
<li>Celebrate moments that matter in life with loved ones through <strong>Parental</strong> and <strong>Birthday leave</strong>, and give back to your communities through <strong>Love-all-Serve-all (LASA)</strong> volunteering leave</li>
<li>We have a confidential <strong>Grabber Assistance Programme</strong> to guide and uplift you and your loved ones through life's challenges.</li>
<li>Balancing personal commitments and life's demands are made easier with our FlexWork arrangements such as differentiated hours</li>
</ul>
<p><strong>What We Stand For At Grab</strong></p>
<p>We are committed to building an inclusive and equitable workplace that provides equal opportunity for Grabbers to grow and perform at their best. We consider all candidates fairly and equally regardless of nationality, ethnicity, race, religion, age, gender, family commitments, physical and mental impairments or disabilities, and other attributes that make them unique.</p>
</div></div>","https://id.jobstreet.com/job/92393001"
"92416142","IT Operations & Automation Specialist - Global Real Estate Property Development,","MatchaTalent","Bali",,"Full time","Real Estate & Property","Residential Sales","2026-05-29T09:43:30.000Z","This role requires the candidate to work hybrid in Bali, Indonesia. Client Overview Our client is a fast-growing real estate project developer and investment firm specializing in luxury property developments across prime locations in Bali. Founded by international professionals with backgrounds in construction and global markets, the company focuses on delivering modern contemporary tropical developments that integrate seamlessly with the surrounding environment while maintaining international quality standards. The company operates as an integrated development and investment platform covering land acquisition, design, construction, and property management services. The business primarily serves international investors through transparent investment structures, professional operational management, and scalable property development solutions designed for long-term growth and operational excellence. Job Role The Digital Operations & Automation Specialist will be responsible for building, structuring, and optimizing the company's digital operational infrastructure across multiple business functions. This role focuses on designing scalable systems, integrating platforms, automating workflows, and improving operational efficiency across the organization. The position requires a strategic and hands-on specialist capable of understanding real business operations, identifying process inefficiencies, and translating operational challenges into practical digital solutions through workflow automation, system integration, and centralized operational visibility. Key Responsibilities Architect, optimize, and maintain operational workflows and automations within project management platforms. Restructure and manage centralized document management systems across business units. Design and implement integrations between collaboration tools, CRM systems, cloud platforms, and operational software. Develop workflow automations and AI-driven solutions to reduce repetitive manual tasks. Build operational dashboards and reporting systems for real-time business visibility. Analyze existing workflows and redesign scalable operational processes across departments. Collaborate with cross-functional stakeholders to identify operational bottlenecks and system improvement opportunities. Configure automation tools, middleware platforms, and API-based integrations. Support digital transformation initiatives and continuous process optimization projects. Ensure system organization, operational efficiency, and scalable infrastructure development across the organization. Requirements Bachelor's degree in Information Systems, Computer Science, Industrial Engineering, Business Operations, or related fields. Minimum 3–5 years of experience in systems optimization, digital operations infrastructure, workflow automation, or process improvement roles. Experience working within fast-growing startups, scale-up businesses, or dynamic multi-functional organizations. Prior exposure to Real Estate, Property Development, Hospitality, Agencies, or related operational environments is preferred. Strong experience configuring and optimizing project management, collaboration, and document management platforms. Advanced expertise in workflow automation, middleware integrations, API connectivity, and operational system architecture. Hands-on experience implementing Generative AI tools and AI-based workflow automations within business operations. Strong analytical and strategic thinking skills with the ability to translate operational challenges into practical digital solutions. Highly independent, proactive, and capable of operating in fast-moving and evolving business environments. Strong communication and stakeholder management skills with experience working cross-functionally. Professional fluency in English, both written and verbal.","<p><strong>This role requires the candidate to work hybrid in Bali, Indonesia.</strong></p><p><br></p><p><strong>Client Overview</strong></p><p>Our client is a fast-growing real estate project developer and investment firm specializing in luxury property developments across prime locations in Bali. Founded by international professionals with backgrounds in construction and global markets, the company focuses on delivering modern contemporary tropical developments that integrate seamlessly with the surrounding environment while maintaining international quality standards.</p><p>The company operates as an integrated development and investment platform covering land acquisition, design, construction, and property management services. The business primarily serves international investors through transparent investment structures, professional operational management, and scalable property development solutions designed for long-term growth and operational excellence.</p><p><br></p><p><strong>Job Role</strong></p><p>The Digital Operations &amp; Automation Specialist will be responsible for building, structuring, and optimizing the company's digital operational infrastructure across multiple business functions. This role focuses on designing scalable systems, integrating platforms, automating workflows, and improving operational efficiency across the organization.</p><p>The position requires a strategic and hands-on specialist capable of understanding real business operations, identifying process inefficiencies, and translating operational challenges into practical digital solutions through workflow automation, system integration, and centralized operational visibility.<strong><br></strong></p><p><strong>Key Responsibilities</strong></p><ul><li><p>Architect, optimize, and maintain operational workflows and automations within project management platforms.</p></li><li><p>Restructure and manage centralized document management systems across business units.</p></li><li><p>Design and implement integrations between collaboration tools, CRM systems, cloud platforms, and operational software.</p></li><li><p>Develop workflow automations and AI-driven solutions to reduce repetitive manual tasks.</p></li><li><p>Build operational dashboards and reporting systems for real-time business visibility.</p></li><li><p>Analyze existing workflows and redesign scalable operational processes across departments.</p></li><li><p>Collaborate with cross-functional stakeholders to identify operational bottlenecks and system improvement opportunities.</p></li><li><p>Configure automation tools, middleware platforms, and API-based integrations.</p></li><li><p>Support digital transformation initiatives and continuous process optimization projects.</p></li><li><p>Ensure system organization, operational efficiency, and scalable infrastructure development across the organization.</p></li></ul><p><br></p><p><strong>Requirements</strong></p><ul><li><p>Bachelor's degree in Information Systems, Computer Science, Industrial Engineering, Business Operations, or related fields.</p></li><li><p>Minimum 3–5 years of experience in systems optimization, digital operations infrastructure, workflow automation, or process improvement roles.</p></li><li><p>Experience working within fast-growing startups, scale-up businesses, or dynamic multi-functional organizations.</p></li><li><p>Prior exposure to Real Estate, Property Development, Hospitality, Agencies, or related operational environments is preferred.</p></li><li><p>Strong experience configuring and optimizing project management, collaboration, and document management platforms.</p></li><li><p>Advanced expertise in workflow automation, middleware integrations, API connectivity, and operational system architecture.</p></li><li><p>Hands-on experience implementing Generative AI tools and AI-based workflow automations within business operations.</p></li><li><p>Strong analytical and strategic thinking skills with the ability to translate operational challenges into practical digital solutions.</p></li><li><p>Highly independent, proactive, and capable of operating in fast-moving and evolving business environments.</p></li><li><p>Strong communication and stakeholder management skills with experience working cross-functionally.</p></li><li><p>Professional fluency in English, both written and verbal.</p></li></ul><p><br></p>","https://id.jobstreet.com/job/92416142"
"91977865","Junior Electronics Engineer","Formulatrix","Salatiga, Central Java",,"Full time","Engineering","Electrical/Electronic Engineering","2026-05-07T11:09:22.000Z","What will you do? Designing, inspecting, testing, and updating electronic systems, components, equipment, and software. Performing the electronics measurements including Oscilloscopes and Multi-meters. Debugging and troubleshooting problems based on multiple hypotheses, and reach logical conclusions based on test results. What are we looking for? Educational Qualification: Minimum of Bachelor’s Degree (S1/D4) or Master’s Degree (S2) in Electrical, Electronic, Mechatronic, Electromechanical Engineering, Physic/Instrumentation or related fields, with a strong focus on electronics and embedded system design (fresh graduate are welcome to apply). Experience Have substantial project experience or have gained practical experience independently, beyond academic assignments (previous industry experience is a plus) Technical Skills Strong knowledge of both analog and digital electronics. Practical experience in creating electronic prototypes. Ready to lead or mentor other team members. Strong skills in PCB design, Electronic Manufacturing Services (EMS), motion control, and embedded systems are a plus. No color vision deficiency. Good communication skills in English, both oral and written. Soft Skills: Effective communication and teamwork skills to collaborate with cross-functional teams. Ability to multi-task and re-prioritize as necessary. Excellent problem-solving, critical thinking and analytical skills.","<p><strong>What will you do?</strong></p><ul><li><p>Designing, inspecting, testing, and updating electronic systems, components, equipment, and software.</p></li><li><p>Performing the electronics measurements including Oscilloscopes and Multi-meters.</p></li><li><p>Debugging and troubleshooting problems based on multiple hypotheses, and reach logical conclusions based on test results.</p></li></ul><p><strong>What are we looking for?<br>Educational Qualification:</strong></p><ul><li><p>Minimum of Bachelor’s Degree (S1/D4) or Master’s Degree (S2) in Electrical, Electronic, Mechatronic, Electromechanical Engineering, Physic/Instrumentation or related fields, with a strong focus on electronics and embedded system design (fresh graduate are welcome to apply).</p></li></ul><p><strong>Experience</strong></p><ul><li><p>Have substantial project experience or have gained practical experience independently, beyond academic assignments (previous industry experience is a plus)</p></li></ul><p><strong>Technical Skills</strong></p><ul><li><p>Strong knowledge of both analog and digital electronics.</p></li><li><p>Practical experience in creating electronic prototypes.</p></li><li><p>Ready to lead or mentor other team members.</p></li><li><p>Strong skills in PCB design, Electronic Manufacturing Services (EMS), motion control, and embedded systems are a plus.</p></li><li><p>No color vision deficiency.</p></li><li><p>Good communication skills in English, both oral and written.</p></li></ul><p><strong>Soft Skills:</strong></p><ul><li><p>Effective communication and teamwork skills to collaborate with cross-functional teams.</p></li><li><p>Ability to multi-task and re-prioritize as necessary.</p></li><li><p>Excellent problem-solving, critical thinking and analytical skills.</p></li></ul><p><br></p>","https://id.jobstreet.com/job/91977865"
"92349998","Lead Engineer, AI Agents & Backend Platforms","Transportation Solutions Indonesia","Kebayoran Lama, Jakarta",,"Full time","Information & Communication Technology","Networks & Systems Administration","2026-05-26T13:23:37.000Z","Company Description About Grab and Our Workplace Grab is Southeast Asia's leading superapp. From getting your favourite meals delivered to helping you manage your finances and getting around town hassle-free, we've got your back with everything. In Grab, purpose gives us joy and habits build excellence, while harnessing the power of Technology and AI to deliver the mission of driving Southeast Asia forward by economically empowering everyone, with heart, hunger, honour, and humility. Job Description Get to Know the Team Come join the GTS Innovation team - we work on a diverse set of consumer problems and build sustainable solutions to provide meaningful outcomes for GTS and for Grabbers. Our focus is on creating specialized AI-driven products and tools that address specific business needs across Corporate teams at Grab. We are looking for passionate developers who not only have the necessary skills but also offer more, to become part of our team. You will collaborate with the product, business, and program management teams to ensure delivery of your work. Get to Know the Role You will lead the design, development, and maintenance of our corporate systems, driving technological advancements and setting the standard for engineering excellence. You will be reporting to Principal Enterprise Architect - Automation and Integration. This role is onsite based in our Petaling Jaya, Malaysia office. The Critical Tasks You Will Perform You will architect and design scalable, AI-driven products and tools You will collaborate with teams to define technical strategies and feature specifications You will make high-level design decisions and establish technical standards for software development You will optimize system performance, reliability, and efficiency across the product ecosystem You will provide technical guidance and code reviews to ensure best practices are followed You will partner with DevOps teams to enhance system scalability and operational efficiency You will stay current with emerging technologies and industry trends to drive innovation within the team Qualifications What Essential Skills You Will Need You have a Bachelor's degree in Computer Science, Software Engineering, Information Technology, or a related field You have at least 8 years of software engineering experience, with 5+ years focused on designing and building scalable systems You have foundation in data structures, algorithms, operating systems, and networking You have proficiency in at least one backend programming language, preferably Golang You have experience with backend systems, including databases, caching, NoSQL, and application servers You have experience leading and mentoring engineering teams You have experience with cloud services, OLTP systems, and consumer-facing products You have experience with microservices architecture and RESTful API design You have familiarity with DevOps practices and CI/CD pipelines You have demonstrated leadership in driving technical decisions and defining engineering standards Additional Information Life at Grab We care about your well-being at Grab, here are some of the global benefits we offer: We have your back with Term Life Insurance and comprehensive Medical Insurance. With GrabFlex, create a benefits package that suits your needs and aspirations. Celebrate moments that matter in life with loved ones through Parental and Birthday leave , and give back to your communities through Love-all-Serve-all (LASA) volunteering leave We have a confidential Grabber Assistance Programme to guide and uplift you and your loved ones through life's challenges. Balancing personal commitments and life's demands are made easier with our FlexWork arrangements such as differentiated hours What We Stand For At Grab We are committed to building an inclusive and equitable workplace that provides equal opportunity for Grabbers to grow and perform at their best. We consider all candidates fairly and equally regardless of nationality, ethnicity, race, religion, age, gender, family commitments, physical and mental impairments or disabilities, and other attributes that make them unique.","<div><p>
<strong>Company Description</strong><br>
</p></div>
<div><div>
<p><strong>About Grab and Our Workplace</strong></p>
<p>Grab is Southeast Asia's leading superapp. From getting your favourite meals delivered to helping you manage your finances and getting around town hassle-free, we've got your back with everything. In Grab, purpose gives us joy and habits build excellence, while harnessing the power of Technology and AI to deliver the mission of driving Southeast Asia forward by economically empowering everyone, with heart, hunger, honour, and humility.</p>
</div></div>
<div><p>
<strong>Job Description</strong><br>
</p></div>
<div><div>
<p><strong>Get to Know the Team</strong></p>
<p>Come join the GTS Innovation team - we work on a diverse set of consumer problems and build sustainable solutions to provide meaningful outcomes for GTS and for Grabbers. Our focus is on creating specialized AI-driven products and tools that address specific business needs across Corporate teams at Grab. We are looking for passionate developers who not only have the necessary skills but also offer more, to become part of our team. You will collaborate with the product, business, and program management teams to ensure delivery of your work.</p>
<p><strong>Get to Know the Role</strong></p>
<p>You will lead the design, development, and maintenance of our corporate systems, driving technological advancements and setting the standard for engineering excellence. You will be reporting to Principal Enterprise Architect - Automation and Integration.</p>
<p>This role is onsite based in our Petaling Jaya, Malaysia office.</p>
<p><strong>The Critical Tasks You Will Perform</strong></p>
<ul>
<li>You will architect and design scalable, AI-driven products and tools</li>
<li>You will collaborate with teams to define technical strategies and feature specifications</li>
<li>You will make high-level design decisions and establish technical standards for software development</li>
<li>You will optimize system performance, reliability, and efficiency across the product ecosystem</li>
<li>You will provide technical guidance and code reviews to ensure best practices are followed</li>
<li>You will partner with DevOps teams to enhance system scalability and operational efficiency</li>
<li>You will stay current with emerging technologies and industry trends to drive innovation within the team</li>
</ul>
</div></div>
<div><p>
<strong>Qualifications</strong><br>
</p></div>
<div><div>
<p><strong>What Essential Skills You Will Need</strong></p>
<ul>
<li>You have a Bachelor's degree in Computer Science, Software Engineering, Information Technology, or a related field</li>
<li>You have at least 8 years of software engineering experience, with 5+ years focused on designing and building scalable systems</li>
<li>You have foundation in data structures, algorithms, operating systems, and networking</li>
<li>You have proficiency in at least one backend programming language, preferably Golang</li>
<li>You have experience with backend systems, including databases, caching, NoSQL, and application servers</li>
<li>You have experience leading and mentoring engineering teams</li>
<li>You have experience with cloud services, OLTP systems, and consumer-facing products</li>
<li>You have experience with microservices architecture and RESTful API design</li>
<li>You have familiarity with DevOps practices and CI/CD pipelines</li>
<li>You have demonstrated leadership in driving technical decisions and defining engineering standards</li>
</ul>
</div></div>
<div><p>
<strong>Additional Information</strong><br>
</p></div>
<div><div>
<p><strong>Life at Grab</strong></p>
<p>We care about your well-being at Grab, here are some of the global benefits we offer:</p>
<ul>
<li>We have your back with <strong>Term Life Insurance </strong>and comprehensive <strong>Medical Insurance.</strong>
</li>
<li>With <strong>GrabFlex, </strong>create a benefits package that suits your needs and aspirations.</li>
<li>Celebrate moments that matter in life with loved ones through <strong>Parental</strong> and <strong>Birthday leave</strong>, and give back to your communities through <strong>Love-all-Serve-all (LASA)</strong> volunteering leave</li>
<li>We have a confidential <strong>Grabber Assistance Programme</strong> to guide and uplift you and your loved ones through life's challenges.</li>
<li>Balancing personal commitments and life's demands are made easier with our FlexWork arrangements such as differentiated hours</li>
</ul>
<p><strong>What We Stand For At Grab</strong></p>
<p>We are committed to building an inclusive and equitable workplace that provides equal opportunity for Grabbers to grow and perform at their best. We consider all candidates fairly and equally regardless of nationality, ethnicity, race, religion, age, gender, family commitments, physical and mental impairments or disabilities, and other attributes that make them unique.</p>
</div></div>","https://id.jobstreet.com/job/92349998"
"92266188","Senior Software Engineer, Backend - Lending","Transportation Solutions Indonesia","Kebayoran Lama, Jakarta",,"Full time","Information & Communication Technology","Developers/Programmers","2026-05-21T23:16:04.000Z","Company Description About Grab and Our Workplace Grab is Southeast Asia's leading superapp. From getting your favourite meals delivered to helping you manage your finances and getting around town hassle-free, we've got your back with everything. In Grab, purpose gives us joy and habits build excellence, while harnessing the power of Technology and AI to deliver the mission of driving Southeast Asia forward by economically empowering everyone, with heart, hunger, honour, and humility. Job Description Get to Know the Team: The Lending team builds secure and versatile loan products for diverse user segments, owning critical platform components such as Credit Risk, User Profiles, Credit Limits and Offers, Lender Journeys, the Pricing Engine etc. We design and operate large-scale distributed systems that impact millions of users, with a strong focus on financial inclusion and underserved communities. Get to Know the Role: As a Senior Backend Developer, you will develop scalable software applications using GoLang. You will be at the forefront of our development efforts, leading architectural plans and coaching junior engineers. You will report to the Engineering Manager, Backend. This role is based in Jakarta. The Critical Tasks You will Perform: You will design and construct software applications using GoLang. You will Identify key tasks, prioritise them, and deliver them throughout the software development life cycle. You will automate tasks using appropriate tools and scripting. You will collaborate with multiple teams to define needs, design new features and deliver them. You will lead the architecture and coding standards efforts, ensuring clean and efficient code. You will conduct code reviews to ensure adherence to coding standards, best practices, and security guidelines. You will troubleshoot, debug, and upgrade existing software. You will stay up-to-date with latest trends and technologies to improve our products and processes. You will mentor junior software engineers, and guide their development. Qualifications What Essential Skills You will Need: 5+ years of related work experience in a similar capacity Proficiency in GoLang for developing and enhancing software applications. Architecture mindset: Experience designing scalable and maintainable architectures. Software Development Life Cycle (SDLC): Experience with SDLC and Agile methodologies to manage tasks. Automation: Proficiency in using tools and scripting to automate repetitive tasks. Code Reviews: Experience conducting code reviews to maintain high-quality coding standards. Experience analysing complex issues and solving them. Experience collaborating and communicating updates and resolutions discussions with multiple teams for partnership. Experience guiding junior engineers and aiding their professional growth. Experience in Security Practices understanding best practices for coding and security guidelines. Stay current with new technologies and integrate them into your work. Additional Information Life at Grab We care about your well-being at Grab, here are some of the global benefits we offer: We have your back with Term Life Insurance and comprehensive Medical Insurance. With GrabFlex, create a benefits package that suits your needs and aspirations. Celebrate moments that matter in life with loved ones through Parental and Birthday leave , and give back to your communities through Love-all-Serve-all (LASA) volunteering leave We have a confidential Grabber Assistance Programme to guide and uplift you and your loved ones through life's challenges. What We Stand For At Grab We are committed to building an inclusive and equitable workplace that provides equal opportunity for Grabbers to grow and perform at their best. We consider all candidates fairly and equally regardless of nationality, ethnicity, race, religion, age, gender, family commitments, physical and mental impairments or disabilities, and other attributes that make them unique.","<div><p>
<strong>Company Description</strong><br>
</p></div>
<div><div>
<p><strong>About Grab and Our Workplace</strong></p>
<p>Grab is Southeast Asia's leading superapp. From getting your favourite meals delivered to helping you manage your finances and getting around town hassle-free, we've got your back with everything. In Grab, purpose gives us joy and habits build excellence, while harnessing the power of Technology and AI to deliver the mission of driving Southeast Asia forward by economically empowering everyone, with heart, hunger, honour, and humility.</p>
</div></div>
<div><p>
<strong>Job Description</strong><br>
</p></div>
<div><div>
<p><strong>Get to Know the Team:</strong></p>
<p>The Lending team builds secure and versatile loan products for diverse user segments, owning critical platform components such as Credit Risk, User Profiles, Credit Limits and Offers, Lender Journeys, the Pricing Engine etc. We design and operate large-scale distributed systems that impact millions of users, with a strong focus on financial inclusion and underserved communities.</p>
<p><strong>Get to Know the Role:</strong></p>
<p>As a Senior Backend Developer, you will develop scalable software applications using GoLang. You will be at the forefront of our development efforts, leading architectural plans and coaching junior engineers. You will report to the Engineering Manager, Backend. This role is based in Jakarta.</p>
<p><strong>The Critical Tasks You will Perform:</strong></p>
<ul>
<li>You will design and construct software applications using GoLang.</li>
<li>You will Identify key tasks, prioritise them, and deliver them throughout the software development life cycle.</li>
<li>You will automate tasks using appropriate tools and scripting.</li>
<li>You will collaborate with multiple teams to define needs, design new features and deliver them.</li>
<li>You will lead the architecture and coding standards efforts, ensuring clean and efficient code.</li>
<li>You will conduct code reviews to ensure adherence to coding standards, best practices, and security guidelines.</li>
<li>You will troubleshoot, debug, and upgrade existing software.</li>
<li>You will stay up-to-date with latest trends and technologies to improve our products and processes.</li>
<li>You will mentor junior software engineers, and guide their development.</li>
</ul>
</div></div>
<div><p>
<strong>Qualifications</strong><br>
</p></div>
<div><div>
<p><strong>What Essential Skills You will Need:</strong></p>
<ul>
<li>5+ years of related work experience in a similar capacity</li>
<li>Proficiency in GoLang for developing and enhancing software applications.</li>
<li>Architecture mindset: Experience designing scalable and maintainable architectures.</li>
<li>Software Development Life Cycle (SDLC): Experience with SDLC and Agile methodologies to manage tasks.</li>
<li>Automation: Proficiency in using tools and scripting to automate repetitive tasks.</li>
<li>Code Reviews: Experience conducting code reviews to maintain high-quality coding standards.</li>
<li>Experience analysing<strong> </strong>complex issues and solving them.</li>
<li>Experience collaborating and communicating updates and resolutions discussions with multiple teams for partnership.</li>
<li>Experience guiding junior engineers and aiding their professional growth.</li>
<li>Experience in Security Practices understanding best practices for coding and security guidelines.</li>
<li>Stay current with new technologies and integrate them into your work.</li>
</ul>
</div></div>
<div><p>
<strong>Additional Information</strong><br>
</p></div>
<div><div>
<p><strong>Life at Grab</strong></p>
<p>We care about your well-being at Grab, here are some of the global benefits we offer:</p>
<ul>
<li>We have your back with <strong>Term Life Insurance </strong>and comprehensive <strong>Medical Insurance.</strong>
</li>
<li>With <strong>GrabFlex, </strong>create a benefits package that suits your needs and aspirations.</li>
<li>Celebrate moments that matter in life with loved ones through <strong>Parental</strong> and <strong>Birthday leave</strong>, and give back to your communities through <strong>Love-all-Serve-all (LASA)</strong> volunteering leave</li>
<li>We have a confidential <strong>Grabber Assistance Programme</strong> to guide and uplift you and your loved ones through life's challenges.</li>
</ul>
<p><strong>What We Stand For At Grab</strong></p>
<p>We are committed to building an inclusive and equitable workplace that provides equal opportunity for Grabbers to grow and perform at their best. We consider all candidates fairly and equally regardless of nationality, ethnicity, race, religion, age, gender, family commitments, physical and mental impairments or disabilities, and other attributes that make them unique.</p>
</div></div>","https://id.jobstreet.com/job/92266188"
"92254541","LEAD ENGINEER","PT Maharani Prima","Pekanbaru, Riau",,"Contract/Temp","Engineering","Project Engineering","2026-05-21T06:51:31.000Z","Kualifikasi : Pendidikan minimal S1 Teknik (Mechanical / Civil / Electrical / Industrial atau jurusan terkait) Memiliki pengalaman minimal 7 tahun di bidang engineering proyek Oil & Gas Minimal 3 tahun pengalaman sebagai Lead Engineer / Senior Engineer Memahami proses engineering, construction, dan project execution Berpengalaman dalam proyek PHR / Migas menjadi nilai tambah Mampu melakukan koordinasi lintas disiplin engineering Memiliki kemampuan leadership, problem solving, dan komunikasi yang baik Mampu membaca dan mereview drawing, specification, serta dokumen teknis Menguasai Microsoft Office dan software engineering terkait Bersedia ditempatkan di area project PHR – Riau Bisa MTO bisa Resourchplan Job Description : Memimpin dan mengkoordinasikan seluruh aktivitas engineering project Memastikan seluruh pekerjaan engineering sesuai schedule dan standar project Melakukan review design, drawing, calculation, dan technical document Berkoordinasi dengan client, site team, vendor, dan subcontractor Memberikan solusi teknis terhadap kendala engineering di lapangan Mengontrol progress engineering dan memastikan target project tercapai Memastikan penerapan standar HSE dan quality project","<h2>Kualifikasi :</h2><ul><li><p>Pendidikan minimal S1 Teknik (Mechanical / Civil / Electrical / Industrial atau jurusan terkait)</p></li><li><p>Memiliki pengalaman minimal 7 tahun di bidang engineering proyek Oil &amp; Gas</p></li><li><p>Minimal 3 tahun pengalaman sebagai Lead Engineer / Senior Engineer</p></li><li><p>Memahami proses engineering, construction, dan project execution</p></li><li><p>Berpengalaman dalam proyek PHR / Migas menjadi nilai tambah</p></li><li><p>Mampu melakukan koordinasi lintas disiplin engineering</p></li><li><p>Memiliki kemampuan leadership, problem solving, dan komunikasi yang baik</p></li><li><p>Mampu membaca dan mereview drawing, specification, serta dokumen teknis</p></li><li><p>Menguasai Microsoft Office dan software engineering terkait</p></li><li><p>Bersedia ditempatkan di area project PHR – Riau</p></li><li><p>Bisa MTO bisa Resourchplan</p></li></ul><p><strong>Job Description :</strong></p><ul><li><p>Memimpin dan mengkoordinasikan seluruh aktivitas engineering project</p></li><li><p>Memastikan seluruh pekerjaan engineering sesuai schedule dan standar project</p></li><li><p>Melakukan review design, drawing, calculation, dan technical document</p></li><li><p>Berkoordinasi dengan client, site team, vendor, dan subcontractor</p></li><li><p>Memberikan solusi teknis terhadap kendala engineering di lapangan</p></li><li><p>Mengontrol progress engineering dan memastikan target project tercapai</p></li><li><p>Memastikan penerapan standar HSE dan quality project</p></li></ul><p><br></p>","https://id.jobstreet.com/job/92254541"
"92069277","Civil Engineer","Seven Gates Indonesia","South Jakarta, Jakarta",,"Full time","Engineering","Civil/Structural Engineering","2026-05-12T12:27:13.000Z","Tanggung Jawab Utama: Menyusun dan mereview desain teknis bendungan, jetty, revetment, sheet pile dan infrastruktur air lainnya menggunakan software teknik sipil. Memastikan pekerjaan di lapangan sesuai dengan spesifikasi teknis, gambar kerja dan standar keselamatan yang berlaku. Melakukan analisis hidrologi dan hidrolika. Membuat laporan, RAB dan dokumen teknis lainnya. Berkordinasi dengan owner, konsultan pengawas, subkontraktor, dan pihak lain yang terkait. Memastikan mutu material dan pekerjaan sesuai standar dan menegakkan prosedur K3 di lapangan. Kualifikasi Pendidikan minimal S1 Teknik Sipil, Teknik Kelautan atau jurusan yang relevan. Memiliki minimal 3 tahun pengalaman dalam pekerjaan bendungan, jetty, saluran irigasi dan pekerjaan hidro-teknik lainnya. Memiliki sertifikasi SKK dalam bidang SDA atau Kelautan. Memiliki pemahaman tentang pemodelan hidrologi dan hidrolika. Kemampuan mengoperasikan software AutoCAD, HEC-RAS, HEC-HMS","<p>Tanggung Jawab Utama:</p><ol><li><p>Menyusun dan mereview desain teknis bendungan, jetty, revetment, sheet pile dan infrastruktur air lainnya menggunakan software teknik sipil.</p></li><li><p>Memastikan pekerjaan di lapangan sesuai dengan spesifikasi teknis, gambar kerja dan standar keselamatan yang berlaku.</p></li><li><p>Melakukan analisis hidrologi dan hidrolika.</p></li><li><p>Membuat laporan, RAB dan dokumen teknis lainnya.</p></li><li><p>Berkordinasi dengan owner, konsultan pengawas, subkontraktor, dan pihak lain yang terkait.</p></li><li><p>Memastikan mutu material dan pekerjaan sesuai standar dan menegakkan prosedur K3 di lapangan.</p></li></ol><p><br></p><p>Kualifikasi</p><ol><li><p>Pendidikan minimal S1 Teknik Sipil, Teknik Kelautan atau jurusan yang relevan.</p></li><li><p>Memiliki minimal 3 tahun pengalaman dalam pekerjaan bendungan, jetty, saluran irigasi dan pekerjaan hidro-teknik lainnya.</p></li><li><p>Memiliki sertifikasi SKK dalam bidang SDA atau Kelautan.</p></li><li><p>Memiliki pemahaman tentang pemodelan hidrologi dan hidrolika.</p></li><li><p>Kemampuan mengoperasikan software AutoCAD, HEC-RAS, HEC-HMS</p></li></ol><p><br></p>","https://id.jobstreet.com/job/92069277"
"92084337","Sales Engineer","Cartrack","Balikpapan, East Kalimantan",,"Full time","Information & Communication Technology","Sales - Pre & Post","2026-05-13T04:59:22.000Z","We are a world-leading smart mobility SaaS company with over 2,000,000 subscribers across 23 countries and we are looking for a Sales Engineer Balikpapan to join our team. Our teams are collaborative, vibrant and fast-growing and all team members are empowered with the freedom to influence our business with ideas that drive innovation and efficiency. What you'll do: Know everything there is to know about Cartrack solutions and how they can solve real customer challenges across different industries. You will help customers develop their tech strategy and be their trusted IoT pro! Translate customer business needs into technical requirement documents that can be understood and implemented by technical teams. Develop compelling ROI evaluations based on customer use cases and requirements Make things happen. You will organize, plan, create and deliver on demonstrations, convincing proof of concepts and implementations. This includes writing scripts that tackle our customer challenges and create a seamless experience when adopting our solutions. Build a strong relationship with your clients and ensure their business grows alongside ours. You will ensure they are successfully onboarded and that our solution becomes a critical part of their operations (including any integrations or up-sell at later stages). Work with our product teams to help innovate new features and solutions that will benefit thousands of businesses. You will help us better understand our customers, their needs and how we can continue to be their favorite technology partner. Develop strong industry knowledge of IoT based outbound operational management and related system integrations Requirements: Minimum of a bachelor’s degree in Engineering, Computer Science, or a STEM field at a tier 1 University. Minimum 3 years’ work experience in pre-sales consultations in software implementation. Excellent communication and presentation skills. You will explain complex tech into simple layman terms that anyone can understand. Understanding of software architecture and next-gen technology (IoT, Computer Vision, AI, Cloud). Strong understanding of APIs. Passionate about making our customers’ lives easier and driven by success Meticulous, organised and well structured.","<p>We are a world-leading smart mobility SaaS company with over 2,000,000 subscribers across 23 countries and we are looking for a <strong>Sales Engineer Balikpapan</strong> to join our team. Our teams are collaborative, vibrant and fast-growing and all team members are empowered with the freedom to influence our business with ideas that drive innovation and efficiency.</p><p><strong>What you'll do:</strong></p><ul><li><p>Know everything there is to know about Cartrack solutions and how they can solve real customer challenges across different industries. You will help customers develop their tech strategy and be their trusted IoT pro!</p></li></ul><ol><li><p>Translate customer business needs into technical requirement documents that can be understood and implemented by technical teams.</p></li><li><p>Develop compelling ROI evaluations based on customer use cases and requirements</p></li></ol><ul><li><p>Make things happen. You will organize, plan, create and deliver on demonstrations, convincing proof of concepts and implementations. This includes writing scripts that tackle our customer challenges and create a seamless experience when adopting our solutions.&nbsp;</p></li><li><p>Build a strong relationship with your clients and ensure their business grows alongside ours. You will ensure they are successfully onboarded and that our solution becomes a critical part of their operations (including any integrations or up-sell at later stages).</p></li><li><p>Work with our product teams to help innovate new features and solutions that will benefit thousands of businesses. You will help us better understand our customers, their needs and how we can continue to be their favorite technology partner.</p></li><li><p>Develop strong industry knowledge of IoT based outbound operational management and related system integrations</p></li></ul><p><strong>Requirements:</strong></p><ul><li><p>Minimum of a bachelor’s degree in Engineering, Computer Science, or a STEM field at a tier 1 University.</p></li><li><p>Minimum 3 years’ work experience in pre-sales consultations in software implementation.</p></li><li><p>Excellent communication and presentation skills. You will explain complex tech into simple layman terms that anyone can understand.</p></li><li><p>Understanding of software architecture and next-gen technology (IoT, Computer Vision, AI, Cloud).</p></li><li><p>Strong understanding of APIs.</p></li><li><p>Passionate about making our customers’ lives easier and driven by success</p></li><li><p>Meticulous, organised and well structured.</p></li></ul><p><br></p>","https://id.jobstreet.com/job/92084337"
"92204230","Planning Manager","PT Adi Bintan Permata","Batam Kota, Riau Islands","Rp 12.500.000 – Rp 15.000.000 per month","Contract/Temp","Construction","Planning & Scheduling","2026-05-19T08:17:21.000Z","PT Adi Bintan Permata adalah perusahaan pengembang properti dan konstruksi di Kota Batam yang telah beroperasi sejak 2008. Kami berkomitmen menghadirkan hunian berkualitas dengan material terbaik, proses kerja yang cepat dan efisien, serta tenaga ahli berpengalaman. Dengan berbagai proyek perumahan strategis, kami terus berinovasi untuk memenuhi kebutuhan masyarakat akan rumah impian yang nyaman dan bernilai investasi tinggi. Saat ini PT Adi Bintan Permata sedang mencari posisi : Planning Manager Tugas dan Tanggung Jawab : Menyusun strategi planning & engineering proyek. Mengembangkan standar desain dan engineering perusahaan. Mengendalikan kesiapan teknis seluruh proyek. Memastikan integrasi desain arsitektur, struktur, dan MEP. Mengontrol pengembangan desain proyek. Menyetujui gambar kerja sebelum pelaksanaan. Memastikan desain sesuai regulasi dan standar konstruksi. Mengontrol revisi desain proyek. Mengontrol penyusunan BoQ dan estimasi biaya proyek. Mengendalikan cost engineering dan efisiensi desain. Melakukan review analisa harga satuan pekerjaan. Mengontrol pekerjaan survey dan topografi proyek. Memastikan data elevasi & pengukuran sesuai desain. Mengintegrasikan data lapangan ke dalam engineering planning. Mengembangkan value engineering proyek. Mengusulkan alternatif material/metode kerja yang efisien. Mengontrol efisiensi desain terhadap biaya konstruksi. Kualifikasi Pendidikan minimal S1 Teknik Sipil/Arsitektur. Pengalaman kerja min. 8–10 tahun di bidang konstruksi/properti (hunian landed, gedung bertingkat, gudang, atau real estate). Menguasai Project Management, estimasi biaya, metode konstruksi, serta time schedule. Mampu membaca gambar teknis (struktur & arsitektur). Menguasai software Microsoft Office, AutoCAD, SAP, ETABS. Memiliki kemampuan leadership, problem solving, komunikasi, dan koordinasi yang baik.. Sehat jasmani dan rohani. Domisili Batam","<p>PT Adi Bintan Permata adalah perusahaan pengembang properti dan konstruksi di Kota Batam yang telah beroperasi sejak 2008. Kami berkomitmen menghadirkan hunian berkualitas dengan material terbaik, proses kerja yang cepat dan efisien, serta tenaga ahli berpengalaman. Dengan berbagai proyek perumahan strategis, kami terus berinovasi untuk memenuhi kebutuhan masyarakat akan rumah impian yang nyaman dan bernilai investasi tinggi. Saat ini PT Adi Bintan Permata sedang mencari posisi :</p><p><strong>Planning Manager</strong></p><p>Tugas dan Tanggung Jawab :</p><ul><li><p>Menyusun strategi planning &amp; engineering proyek.</p></li><li><p>Mengembangkan standar desain dan engineering perusahaan.</p></li><li><p>Mengendalikan kesiapan teknis seluruh proyek.</p></li><li><p>Memastikan integrasi desain arsitektur, struktur, dan MEP.</p></li><li><p>Mengontrol pengembangan desain proyek.</p></li><li><p>Menyetujui gambar kerja sebelum pelaksanaan.</p></li><li><p>Memastikan desain sesuai regulasi dan standar konstruksi.</p></li><li><p>Mengontrol revisi desain proyek.</p></li><li><p>Mengontrol penyusunan BoQ dan estimasi biaya proyek.</p></li><li><p>Mengendalikan cost engineering dan efisiensi desain.</p></li><li><p>Melakukan review analisa harga satuan pekerjaan.</p></li><li><p>Mengontrol pekerjaan survey dan topografi proyek.</p></li><li><p>Memastikan data elevasi &amp; pengukuran sesuai desain.</p></li><li><p>Mengintegrasikan data lapangan ke dalam engineering planning.</p></li><li><p>Mengembangkan value engineering proyek.</p></li><li><p>Mengusulkan alternatif material/metode kerja yang efisien.</p></li><li><p>Mengontrol efisiensi desain terhadap biaya konstruksi.</p></li></ul><p><strong>Kualifikasi</strong></p><ul><li><p>Pendidikan minimal S1 Teknik Sipil/Arsitektur.</p></li><li><p>Pengalaman kerja min. 8–10 tahun di bidang konstruksi/properti (hunian landed, gedung bertingkat, gudang, atau real estate).</p></li><li><p>Menguasai Project Management, estimasi biaya, metode konstruksi, serta time schedule.</p></li><li><p>Mampu membaca gambar teknis (struktur &amp; arsitektur).</p></li><li><p>Menguasai software Microsoft Office, AutoCAD, SAP, ETABS.</p></li><li><p>Memiliki kemampuan leadership, problem solving, komunikasi, dan koordinasi yang baik..</p></li><li><p>Sehat jasmani dan rohani.</p></li><li><p>Domisili Batam</p></li></ul><p><br></p>","https://id.jobstreet.com/job/92204230"
"91924747","Lead Technical Program Manager","Transportation Solutions Indonesia","Kebayoran Lama, Jakarta",,"Full time","Consulting & Strategy","Management & Change Consulting","2026-05-05T15:27:07.000Z","Company Description About Grab and Our Workplace Grab is Southeast Asia's leading superapp. From getting your favourite meals delivered to helping you manage your finances and getting around town hassle-free, we've got your back with everything. In Grab, purpose gives us joy and habits build excellence, while harnessing the power of Technology and AI to deliver the mission of driving Southeast Asia forward by economically empowering everyone, with heart, hunger, honour, and humility. Job Description Get to Know the Team We're a team of passionate, fun-loving and highly-driven individuals with varied backgrounds who come together to support a common mission: enable Grab to deliver faster, better, and more efficiently with every roll out. Largely based in Singapore, our team members are spread across various countries managing multiple initiatives to deliver features that touch the everyday lives of millions of customers across South East Asia through Grab. Get to Know the Role You will manage a portfolio of complex, cross-functional projects from start to finish across a wide range of topics - primarily focused on how Grab serves businesses across SEA. You'll work with stakeholders to plan requirements, identify risks, manage project schedules, and articulate clearly with cross-functional partners across the company. As a TPM you'll be the bridge between various Engineering teams as well as with business teams, by working with people from all parts of Grab's online and offline/operational teams to deliver new features to market that impact the lives of millions of passengers, drivers and merchants every day. Your mission is to accelerate impact, build performing teams, remove inefficiencies, drive effective prioritization and streamline tech processes. You will report to the Senior Technical Program Management Leader, and will be based fully on-site in Jakarta. The Critical Tasks You Will Perform General Program management - manage project timelines, define milestones, track and report progress, identify risks and resolve impediments Work with teams of Engineers, Product Managers, Designers, Analysts and QA to ensure successful program delivery. Lead communication efforts to align multiple engineering organizations on complex programs. Coach teams on multiple delivery frameworks and methodologies best suited to their execution needs Drive roadmap planning and prioritization processes Find ways to help teams and the organization improve how it delivers. Qualifications What Essential Skills You Will Need Min. 5 years experience managing Agile software projects You have a background in project delivery or technical leadership, complemented by strong organizational and interpersonal skills to enable your success in Grab's fast-paced environment. Ability to drive execution and deliver results by communicating effectively with, and influencing, leadership stakeholders and cross-functional teams. Well verse in using AI (Artificial Intelligence) technology Experience working in a dynamic fast moving environment where autonomy and self-decision making and prioritisation is needed. Additional Information Life at Grab We care about your well-being at Grab, here are some of the global benefits we offer: We have your back with Term Life Insurance and comprehensive Medical Insurance. With GrabFlex, create a benefits package that suits your needs and aspirations. Celebrate moments that matter in life with loved ones through Parental and Birthday leave , and give back to your communities through Love-all-Serve-all (LASA) volunteering leave We have a confidential Grabber Assistance Programme to guide and uplift you and your loved ones through life's challenges. Balancing personal commitments and life's demands are made easier with our FlexWork arrangements such as differentiated hours What We Stand For At Grab We are committed to building an inclusive and equitable workplace that provides equal opportunity for Grabbers to grow and perform at their best. We consider all candidates fairly and equally regardless of nationality, ethnicity, race, religion, age, gender, family commitments, physical and mental impairments or disabilities, and other attributes that make them unique.","<div><p>
<strong>Company Description</strong><br>
</p></div>
<div><div>
<p><strong>About Grab and Our Workplace</strong></p>
<p>Grab is Southeast Asia's leading superapp. From getting your favourite meals delivered to helping you manage your finances and getting around town hassle-free, we've got your back with everything. In Grab, purpose gives us joy and habits build excellence, while harnessing the power of Technology and AI to deliver the mission of driving Southeast Asia forward by economically empowering everyone, with heart, hunger, honour, and humility.</p>
</div></div>
<div><p>
<strong>Job Description</strong><br>
</p></div>
<div><div>
<p><strong>Get to Know the Team</strong></p>
<p>We're a team of passionate, fun-loving and highly-driven individuals with varied backgrounds who come together to support a common mission: enable Grab to deliver faster, better, and more efficiently with every roll out. Largely based in Singapore, our team members are spread across various countries managing multiple initiatives to deliver features that touch the everyday lives of millions of customers across South East Asia through Grab.</p>
<p><strong>Get to Know the Role</strong></p>
<p>You will manage a portfolio of complex, cross-functional projects from start to finish across a wide range of topics - primarily focused on how Grab serves businesses across SEA. You'll work with stakeholders to plan requirements, identify risks, manage project schedules, and articulate clearly with cross-functional partners across the company.</p>
<p>As a TPM you'll be the bridge between various Engineering teams as well as with business teams, by working with people from all parts of Grab's online and offline/operational teams to deliver new features to market that impact the lives of millions of passengers, drivers and merchants every day. Your mission is to accelerate impact, build performing teams, remove inefficiencies, drive effective prioritization and streamline tech processes. You will report to the Senior Technical Program Management Leader, and will be based fully on-site in Jakarta.</p>
<p><strong>The Critical Tasks You Will Perform</strong></p>
<ul>
<li>General Program management - manage project timelines, define milestones, track and report progress, identify risks and resolve impediments</li>
<li>Work with teams of Engineers, Product Managers, Designers, Analysts and QA to ensure successful program delivery.</li>
<li>Lead communication efforts to align multiple engineering organizations on complex programs.</li>
<li>Coach teams on multiple delivery frameworks and methodologies best suited to their execution needs</li>
<li>Drive roadmap planning and prioritization processes</li>
<li>Find ways to help teams and the organization improve how it delivers.</li>
</ul>
</div></div>
<div><p>
<strong>Qualifications</strong><br>
</p></div>
<div><div>
<p><strong>What Essential Skills You Will Need</strong></p>
<ul>
<li>Min. 5 years experience managing Agile software projects</li>
<li>You have a background in project delivery or technical leadership, complemented by strong organizational and interpersonal skills to enable your success in Grab's fast-paced environment.</li>
<li>Ability to drive execution and deliver results by communicating effectively with, and influencing, leadership stakeholders and cross-functional teams.</li>
<li>Well verse in using AI (Artificial Intelligence) technology</li>
<li>Experience working in a dynamic fast moving environment where autonomy and self-decision making and prioritisation is needed.</li>
</ul>
</div></div>
<div><p>
<strong>Additional Information</strong><br>
</p></div>
<div><div>
<p><strong>Life at Grab</strong></p>
<p>We care about your well-being at Grab, here are some of the global benefits we offer:</p>
<ul>
<li>We have your back with <strong>Term Life Insurance </strong>and comprehensive <strong>Medical Insurance.</strong>
</li>
<li>With <strong>GrabFlex, </strong>create a benefits package that suits your needs and aspirations.</li>
<li>Celebrate moments that matter in life with loved ones through <strong>Parental</strong> and <strong>Birthday leave</strong>, and give back to your communities through <strong>Love-all-Serve-all (LASA)</strong> volunteering leave</li>
<li>We have a confidential <strong>Grabber Assistance Programme</strong> to guide and uplift you and your loved ones through life's challenges.</li>
<li>Balancing personal commitments and life's demands are made easier with our FlexWork arrangements such as differentiated hours</li>
</ul>
<p><strong>What We Stand For At Grab</strong></p>
<p>We are committed to building an inclusive and equitable workplace that provides equal opportunity for Grabbers to grow and perform at their best. We consider all candidates fairly and equally regardless of nationality, ethnicity, race, religion, age, gender, family commitments, physical and mental impairments or disabilities, and other attributes that make them unique.</p>
</div></div>","https://id.jobstreet.com/job/91924747"
"91905909","Electrical Engineer","Sulfindo Adiusaha","Serang Regency, Banten",,"Full time","Engineering","Electrical/Electronic Engineering","2026-05-05T02:55:46.000Z","About the role We are seeking an experienced Electrical Engineer to join our team at PT Sulfindo Adiusaha. In this critical role, you will be responsible for providing expert technical support and oversight for our electrical work for projects expansion in Kabupaten Serang - Banten. What you'll be doing Check and review to ensure all electric engineering design and material specifications meet and in line with the design basis, documents and drawings are in proper order as per design standard & specifications. Review technical document calculation, drawing and others related electrical of EPC project. Proposed to Technical Manager for approval engineering document, change order, and to act on review and recommendations. Re-view field construction and installation is progressed as per schedule, together with Construction Manager and EPC contractor to develop catch up plan if progress is behind the plan. Ensure the right material/construction method is followed in accordance to local standards & international standards (IEC, NEC, PUIL). Confirm inspections and tests of all electric facilities constructions and installations based on standard applied. Participate in Hazop review and to follow up recommendations are implemented. Do communication and coordination with the Contractor What we're looking for Bachelor or Master Degree in Electrical Engineering from reputable domestic or overseas universities, with GPA Min. 3.0. Familiar with local and international design standards Good knowledge in design, installation and maintenance of electrical system. Knowledgeable in electrical standard and application such as coordination study, hazardous area classification etc. Excellence in design and visualization software such as ETAB and others Excellent in design and project planning software such as MS Projects, Primavera and etc and other related software for maintenance and project. Good managerial ability Reporting & presentation capabilities. Must have at least 10 years work experience in related fields in downstream and upstream oil, gas and petrochemical industries : o Electrical design and installationo Construction supervision o Type & routine test for electrical facility o Project management General Requirements: Fluent in English both oral and written Good communication skill Highly motivated self-starter with technical and personal initiative, result oriented Proven analytical, logic reasoning and problem-solving abilities HSE awareness Quality focus driven by standard and procedure compliance Ability to work effectively and productively within a diverse team Enthusiastic and hard worker, attractive personality and good interpersonal skill Willing to be stationed in Banten_ Indonesia About us We are well established Chemical Manufacturing Company looking for dynamic, motivated and capable individuals to strengthen our fast and expanding business. The company's main goal is to become one of the most prominent and advanced world-class leaders in Chlor-Alkali and Vinyl-Chloride producer in South East Asia with still prioritizing employee's safety and environmental awareness Our team of dedicated professionals is committed to driving excellence and creating a sustainable future. If you're ready to take on this exciting challenge, we encourage you to apply now.","<p><strong>About the role</strong><br><br>We are seeking an experienced Electrical Engineer to join our team at PT Sulfindo Adiusaha. In this critical role, you will be responsible for providing expert technical support and oversight for our electrical work for projects expansion in Kabupaten Serang - Banten.</p><p><br></p><p><strong>What you'll be doing</strong></p><p>Check and review to ensure all electric engineering design&nbsp; and material specifications meet and in line with the design basis, documents and drawings are in proper order as per design standard &amp; specifications. Review technical document calculation, drawing and others related electrical of EPC project. Proposed to Technical Manager for approval engineering document, change order, and to act on review and recommendations. Re-view field construction and installation is progressed as per schedule, together with Construction Manager and EPC contractor to develop catch up plan if progress is behind the plan. Ensure the right material/construction method is followed in accordance to local standards &amp; international standards (IEC, NEC, PUIL). Confirm inspections and tests of all electric facilities constructions and installations based on standard applied. Participate in Hazop review and to follow up recommendations are implemented. Do communication and coordination with the Contractor</p><p><br></p><p><strong>What we're looking for</strong></p><ul><li><p>Bachelor or Master Degree in Electrical Engineering from reputable domestic or overseas universities, with GPA Min. 3.0.</p></li><li><p>Familiar with local and international design standards</p></li><li><p>Good knowledge in design, installation and maintenance of electrical system.</p></li><li><p>Knowledgeable in electrical standard and application such as coordination study, hazardous area classification etc.&nbsp;</p></li><li><p>Excellence in design and visualization software such as ETAB and others</p></li><li><p>Excellent in design and project planning software such as MS Projects, Primavera and etc and other related software for maintenance and project.</p></li><li><p>Good managerial ability</p></li><li><p>Reporting &amp; presentation capabilities.</p></li><li><p>Must have at least 10 years work experience in related fields in downstream and upstream oil, gas and petrochemical industries :</p></li><li><p>o&nbsp;&nbsp; Electrical design and installationo&nbsp;&nbsp; Construction supervision</p></li><li><p>o&nbsp;&nbsp; Type &amp; routine test for electrical facility</p></li><li><p>o&nbsp;&nbsp; Project management</p></li></ul><p><br></p><p><strong>General Requirements:</strong></p><ul><li><p>Fluent in English both oral and written</p></li><li><p>Good communication skill</p></li><li><p>Highly motivated self-starter with technical and personal initiative, result oriented</p></li><li><p>Proven analytical, logic reasoning and problem-solving abilities</p></li><li><p>HSE awareness</p></li><li><p>Quality focus driven by standard and procedure compliance</p></li><li><p>Ability to work effectively and productively within a diverse team</p></li><li><p>Enthusiastic and hard worker, attractive personality and good interpersonal skill</p></li><li><p>Willing to be stationed in Banten_ Indonesia<br></p></li></ul><p><strong>About us</strong><br>We are well established Chemical Manufacturing Company looking for dynamic, motivated and capable individuals to strengthen our fast and expanding business.&nbsp;</p><p>The company's main goal is to become one of the most prominent and advanced world-class leaders in Chlor-Alkali and Vinyl-Chloride producer in South East Asia with still prioritizing employee's safety and environmental awareness<br>Our team of dedicated professionals is committed to driving excellence and creating a sustainable future.</p><p><br></p><p>If you're ready to take on this exciting challenge, we encourage you to apply now.<br></p>","https://id.jobstreet.com/job/91905909"
"92274806","SDET Intern","Global Ticket Network","Jakarta",,"Full time","Information & Communication Technology","Developers/Programmers","2026-05-12T03:35:03.000Z","We think you also hate when travel app is giving you a headache, right? A slight misinformation can ruin the trip. That is exactly what we are tackling as t-fam! Making sure that our 50+ million users have the best experience in crafting their own adventure. Your main duties in flying with us: Should have proficiency with Java programming Participate in requirements review and understand new feature development Assist in designing, implementation and execution of test cases for new and existing features Collaborate with software engineering team on QA/Testing topics Perform our platform testing to uncover flaws within the interface. Update the testing procedure to provide better testing coverage and user experience Contribute to our quality projects, including automation of test cases, with a focus on feature release. Actively participates in agile meetings with product management and development team Communicate technical concepts/issues clearly to internal stakeholders Develop documents and maintain test cases and validation reports. Mandatory belongings that you must prepare: Knowledge of at least one Object oriented programming language. Exposure to testing, Mobile apps or backend. In the event that you haven’t received any updates after 3 weeks, your data will be kept and we may contact you for another career destination. Meanwhile, discover more about tiket.com on Instagram, LinkedIn, or YouTube.","<div><div>
<p>We think you also hate when travel app is giving you a headache, right? A slight misinformation can ruin the trip.</p>
<p>That is exactly what we are tackling as t-fam! Making sure that our 50+ million users have the best experience in crafting their own adventure.</p>
<p><b><b>Your main duties in flying with us:&nbsp;</b></b></p>
<ul>
<li><p>Should have proficiency with Java programming&nbsp;</p></li>
<li><p>Participate in requirements review and understand new feature development</p></li>
<li><p>Assist in designing, implementation and execution of test cases for new and existing features</p></li>
<li><p>Collaborate with software engineering team on QA/Testing topics</p></li>
<li><p>Perform our platform testing to uncover flaws within the interface.</p></li>
<li><p>Update the testing procedure to provide better testing coverage and user experience</p></li>
<li><p>Contribute to our quality projects, including automation of test cases, with a focus on feature release.</p></li>
<li><p>Actively participates in agile meetings with product management and development&nbsp;team</p></li>
<li><p>Communicate technical concepts/issues clearly to internal stakeholders</p></li>
<li><p>Develop documents and maintain test cases and validation reports.&nbsp;</p></li>
</ul>
<p><b><b>Mandatory belongings that you must prepare:</b></b></p>
<ul>
<li><p>Knowledge of at least one Object oriented programming language.</p></li>
<li><p>Exposure to testing, Mobile apps or backend.</p></li>
</ul>
<p>In the event that you haven’t received any updates after 3 weeks, your data will be kept and we may contact you for another career destination. Meanwhile, discover more about tiket.com on Instagram, LinkedIn, or YouTube.<br></p>
</div></div>","https://id.jobstreet.com/job/92274806"
"92390789","Presales Engineer","Arupa Cloud Nusantara","South Jakarta, Jakarta",,"Full time","Information & Communication Technology","Sales - Pre & Post","2026-05-28T10:21:54.000Z","Are you passionate and skilled at understanding and addressing client needs in IT infrastructure solutions? If so, we invite you to join our team at Arupa Cloud Nusantara as a Presales Engineer , only if: You have a strong understanding of cloud IaaS technologies. You excel at planning and delivering product proposals and demonstrations. You enjoy working closely with sales teams and clients to identify and solve their needs. If you meet these criteria and are excited about the opportunity to contribute to our success, we would love to hear from you! Arupa Cloud Nusantara is a cloud-focused technology company delivering modern infrastructure and cloud solutions that help organizations innovate, scale, and operate securely in the digital era. Working with leading global partners such as VMware, Veeam, Zerto, Microsoft, Dell, HP, Supermicro, Nvidia, MinIO, and Red Hat, we bring enterprise-grade technologies to businesses across Indonesia. As part of the Zettagrid partner ecosystem recently recognized by Broadcom as VMware Cloud Service Provider Partner of the Year for Asia Pacific, we operate a powerful cloud platform supporting customers and service providers across the region. Founded in 2017, Arupa Cloud Nusantara continues to grow with a team passionate about building the future of cloud infrastructure. Job Description • Communicate and understand prospect client needs, explore their needs, expand on them, and build tailored solutions. • Plan and deliver product proposals and demonstrations to potential customers to show how our solutions can solve their problems and meet their requirements. • Manage and execute technical workshops and proof of concepts (POCs). • Work closely with the sales team to identify opportunities and provide them with technical support and advice. • Communicate customer needs to the operational team and product team. • Stay up to date with your own product’s technologies and new features as well as competing technologies that might affect your customers. • Train sales teams on new features and competitors. • Create proposals from scratch, present, and explain proposals. Requirement • The role of Presales Engineer is also suitable for those seeking positions in: Solution Architect, Cloud Consultant, Technical Sales, Cloud Architect, Product Manager, Sales Engineer, Implementation Manager, Service Delivery Manager. • University degree in Computer Science, Industrial Engineering, Information Systems, or a related field. • Preferably at least 5 years of experience as a presales engineer for any IaaS platforms. • Experience in cloud providers or system integration (a plus poxint). • Excellent communication and presentation skills with the ability to present technical solutions concisely and interact with users and decision-makers. • Experience and skills in virtualizing VMware (vSphere, NSX, Cloud Director, vSAN, Aria/vRealize, VCF), Openstack, Openshift. • Familiarity with backup and disaster recovery software: Veeam, Zerto, Veritas, Rubrik, Datadomain. • Knowledge of hardware: Dell, HP, Lenovo, Supermicro. • Understanding of network technologies: Cisco, Juniper, Mellanox, Cumulus, Dell, HP. • Passion for diving into technical issues and solving customer problems. • Ability to learn new concepts, technologies, and solve problems. • Ability to work on multiple opportunities and POCs concurrently. • Good proposal writing skills and a good command of the English language. • Having PMP Certification (a plus point) Benefits: Competitive base salary. Annual company bonus based on KPI scoring and company performance. Monthly bonus based on KPI scoring and company performance. Annual rewards trip based on company performance. Full-time permanent employment after a successful contract period. Tunjangan Hari Raya (THR). BPJS Kesehatan and BPJS Ketenagakerjaan. Private health insurance. Training and professional development opportunities. A collaborative and innovative work environment. How to Apply: If this opportunity is calling you and you want to be part of a dynamic team shaping the future of IT in Indonesia, act now by sending in your application along with your cover letter showing why you are the perfect fit for this role, your recent CV, and sales achievements before 30 June 2026 All CVs will be treated with the highest level of confidentiality, and only shortlisted candidates will be contacted.","<p>Are you passionate and skilled at understanding and addressing client needs in IT infrastructure solutions? If so, we invite you to join our team at Arupa Cloud Nusantara as a Presales Engineer<strong>, only if:</strong></p><ul><li><p>You have a strong understanding of cloud IaaS technologies.</p></li><li><p>You excel at planning and delivering product proposals and demonstrations.</p></li><li><p>You enjoy working closely with sales teams and clients to identify and solve their needs.</p></li></ul><p>If you meet these criteria and are excited about the opportunity to contribute to our success, we would love to hear from you!</p><p>Arupa Cloud Nusantara is a cloud-focused technology company delivering modern infrastructure and cloud solutions that help organizations innovate, scale, and operate securely in the digital era. Working with leading global partners such as VMware, Veeam, Zerto, Microsoft, Dell, HP, Supermicro, Nvidia, MinIO, and Red Hat, we bring enterprise-grade technologies to businesses across Indonesia. As part of the Zettagrid partner ecosystem recently recognized by Broadcom as VMware Cloud Service Provider Partner of the Year for Asia Pacific, we operate a powerful cloud platform supporting customers and service providers across the region. Founded in 2017, Arupa Cloud Nusantara continues to grow with a team passionate about building the future of cloud infrastructure.<br><br><strong>Job Description</strong></p><p>• Communicate and understand prospect client needs, explore their needs, expand on them, and build tailored solutions.</p><p>• Plan and deliver product proposals and demonstrations to potential customers to show how our solutions can solve their problems and meet their requirements.</p><p>• Manage and execute technical workshops and proof of concepts (POCs).</p><p>• Work closely with the sales team to identify opportunities and provide them with technical support and advice.</p><p>• Communicate customer needs to the operational team and product team.</p><p>• Stay up to date with your own product’s technologies and new features as well as competing technologies that might affect your customers.</p><p>• Train sales teams on new features and competitors.</p><p>• Create proposals from scratch, present, and explain proposals.</p><p><strong>Requirement</strong><br>• The role of Presales Engineer is also suitable for those seeking positions in: Solution Architect, Cloud Consultant, Technical Sales, Cloud Architect, Product Manager, Sales Engineer, Implementation Manager, Service Delivery Manager.</p><p>• University degree in Computer Science, Industrial Engineering, Information Systems, or a related field.</p><p>• Preferably at least 5 years of experience as a presales engineer for any IaaS platforms.</p><p>• Experience in cloud providers or system integration (a plus poxint).</p><p>• Excellent communication and presentation skills with the ability to present technical solutions concisely and interact with users and decision-makers.</p><p>• Experience and skills in virtualizing VMware (vSphere, NSX, Cloud Director, vSAN, Aria/vRealize, VCF), Openstack, Openshift.</p><p>• Familiarity with backup and disaster recovery software: Veeam, Zerto, Veritas, Rubrik, Datadomain.</p><p>• Knowledge of hardware: Dell, HP, Lenovo, Supermicro.</p><p>• Understanding of network technologies: Cisco, Juniper, Mellanox, Cumulus, Dell, HP.</p><p>• Passion for diving into technical issues and solving customer problems.</p><p>• Ability to learn new concepts, technologies, and solve problems.</p><p>• Ability to work on multiple opportunities and POCs concurrently.</p><p>• Good proposal writing skills and a good command of the English language.</p><p>• Having PMP Certification (a plus point)<br><br><strong>Benefits:</strong></p><ul><li><p>Competitive base salary.</p></li><li><p>Annual company bonus based on KPI scoring and company performance.</p></li><li><p>Monthly bonus based on KPI scoring and company performance.</p></li><li><p>Annual rewards trip based on company performance.</p></li><li><p>Full-time permanent employment after a successful contract period.</p></li><li><p>Tunjangan Hari Raya (THR).</p></li><li><p>BPJS Kesehatan and BPJS Ketenagakerjaan.</p></li><li><p>Private health insurance.</p></li><li><p>Training and professional development opportunities.</p></li><li><p>A collaborative and innovative work environment.</p></li></ul><p><strong>How to Apply:</strong></p><p>If this opportunity is calling you and you want to be part of a dynamic team shaping the future of IT in Indonesia, act now by sending in your application along with your cover letter showing why you are the perfect fit for this role, your recent CV, and sales achievements before <strong>30 June 2026</strong></p><p>All CVs will be treated with the highest level of confidentiality, and only shortlisted candidates will be contacted.</p>","https://id.jobstreet.com/job/92390789"
"91906219","Instrument Engineer","Sulfindo Adiusaha","Serang Regency, Banten",,"Full time","Engineering","Electrical/Electronic Engineering","2026-05-05T03:01:39.000Z","About the role We are seeking an experienced Instrumentation Engineer to join our team at PT Sulfindo Adiusaha. In this critical role, you will be responsible for providing expert technical support and oversight for our instrumentation & control work for projects expansion in Kabupaten Serang - Banten. What you'll be doing Check and review to ensure all instruments engineering design and material specifications meet and in line with the design basis, documents and drawings are in proper order as per design standard & specifications. Review technical document calculation, drawing and others related instruments of EPC project. Proposed to Project Site Manager for design approval, change order, review and recommendations, etc. Re-view field construction and installation is progressed as per schedule, together with Construction Manager and EPC contractor to develop catch up plan if progress is behind the plan. Ensure the right material/construction method is followed in accordance to local & international standards (IEC, ISA). Participate in Hazop review and ensure that follow up recommendations are implemented. Confirm inspections and tests of all piping facilities constructions and installations based on standard applied. Participate in Hazop review and to follow up recommendations are implemented. Do communication and coordination with the Contractor What we're looking for Bachelor or Masters Degree in Instrument Engineering from reputable domestic or overseas universities, with GPA Min. 3.0. Familiar with local and international design standards Good knowledge in design, installation and maintenance of instruments system. Knowledgeable in instrumentation such as instrument selection and sizing, interlock system, logic diagram, etc. Excellence in design and sizing software such as instrucal, specific vendor sizing and calculation software. Excellent in design and project planning software such as MS Projects, Primavera and etc and other related software for maintenance and project. Good managerial ability Reporting & presentation capabilities. Must have at least 10 years work experience in related fields in downstream and upstream oil, gas and petrochemical industries : o Instrumentation design, installation and construction engineer o Construction & installation supervision o Instrument testing and calibration o Project management General Requirements: Fluent in English both oral and written Good communication skill Highly motivated self-starter with technical and personal initiative, result oriented Proven analytical, logic reasoning and problem-solving abilities HSE awareness Quality focus driven by standard and procedure compliance Ability to work effectively and productively within a diverse team Enthusiastic and hard worker, attractive personality and good interpersonal skill Willing to be stationed in Banten_ Indonesia About us We are well established Chemical Manufacturing Company looking for dynamic, motivated and capable individuals to strengthen our fast and expanding business. The company's main goal is to become one of the most prominent and advanced world-class leaders in Chlor-Alkali and Vinyl-Chloride producer in South East Asia with still prioritizing employee's safety and environmental awareness Our team of dedicated professionals is committed to driving excellence and creating a sustainable future. If you're ready to take on this exciting challenge, we encourage you to apply now.","<p><strong>About the role</strong><br><br>We are seeking an experienced Instrumentation &nbsp;Engineer to join our team at PT Sulfindo Adiusaha. In this critical role, you will be responsible for providing expert technical support and oversight for our instrumentation &amp; control work for projects expansion in Kabupaten Serang - Banten.</p><p><br></p><p><strong>What you'll be doing</strong></p><p>Check and review to ensure all instruments engineering design&nbsp; and material specifications meet and in line with the design basis, documents and drawings are in proper order as per design standard &amp; specifications. Review technical document calculation, drawing and others related instruments of EPC project. Proposed to Project Site Manager for design approval, change order, review and recommendations, etc. Re-view field construction and installation is progressed as per schedule, together with Construction Manager and EPC contractor to develop catch up plan if progress is behind the plan. Ensure the right material/construction method is followed in accordance to local &amp; international standards (IEC, ISA). Participate in Hazop review and ensure that follow up recommendations are implemented. Confirm inspections and tests of all piping facilities constructions and installations based on standard applied. Participate in Hazop review and to follow up recommendations are implemented. Do communication and coordination with the Contractor</p><p><br></p><p><strong>What we're looking for</strong></p><ul><li><p>Bachelor or Masters Degree in Instrument Engineering from reputable domestic or overseas universities, with GPA Min. 3.0.</p></li><li><p>Familiar with local and international design standards</p></li><li><p>Good knowledge in design, installation and maintenance of instruments system.</p></li><li><p>Knowledgeable in instrumentation such as instrument selection and sizing, interlock system, logic diagram, etc. &nbsp;</p></li><li><p>Excellence in design and sizing software such as instrucal, specific vendor sizing and calculation software.</p></li><li><p>Excellent in design and project planning software such as MS Projects, Primavera and etc and other related software for maintenance and project.</p></li><li><p>Good managerial ability</p></li><li><p>Reporting &amp; presentation capabilities.</p></li><li><p>Must have at least 10 years work experience in related fields in downstream and upstream oil, gas and petrochemical industries :</p></li></ul><p>o&nbsp;&nbsp; Instrumentation design, installation and construction engineer</p><p>o&nbsp;&nbsp; Construction &amp; installation supervision</p><p>o&nbsp;&nbsp; Instrument testing and calibration</p><p>o&nbsp;&nbsp; Project management</p><p><br></p><p><strong>General Requirements:</strong></p><ul><li><p>Fluent in English both oral and written</p></li><li><p>Good communication skill</p></li><li><p>Highly motivated self-starter with technical and personal initiative, result oriented</p></li><li><p>Proven analytical, logic reasoning and problem-solving abilities</p></li><li><p>HSE awareness</p></li><li><p>Quality focus driven by standard and procedure compliance</p></li><li><p>Ability to work effectively and productively within a diverse team</p></li><li><p>Enthusiastic and hard worker, attractive personality and good interpersonal skill</p></li><li><p>Willing to be stationed in Banten_ Indonesia</p></li></ul><p><br></p><p><strong>About us</strong><br>We are well established Chemical Manufacturing Company looking for dynamic, motivated and capable individuals to strengthen our fast and expanding business.&nbsp;</p><p>The company's main goal is to become one of the most prominent and advanced world-class leaders in Chlor-Alkali and Vinyl-Chloride producer in South East Asia with still prioritizing employee's safety and environmental awareness<br>Our team of dedicated professionals is committed to driving excellence and creating a sustainable future.</p><p><br></p><p>If you're ready to take on this exciting challenge, we encourage you to apply now.</p><p><br></p>","https://id.jobstreet.com/job/91906219"
"92208768","CAD Operator","Manggala Pratama Jaya Construction","Jakarta",,"Full time","Engineering","Engineering Drafting","2026-05-19T11:19:15.000Z","Job Description Membuat dan merevisi gambar kerja teknik menggunakan software CAD Menyiapkan shop drawing, as-built drawing, dan detail drawing sesuai kebutuhan proyek Berkoordinasi dengan tim engineering, site, dan project untuk memastikan akurasi gambar Memastikan gambar sesuai dengan standar teknis dan spesifikasi proyek Mengelola dokumentasi drawing serta melakukan update revisi secara berkala Membantu proses drafting untuk pekerjaan sipil, arsitektur, struktur, atau MEP sesuai kebutuhan proyek Melakukan pengecekan detail ukuran, skala, dan spesifikasi pada gambar kerja Requirements Minimal S1 Teknik Gambar Bangunan, Teknik Sipil, Arsitektur, atau jurusan terkait Memiliki pengalaman minimal 3 tahun sebagai CAD Operator Menguasai software AutoCAD wajib Menguasai software drafting tambahan seperti Civil 3D, Revit, SketchUp, atau MicroStation menjadi nilai tambah Memahami gambar teknik dan standar drafting Memiliki ketelitian tinggi dan mampu bekerja sesuai deadline Bersedia ditempatkan di site/project office jika diperlukan","<h2>Job Description</h2><ul><li><p>Membuat dan merevisi gambar kerja teknik menggunakan software CAD</p></li><li><p>Menyiapkan shop drawing, as-built drawing, dan detail drawing sesuai kebutuhan proyek</p></li><li><p>Berkoordinasi dengan tim engineering, site, dan project untuk memastikan akurasi gambar</p></li><li><p>Memastikan gambar sesuai dengan standar teknis dan spesifikasi proyek</p></li><li><p>Mengelola dokumentasi drawing serta melakukan update revisi secara berkala</p></li><li><p>Membantu proses drafting untuk pekerjaan sipil, arsitektur, struktur, atau MEP sesuai kebutuhan proyek</p></li><li><p>Melakukan pengecekan detail ukuran, skala, dan spesifikasi pada gambar kerja</p></li></ul><h2>Requirements</h2><ul><li><p>Minimal S1 Teknik Gambar Bangunan, Teknik Sipil, Arsitektur, atau jurusan terkait</p></li><li><p>Memiliki pengalaman minimal 3 tahun sebagai CAD Operator</p></li><li><p>Menguasai software AutoCAD wajib</p></li><li><p>Menguasai software drafting tambahan seperti Civil 3D, Revit, SketchUp, atau MicroStation menjadi nilai tambah</p></li><li><p>Memahami gambar teknik dan standar drafting</p></li><li><p>Memiliki ketelitian tinggi dan mampu bekerja sesuai deadline</p></li><li><p>Bersedia ditempatkan di site/project office jika diperlukan</p></li></ul><p><br></p>","https://id.jobstreet.com/job/92208768"
"92464561","Electrical Design Engineer","Agung Sedayu Group","North Jakarta, Jakarta",,"Full time","Engineering","Electrical/Electronic Engineering","2026-06-02T07:47:06.000Z","Kualifikasi: Minimal S1 Teknik Elektro Memiliki pengalaman kerja minimal 2–3 tahun di perusahaan developer, konsultan MEP, atau kontraktor infrastruktur. Berpengalaman menangani proyek kawasan perumahan (residential/township), mulai dari tahap perencanaan, konstruksi, as built drawing, hingga proses serah terima ke PLN. Memahami perancangan sistem distribusi tenaga listrik, perhitungan beban listrik, sistem proteksi, gardu distribusi, dan penerangan jalan umum (PJU). Mahir menggunakan AutoCAD (2D/3D) serta software pendukung desain kelistrikan seperti ETAP dan/atau DIALux. Memahami standar kelistrikan yang berlaku, termasuk PUIL dan standar PLN (SPLN). Mampu menyusun RAB pekerjaan kelistrikan secara akurat Memiliki kemampuan koordinasi dan komunikasi yang baik dengan PLN, konsultan, kontraktor, serta tim internal proyek. Memiliki sertifikasi profesi di bidang ketenagalistrikan menjadi nilai tambah. Tanggung Jawab: Merancang dan mengembangkan sistem kelistrikan untuk proyek kawasan perumahan dan infrastruktur township Menyusun perhitungan beban listrik, desain jaringan distribusi listrik, sistem proteksi, serta penerangan jalan umum (PJU). Membuat gambar kerja, spesifikasi teknis, dan dokumen pendukung desain kelistrikan. Melakukan koordinasi teknis dan pengurusan dokumen terkait kebutuhan proyek dengan PLN Memastikan seluruh desain kelistrikan sesuai dengan standar, regulasi, dan spesifikasi proyek yang berlaku Berkolaborasi dengan tim Civil Engineer, Urban Planner, serta pihak terkait lainnya dalam proses perencanaan dan pengembangan proyek. Mendukung pelaksanaan proyek mulai dari tahap perencanaan, konstruksi, pengawasan instalasi, hingga proses serah terima. Melakukan monitoring dan evaluasi pelaksanaan pekerjaan kelistrikan untuk memastikan kesesuaian dengan desain, kualitas, dan target waktu proyek.","<p><strong>Kualifikasi:</strong></p><ul><li><p>Minimal S1 Teknik Elektro</p></li><li><p>Memiliki pengalaman kerja minimal 2–3 tahun di perusahaan developer, konsultan MEP, atau kontraktor infrastruktur.</p></li><li><p>Berpengalaman menangani proyek kawasan perumahan (residential/township), mulai dari tahap perencanaan, konstruksi, as built drawing, hingga proses serah terima ke PLN.</p></li><li><p>Memahami perancangan sistem distribusi tenaga listrik, perhitungan beban listrik, sistem proteksi, gardu distribusi, dan penerangan jalan umum (PJU).</p></li><li><p>Mahir menggunakan AutoCAD (2D/3D) serta software pendukung desain kelistrikan seperti ETAP dan/atau DIALux.</p></li><li><p>Memahami standar kelistrikan yang berlaku, termasuk PUIL dan standar PLN (SPLN).</p></li><li><p>Mampu menyusun RAB pekerjaan kelistrikan secara akurat</p></li><li><p>Memiliki kemampuan koordinasi dan komunikasi yang baik dengan PLN, konsultan, kontraktor, serta tim internal proyek.</p></li><li><p>Memiliki sertifikasi profesi di bidang ketenagalistrikan menjadi nilai tambah.</p></li></ul><p><strong>Tanggung Jawab:</strong></p><ul><li><p>Merancang dan mengembangkan sistem kelistrikan untuk proyek kawasan perumahan dan infrastruktur township</p></li><li><p>Menyusun perhitungan beban listrik, desain jaringan distribusi listrik, sistem proteksi, serta penerangan jalan umum (PJU).</p></li><li><p>Membuat gambar kerja, spesifikasi teknis, dan dokumen pendukung desain kelistrikan.</p></li><li><p>Melakukan koordinasi teknis dan pengurusan dokumen terkait kebutuhan proyek dengan PLN</p></li><li><p>Memastikan seluruh desain kelistrikan sesuai dengan standar, regulasi, dan spesifikasi proyek yang berlaku</p></li><li><p>Berkolaborasi dengan tim Civil Engineer, Urban Planner, serta pihak terkait lainnya dalam proses perencanaan dan pengembangan proyek.</p></li><li><p>Mendukung pelaksanaan proyek mulai dari tahap perencanaan, konstruksi, pengawasan instalasi, hingga proses serah terima.</p></li><li><p>Melakukan monitoring dan evaluasi pelaksanaan pekerjaan kelistrikan untuk memastikan kesesuaian dengan desain, kualitas, dan target waktu proyek.</p></li></ul><p><br></p>","https://id.jobstreet.com/job/92464561"
"92114359","System Architect","BFI Finance Indonesia","Tangerang District, Banten",,"Full time","Information & Communication Technology","Engineering - Software","2026-05-14T06:50:29.000Z","Job Description The technology lead is responsible for product architecture decisions. He or she values simplicity and does not hesitate to challenge technical constraints and procedures to achieve agile development. He or she works closely with the rest of the team to design a modular and scalable solution that adapts to future designs and architectural changes. He or she drives the team's engineering practices in a development environment based on testing, continuous integration and automated deployment. The leader is a hands-on team member who seeks to be a mentor and coach for the different team members Design the overall technological architecture of the product Guiding project teams in terms of technology strategy Responsible for the technical design of the product Develop the design and technical roadmap of the product together with the PO Act as a mentor and coach for the technical team, especially during code reviews Actively participate in coding to help the team develop a solution and solve problems that arise Identify and remove technical impediments Constantly seek new ways to solve technical problems and design solutions, without fear of challenging the status quo Provide the team with an action plan to implement software engineering practices and improve code quality Responsible for establishing the long-term vision for technology and architecture Responsible for understanding global best practices and adapting them to the product Maintain relationships with suppliers relevant to the technological functioning of the product Minimum Qualifications 10+ Years of experience as a senior engineer / tech lead guiding more than 3 team members Worked in agile environment and has good grasp of agile cadence PolyEngineer with experience in 2 of: Frontend (React, Angular or Flutter) Backend (SpringBoot, .NetCore or Express) Data Analysis (Pandas, Gnu R or Spider) DevOps (Jenkins, Gitlab pipelines or CircleCI) Infrastructure and networking (VMware, AWS or AliCloud) Proven track record to lead a team to build and ship a products Good knowledge about application security and authentication mechanisms Excellent knowledge about code quality metrics Live by and implement software Design Patterns Comfortable to produce and debate architecture designs Knowledge in Financial Industry and Jira & Confluence are bonus","<strong>Job Description</strong><br><ul>
 <li>The technology lead is responsible for product architecture decisions. He or she values simplicity and does not hesitate to challenge technical constraints and procedures to achieve agile development. He or she works closely with the rest of the team to design a modular and scalable solution that adapts to future designs and architectural changes. He or she drives the team's engineering practices in a development environment based on testing, continuous integration and automated deployment. The leader is a hands-on team member who seeks to be a mentor and coach for the different team members</li>
 <li>Design the overall technological architecture of the product</li>
 <li>Guiding project teams in terms of technology strategy</li>
 <li>Responsible for the technical design of the product</li>
 <li>Develop the design and technical roadmap of the product together with the PO</li>
 <li>Act as a mentor and coach for the technical team, especially during code reviews</li>
 <li>Actively participate in coding to help the team develop a solution and solve problems that arise</li>
 <li>Identify and remove technical impediments</li>
 <li>Constantly seek new ways to solve technical problems and design solutions, without fear of challenging the status quo</li>
 <li>Provide the team with an action plan to implement software engineering practices and improve code quality</li>
 <li>Responsible for establishing the long-term vision for technology and architecture</li>
 <li>Responsible for understanding global best practices and adapting them to the product</li>
 <li>Maintain relationships with suppliers relevant to the technological functioning of the product</li>
</ul>
<strong>Minimum Qualifications</strong><br><ul>
 <li>10+ Years of experience as a senior engineer / tech lead guiding more than 3 team members</li>
 <li>Worked in agile environment and has good grasp of agile cadence</li>
 <li>PolyEngineer with experience in 2 of:</li>
 <li>Frontend (React, Angular or Flutter)</li>
 <li>Backend (SpringBoot, .NetCore or Express)</li>
 <li>Data Analysis (Pandas, Gnu R or Spider)</li>
 <li>DevOps (Jenkins, Gitlab pipelines or CircleCI)</li>
 <li>Infrastructure and networking (VMware, AWS or AliCloud)</li>
 <li>Proven track record to lead a team to build and ship a products</li>
 <li>Good knowledge about application security and authentication mechanisms</li>
 <li>Excellent knowledge about code quality metrics</li>
 <li>Live by and implement software Design Patterns</li>
 <li>Comfortable to produce and debate architecture designs</li>
 <li>Knowledge in Financial Industry and Jira &amp; Confluence are bonus</li>
</ul>","https://id.jobstreet.com/job/92114359"
"92409822","MEP Engineer (Mechanical, Electrical, Plumbing) (OR26-05)","PT Sun Karya Indonesia","Jakarta","Rp 7.000.000 – Rp 10.000.000 per month","Full time","Engineering","Mechanical Engineering","2026-05-29T06:24:27.000Z","DESKRIPSI PEKERJAAN : Menghitung kebutuhan daya instalasi MEP sesuai standar proyek. Menghitung wiring AC, mengihtung kebutuhan material MEP. Mengawasi pekerjaan lapangan, termasuk sistem mekanik, listrik, perpipaan, HVAC, dan proteksi kebakaran. Berkoordinasi dengan arsitek, insinyur struktur, dan konsultan untuk integrasi sistem. Mendukung pengujian, komisioning, dan serah terima sistem MEP. Memverifikasi material dan memastikan kepatuhan terhadap spesifikasi. REQUIREMENTS : Gelar Teknik Elektro, Teknik Mesin (D3/S1). Berpengalaman minimal 3-5 tahun. Pemahaman yang kuat tentang sistem MEP dan gambar teknik. Sangat termotivasi untuk belajar dan berkembang di bidang konstruksi. Bersedia ditugaskan ke lokasi proyek dan nyaman dengan kondisi lapangan (termasuk tugas yang membutuhkan ketelitian dan daya tahan fisik). Bersedia bekerja shift malam atau mengunjungi lokasi proyek sesuai kebutuhan pengawasan proyek. Menguasai software autocad, dapat mengambar diagram wiring.","<p><strong>DESKRIPSI PEKERJAAN :</strong></p><ul><li><p>Menghitung kebutuhan daya instalasi MEP sesuai standar proyek.</p></li><li><p>Menghitung wiring AC, mengihtung kebutuhan material MEP.</p></li><li><p>Mengawasi pekerjaan lapangan, termasuk sistem mekanik, listrik, perpipaan, HVAC, dan proteksi kebakaran.</p></li><li><p>Berkoordinasi dengan arsitek, insinyur struktur, dan konsultan untuk integrasi sistem.</p></li><li><p>Mendukung pengujian, komisioning, dan serah terima sistem MEP.</p></li><li><p>Memverifikasi material dan memastikan kepatuhan terhadap spesifikasi.</p></li></ul><p><br></p><p><strong>REQUIREMENTS :</strong></p><ul><li><p>Gelar Teknik Elektro, Teknik Mesin (D3/S1).</p></li><li><p>Berpengalaman minimal 3-5 tahun.</p></li><li><p>Pemahaman yang kuat tentang sistem MEP dan gambar teknik.</p></li><li><p>Sangat termotivasi untuk belajar dan berkembang di bidang konstruksi.</p></li><li><p>Bersedia ditugaskan ke lokasi proyek dan nyaman dengan kondisi lapangan (termasuk tugas yang membutuhkan ketelitian dan daya tahan fisik).</p></li><li><p>Bersedia bekerja shift malam atau mengunjungi lokasi proyek sesuai kebutuhan pengawasan proyek.</p></li><li><p>Menguasai software autocad, dapat mengambar diagram wiring.</p></li></ul><p><br></p>","https://id.jobstreet.com/job/92409822"
"91991936","Senior Delivery Engineer (Fixed Wireless Access Solutions)","MatchaTalent","Jakarta",,"Full time","Information & Communication Technology","Telecommunications","2026-05-08T04:06:59.000Z","Basic Information: Location: Jakarta Selatan Industry: Information Communication Technology (ICT) Function: Solution Delivery & After Sales Level: Senior Specialist or Senior Engineer (Single Contributor to become Team Leader) Department: Delivery & Service - Network Technology Working Arrangement: WFO Working Hours: Monday to Friday, 08:00 - 17:00 Benefits: Basic Salary, BPJS Kesehatan, BPJS Ketenagakerjaan, THR, Medical Insurance, Transportation Allowance, Parking Allowance, Annual Bonus (at least 3x), etc. Client Overview: Our client was founded in 1987 and headquartered in Shenzhen, China. It is a preeminent global provider of information and communications technology (ICT) infrastructure and smart devices, and the world’s largest telecommunications equipment manufacturer and a major innovator in 5G, cloud computing, and AI. It operates in more than 170 countries with a global workforce of over 207,000. The company’s excellence is consistently recognized worldwide, ranking as a Top 10 Global Employer. The company continues to lead the industry in R&D investment, focusing on building a fully connected, intelligent world while prioritizing ""Tech for a Better Planet."" This global commitment includes a heavy emphasis on Green ICT, driving the shift toward sustainable digital power technologies and innovative solar energy solutions to significantly reduce global carbon footprints. Job Role: The Senior Delivery Engineer is responsible for the end-to-end technical leadership of FWA (Fixed Wireless Access) and FTTx solutions within the ISP sector. In this role, you serve as the primary technical architect and liaison for high-value enterprise accounts, such as the Surge or Astra groups. You are responsible for ensuring that the ""last-mile"" wireless connectivity of FWA is seamlessly integrated with robust backend infrastructures. This involves managing the complexity of IP RAN backbone networks and deploying advanced protocols like MPLS and SRv6 to guarantee high-performance data transport from base stations to the core network. Beyond physical delivery, you will drive the integration of software-defined technologies to enhance service value for enterprise clients. This includes designing and overseeing SD-WAN and SDN architectures that utilize VXLAN and NCE-x to provide customers with intelligent traffic management and secure campus connectivity. You will act as a strategic problem-solver, conducting rigorous solution reviews to identify delivery risks, leading cross-domain teams to resolve critical technical issues, and using proactive network monitoring to identify new business opportunities that enhance long-term customer satisfaction. Key Responsibilities: Technical Solution Management: Lead technical communication and coordination with key accounts in the large enterprise industry, specifically focusing on Surge or Astra customer groups and ISP Fiber star. Technical Risk Management: Conduct rigorous solution reviews to identify service delivery risks. Proactively organize product engineers to address customer business pain points and provide rapid, effective solutions. Issue Handling & Coordination: Navigate complex issue-handling processes, leading cross-functional efforts across various product domains to ensure quick and successful resolution of technical challenges. Service Value Demonstration: Leverage pre-sales support and proactive network monitoring to identify growth opportunities and enhance overall customer satisfaction and loyalty. Candidate Requirements: Education & Certification Minimum Bachelor’s Degree in Electrical Engineering, Computer Science, or other ICT-related majors. Certifications: High-level professional certifications such as HCIE or CCIE are highly preferred. Experience Experienced Engineer who has been in Solution Delivery roles for at least 5 years, within the ICT or ISP industry. Product & Technical Expertise Technical Architecture: Proven capability in designing technical solution architectures and a track record of delivering high-stakes, key projects. Domain Expertise: Hands-on and direct experience with IP RAN solutions for backbone networks, SDN for data centers, and WLAN, SD-WAN, and Firewall products for campus environments as crucial components in Fixed Wireless Access. Protocol Proficiency: Professional proficiency in core technologies, including MPLS, SRv6, VXLAN, and NCE-x. Professional Qualities Strong communication skills and the ability to work effectively under pressure (stress resistance). Experience in team management and leading technical experts, demonstrating seniority and technical maturity. Strong analytical mindset, solution-driven, collaborative, and adaptive to a fast-paced environment. Language Skills Professional fluency in English, both written and spoken.","<h2><strong>Basic Information:</strong></h2><ul><li><p>Location: Jakarta Selatan</p></li><li><p>Industry: Information Communication Technology (ICT)</p></li><li><p>Function: Solution Delivery &amp; After Sales</p></li><li><p>Level: Senior Specialist or Senior Engineer (Single Contributor to become Team Leader)</p></li><li><p>Department: Delivery &amp; Service - Network Technology</p></li><li><p>Working Arrangement: WFO</p></li><li><p>Working Hours: Monday to Friday, 08:00 - 17:00</p></li><li><p>Benefits: Basic Salary, BPJS Kesehatan, BPJS Ketenagakerjaan, THR, Medical Insurance, Transportation Allowance, Parking Allowance, Annual Bonus (at least 3x), etc.</p></li></ul><hr><h2><strong>Client Overview:</strong></h2><p>Our client was founded in 1987 and headquartered in Shenzhen, China. It is a preeminent global provider of information and communications technology (ICT) infrastructure and smart devices, and the world’s largest telecommunications equipment manufacturer and a major innovator in 5G, cloud computing, and AI.</p><p>It operates in more than 170 countries with a global workforce of over 207,000. The company’s excellence is consistently recognized worldwide, ranking as a Top 10 Global Employer.</p><p>The company continues to lead the industry in R&amp;D investment, focusing on building a fully connected, intelligent world while prioritizing ""Tech for a Better Planet."" This global commitment includes a heavy emphasis on Green ICT, driving the shift toward sustainable digital power technologies and innovative solar energy solutions to significantly reduce global carbon footprints.</p><hr><h2><strong>Job Role:</strong></h2><p>The Senior Delivery Engineer is responsible for the end-to-end technical leadership of FWA (Fixed Wireless Access) and FTTx solutions within the ISP sector. In this role, you serve as the primary technical architect and liaison for high-value enterprise accounts, such as the Surge or Astra groups. You are responsible for ensuring that the ""last-mile"" wireless connectivity of FWA is seamlessly integrated with robust backend infrastructures. This involves managing the complexity of IP RAN backbone networks and deploying advanced protocols like MPLS and SRv6 to guarantee high-performance data transport from base stations to the core network.</p><p>Beyond physical delivery, you will drive the integration of software-defined technologies to enhance service value for enterprise clients. This includes designing and overseeing SD-WAN and SDN architectures that utilize VXLAN and NCE-x to provide customers with intelligent traffic management and secure campus connectivity. You will act as a strategic problem-solver, conducting rigorous solution reviews to identify delivery risks, leading cross-domain teams to resolve critical technical issues, and using proactive network monitoring to identify new business opportunities that enhance long-term customer satisfaction.</p><hr><h2>Key Responsibilities:</h2><ul><li><p>Technical Solution Management: Lead technical communication and coordination with key accounts in the large enterprise industry, specifically focusing on Surge or Astra customer groups and ISP Fiber star.</p></li><li><p>Technical Risk Management: Conduct rigorous solution reviews to identify service delivery risks. Proactively organize product engineers to address customer business pain points and provide rapid, effective solutions.</p></li><li><p>Issue Handling &amp; Coordination: Navigate complex issue-handling processes, leading cross-functional efforts across various product domains to ensure quick and successful resolution of technical challenges.</p></li><li><p>Service Value Demonstration: Leverage pre-sales support and proactive network monitoring to identify growth opportunities and enhance overall customer satisfaction and loyalty.</p></li></ul><hr><h2><strong>Candidate Requirements:</strong></h2><h2><strong>Education &amp; Certification</strong></h2><ul><li><p>Minimum Bachelor’s Degree in Electrical Engineering, Computer Science, or other ICT-related majors.</p></li><li><p>Certifications: High-level professional certifications such as HCIE or CCIE are highly preferred.</p></li></ul><h2><strong>Experience</strong></h2><ul><li><p>Experienced Engineer who has been in Solution Delivery roles for at least 5 years, within the ICT or ISP industry.</p></li></ul><h2><strong>Product &amp; Technical Expertise</strong></h2><ul><li><p>Technical Architecture: Proven capability in designing technical solution architectures and a track record of delivering high-stakes, key projects.</p></li><li><p>Domain Expertise: Hands-on and direct experience with IP RAN solutions for backbone networks, SDN for data centers, and WLAN, SD-WAN, and Firewall products for campus environments as crucial components in Fixed Wireless Access.</p></li><li><p>Protocol Proficiency: Professional proficiency in core technologies, including MPLS, SRv6, VXLAN, and NCE-x.</p></li></ul><h2><strong>Professional Qualities</strong></h2><ul><li><p>Strong communication skills and the ability to work effectively under pressure (stress resistance).</p></li><li><p>Experience in team management and leading technical experts, demonstrating seniority and technical maturity.</p></li><li><p>Strong analytical mindset, solution-driven, collaborative, and adaptive to a fast-paced environment.</p></li></ul><h2><strong>Language Skills</strong></h2><p>Professional fluency in English, both written and spoken.</p>","https://id.jobstreet.com/job/91991936"
"91987209","Project Engineer","Microchem","Bali","Rp 3.500.000 – Rp 4.500.000 per month","Contract/Temp","Engineering","Project Engineering","2026-05-15T04:08:26.000Z","Gambaran Umum Pekerjaan Kami sedang mencari Project Engineer untuk bergabung dengan tim kami di PT Microchem Indonesia . Sebagai Project Engineer , Anda akan memainkan peran penting dalam merancang, mengkoordinasikan, dan mengawasi proyek-proyek teknik di perusahaan kami. Posisi ini membutuhkan pengalaman yang terbukti dalam manajemen proyek di lingkungan industri proyek yang dinamis. Tanggung Jawab Utama Merencanakan, menjadwalkan, dan mengelola berbagai proyek teknik dari awal hingga akhir. Menganalisis kebutuhan klien dan mengembangkan solusi teknis yang inovatif untuk memenuhi tujuan proyek. Mengoordinasikan tim proyek, termasuk vendor dan kontraktor, untuk memastikan penyelesaian proyek tepat waktu dan sesuai anggaran. Memantau kemajuan proyek, mengidentifikasi dan mengatasi masalah, serta membuat laporan status rutin. Memberikan dukungan teknis dan konsultasi kepada pelanggan selama seluruh siklus hidup proyek. Mengoptimalkan proses dan prosedur untuk meningkatkan efisiensi dan produktivitas. Keterampilan, Kualifikasi, dan Pengalaman yang Dibutuhkan Gelar sarjana dalam Teknik Industri, Teknik Manajemen, atau bidang teknis terkait. Minimal 2 tahun pengalaman sebagai Project Engineer atau dalam peran manajemen proyek serupa di industri manufaktur. Kemampuan yang terbukti dalam perencanaan, penjadwalan, dan kontrol proyek dengan menggunakan alat-alat manajemen proyek. Pemahaman yang baik tentang proses produksi manufaktur, desain produk, dan integrasi sistem. Keterampilan komunikasi yang kuat, baik lisan maupun tertulis, untuk berinteraksi dengan berbagai pemangku kepentingan. mampu mengaplikasikan software design AutoCad, Sketchup, SolidWorks atau sejenisnya Kemampuan untuk bekerja di bawah tekanan dan memenuhi tenggat waktu yang ketat. Pengetahuan tentang peraturan dan standar industri yang relevan. Dapat Bergabung SEGERA Manfaat Utama Perusahaan Asuransi kesehatan dan manfaat lainnya yang mencakup keluarga Anda. Lingkungan kerja yang kolaboratif dan inovatif yang mendorong kreativitas dan inisiatif. Peluang untuk bekerja dengan tim multidisiplin di berbagai proyek yang menantang. Tentang PT Microchem Indonesia PT Microchem Indonesia adalah pemimpin pasar dalam penyediaan solusi kimia terintegrasi untuk industri HVAC di Indonesia. Kami telah membangun reputasi yang kuat sebagai mitra terpercaya bagi klien kami dalam memaksimalkan efisiensi dan produktivitas operasional. Kami berkomitmen untuk terus berinovasi dan memberikan solusi yang inovatif untuk menghadapi tantangan industri yang semakin kompleks. Jika Anda tertarik dengan peran ini dan memiliki keterampilan serta pengalaman yang sesuai, jangan ragu untuk melamar sekarang.","<p><strong>Gambaran Umum Pekerjaan</strong><br>Kami sedang mencari <strong>Project Engineer</strong> untuk bergabung dengan tim kami di <strong>PT Microchem Indonesia</strong>. Sebagai <strong>Project Engineer</strong>, Anda akan memainkan peran penting dalam merancang, mengkoordinasikan, dan mengawasi proyek-proyek teknik di perusahaan kami. Posisi ini membutuhkan pengalaman yang terbukti dalam manajemen proyek di lingkungan industri proyek yang dinamis.</p><p><strong>Tanggung Jawab Utama</strong></p><ul><li><p>Merencanakan, menjadwalkan, dan mengelola berbagai proyek teknik dari awal hingga akhir.</p></li><li><p>Menganalisis kebutuhan klien dan mengembangkan solusi teknis yang inovatif untuk memenuhi tujuan proyek.</p></li><li><p>Mengoordinasikan tim proyek, termasuk vendor dan kontraktor, untuk memastikan penyelesaian proyek tepat waktu dan sesuai anggaran.</p></li><li><p>Memantau kemajuan proyek, mengidentifikasi dan mengatasi masalah, serta membuat laporan status rutin.</p></li><li><p>Memberikan dukungan teknis dan konsultasi kepada pelanggan selama seluruh siklus hidup proyek.</p></li><li><p>Mengoptimalkan proses dan prosedur untuk meningkatkan efisiensi dan produktivitas.</p></li></ul><p><strong>Keterampilan, Kualifikasi, dan Pengalaman yang Dibutuhkan</strong></p><ul><li><p>Gelar sarjana dalam Teknik Industri, Teknik Manajemen, atau bidang teknis terkait.</p></li><li><p>Minimal 2 tahun pengalaman sebagai <strong>Project Engineer</strong> atau dalam peran manajemen proyek serupa di industri manufaktur.</p></li><li><p>Kemampuan yang terbukti dalam perencanaan, penjadwalan, dan kontrol proyek dengan menggunakan alat-alat manajemen proyek.</p></li><li><p>Pemahaman yang baik tentang proses produksi manufaktur, desain produk, dan integrasi sistem.</p></li><li><p>Keterampilan komunikasi yang kuat, baik lisan maupun tertulis, untuk berinteraksi dengan berbagai pemangku kepentingan.</p></li><li><p>mampu mengaplikasikan software design AutoCad, Sketchup, SolidWorks atau sejenisnya</p></li><li><p>Kemampuan untuk bekerja di bawah tekanan dan memenuhi tenggat waktu yang ketat.</p></li><li><p>Pengetahuan tentang peraturan dan standar industri yang relevan.</p></li><li><p><strong>Dapat Bergabung SEGERA</strong></p></li></ul><p><strong>Manfaat Utama Perusahaan</strong></p><ul><li><p>Asuransi kesehatan dan manfaat lainnya yang mencakup keluarga Anda.</p></li><li><p>Lingkungan kerja yang kolaboratif dan inovatif yang mendorong kreativitas dan inisiatif.</p></li><li><p>Peluang untuk bekerja dengan tim multidisiplin di berbagai proyek yang menantang.</p></li></ul><p><strong>Tentang PT Microchem Indonesia</strong><br>PT Microchem Indonesia adalah pemimpin pasar dalam penyediaan solusi kimia terintegrasi untuk industri HVAC di Indonesia. Kami telah membangun reputasi yang kuat sebagai mitra terpercaya bagi klien kami dalam memaksimalkan efisiensi dan produktivitas operasional. Kami berkomitmen untuk terus berinovasi dan memberikan solusi yang inovatif untuk menghadapi tantangan industri yang semakin kompleks.</p><p><br>Jika Anda tertarik dengan peran ini dan memiliki keterampilan serta pengalaman yang sesuai, jangan ragu untuk melamar sekarang.</p><p><br></p>","https://id.jobstreet.com/job/91987209"
"92273712","Production Engineer","WIK Group","Batam Kota, Riau Islands",,"Full time","Engineering","Process Engineering","2026-05-22T03:27:02.000Z","Production Engineer We are seeking an experienced and highly skilled Production Engineer to join our team. The ideal candidate will play a crucial role in optimizing and improving our manufacturing or operational processes to enhance efficiency, reduce costs, and ensure quality. You will be responsible for identifying opportunities for process improvements, designing solutions, and implementing them in a collaborative and dynamic environment. This position requires a combination if technical expertise, problem solving skills and BOM management. Responsibility: Data Analysis: collect and analyze process data to identify trends, discrepancies, and areas for improvement using statistical tools and methodologies. Process Optimization: identify, analyze, and implement process improvements across the production lifecycle to increase efficiency, reduce waste, and enhance product quality. Project Management, lead and manage process improvement projects from concept through execution, ensuring timely delivery, cost-effectiveness, and alignment with business goals. Cross-Functional Collaboration, work closely with cross-functional teams including production, quality, R&D, and maintenance to align process improvements with company objectives. Troubleshooting & Problem-Solving to provide technical expertise to troubleshoot process issues. Documentation & reporting to maintain detailed records of process changes, improvements, and project status. Requirements: Bachelor's degree in chemical, mechanical, industrial Engineering, or related field, with minimum 3 years of experience in the same position. This position requires a combination if technical expertise, problem solving skills and BOM management. Proficient in process simulation software, statistical analysis tools, and industry-specific tools (e.g., Statistical Process Control (SPC), FMEA, DOE, 8D Problem Solving, DMAIC etc.). Strong analytical and Root cause analysis skills, with the ability to think critically and solve complex engineering problems. Provide technical expertise to troubleshoot process issues, resolve operational problems, and implement corrective actions as needed. Ability to perform under high pressure, result oriented and good trouble shooting capability. Fluent in English reading, speaking and written, solid skill for Microsoft office. Good attitude, adaptability to company culture, teamwork spirit and influence skills, problem solving skills, able to handle multi-task and seek continuous improvement, active listening, presentation skills.","<p><strong>Production Engineer</strong><br><br><strong>We are seeking an experienced and highly skilled Production Engineer to join our team. The ideal candidate will play a crucial role in optimizing and improving our manufacturing or operational processes to enhance efficiency, reduce costs, and ensure quality. You will be responsible for identifying opportunities for process improvements, designing solutions, and implementing them in a collaborative and dynamic environment. This position requires a combination if technical expertise, problem solving skills and BOM management.</strong><br></p><p><strong>Responsibility:</strong></p><ul><li><p>Data Analysis: collect and analyze process data to identify trends, discrepancies, and areas for improvement using statistical tools and methodologies.</p></li><li><p>Process Optimization: identify, analyze, and implement process improvements across the production lifecycle to increase efficiency, reduce waste, and enhance product quality.</p></li><li><p>Project Management, lead and manage process improvement projects from concept through execution, ensuring timely delivery, cost-effectiveness, and alignment with business goals.</p></li><li><p>Cross-Functional Collaboration, work closely with cross-functional teams including production, quality, R&amp;D, and maintenance to align process improvements with company objectives.</p></li><li><p>Troubleshooting &amp; Problem-Solving to provide technical expertise to troubleshoot process issues. Documentation &amp; reporting to maintain detailed records of process changes, improvements, and project status.<br><br><strong>Requirements:</strong></p></li></ul><ul><li><p>Bachelor's degree in chemical, mechanical, industrial Engineering, or related field, with minimum 3 years of experience in the same position. This position requires a combination if technical expertise, problem solving skills and BOM management.</p></li><li><p>Proficient in process simulation software, statistical analysis tools, and industry-specific tools (e.g., Statistical Process Control (SPC), FMEA, DOE, 8D Problem Solving, DMAIC etc.).</p></li><li><p>Strong analytical and Root cause analysis skills, with the ability to think critically and solve complex engineering problems. Provide technical expertise to troubleshoot process issues, resolve operational problems, and implement corrective actions as needed.</p></li><li><p>Ability to perform under high pressure, result oriented and good trouble shooting capability. Fluent in English reading, speaking and written, solid skill for Microsoft office.</p></li><li><p>Good attitude, adaptability to company culture, teamwork spirit and influence skills, problem solving skills, able to handle multi-task and seek continuous improvement, active listening, presentation skills.<br></p></li></ul><p><br></p>","https://id.jobstreet.com/job/92273712"
"92140255","HSE MANAGER","Sepuluh Sumber Anugrah","Banten",,"Contract/Temp","Construction","Health, Safety & Environment","2026-05-15T07:49:53.000Z","About the role PT Sepuluh Sumber Anugerah EPC General Construction is seeking an experienced HSE Manager to join their team in Head Office. This is a contract role with the primary responsibility of overseeing and implementing the company's health, safety and environmental policies and procedures across all operations. As the HSE Manager, you will play a crucial part in ensuring the wellbeing and safety of our employees, as well as maintaining our commitment to environmental sustainability. OVERVIEW: Developing, implementing and continuously improving the company's health, safety and environmental management systems Conducting risk assessments and implementing appropriate control measures to mitigate risks Ensuring compliance with all relevant health, safety and environmental regulations and legislation Providing training and support to employees on health, safety and environmental best practices Investigating and reporting on incidents, accidents and near-misses, and implementing corrective actions Collaborating with operational teams to integrate HSE considerations into all business activities Monitoring and reporting on key HSE performance indicators Representing the company in external HSE forums and liaising with regulatory authorities QUALIFICATION: Minimum 5 years of experience as an HSE Manager or similar role in the construction or related industry Degree or certification in a relevant field such as occupational health and safety, environmental science or engineering Minimum 8–10 years of experience in HSE roles, with at least 5 years in Oil & Gas projects (onshore/offshore, pipeline, refinery, or EPC). Proven ability to implement an integrated CHAESM , including: Comprehensive Hazard Identification (HAZID, HAZOP, JSA) Health Management (onshore/offsite medical support, fit-to-work, exposure to hazardous chemicals) Accident Prevention & Investigation (ICAM, RCA, trend analysis) Environmental Compliance (AMDAL, UKL-UPL, hazardous waste management, exhaust emissions) Safety Management Systems (SMK3, PTW, LOTO, emergency response) Thorough understanding of health, safety and environmental regulations and best practices Strong risk assessment and incident investigation skills Excellent communication and stakeholder management abilities Proficient in using HSE management software and data analysis tools Ability to work independently and lead cross-functional teams What we offer At PT Sepuluh Sumber Anugerah EPC General Construction , we are committed to providing a safe, inclusive and supportive work environment for all our employees. We offer competitive remuneration, opportunities for professional development, and a range of wellbeing initiatives to support our team. If you are passionate about making a positive impact in the construction industry, we encourage you to apply for this role. Apply now","<p><strong>About the role</strong><br><br><strong>PT Sepuluh Sumber Anugerah EPC General Construction</strong> is seeking an experienced <strong>HSE Manager</strong> to join their team in Head Office. This is a contract role with the primary responsibility of overseeing and implementing the company's health, safety and environmental policies and procedures across all operations. As the HSE Manager, you will play a crucial part in ensuring the wellbeing and safety of our employees, as well as maintaining our commitment to environmental sustainability.</p><p><strong>OVERVIEW:</strong></p><ol><li><p>Developing, implementing and continuously improving the company's health, safety and environmental management systems</p></li><li><p>Conducting risk assessments and implementing appropriate control measures to mitigate risks</p></li><li><p>Ensuring compliance with all relevant health, safety and environmental regulations and legislation</p></li><li><p>Providing training and support to employees on health, safety and environmental best practices</p></li><li><p>Investigating and reporting on incidents, accidents and near-misses, and implementing corrective actions</p></li><li><p>Collaborating with operational teams to integrate HSE considerations into all business activities</p></li><li><p>Monitoring and reporting on key HSE performance indicators</p></li><li><p>Representing the company in external HSE forums and liaising with regulatory authorities</p></li></ol><p><strong>QUALIFICATION:</strong></p><ol><li><p>Minimum 5 years of experience as an HSE Manager or similar role in the construction or related industry</p></li><li><p>Degree or certification in a relevant field such as occupational health and safety, environmental science or engineering</p></li><li><p>Minimum <strong>8–10 years</strong> of experience in HSE roles, with <strong>at least 5 years in Oil &amp; Gas projects</strong> (onshore/offshore, pipeline, refinery, or EPC).</p></li><li><p>Proven ability to implement an integrated <strong>CHAESM</strong>, including:</p><ul><li><p><strong>Comprehensive Hazard Identification</strong> (HAZID, HAZOP, JSA)</p></li><li><p><strong>Health Management</strong> (onshore/offsite medical support, fit-to-work, exposure to hazardous chemicals)</p></li><li><p><strong>Accident Prevention &amp; Investigation</strong> (ICAM, RCA, trend analysis)</p></li><li><p><strong>Environmental Compliance</strong> (AMDAL, UKL-UPL, hazardous waste management, exhaust emissions)</p></li><li><p><strong>Safety Management Systems</strong> (SMK3, PTW, LOTO, emergency response)</p></li></ul></li><li><p>Thorough understanding of health, safety and environmental regulations and best practices</p></li><li><p>Strong risk assessment and incident investigation skills</p></li><li><p>Excellent communication and stakeholder management abilities</p></li><li><p>Proficient in using HSE management software and data analysis tools</p></li><li><p>Ability to work independently and lead cross-functional teams</p></li></ol><p><strong>What we offer</strong><br><br>At <strong>PT Sepuluh Sumber Anugerah</strong> <strong>EPC General Construction</strong>, we are committed to providing a safe, inclusive and supportive work environment for all our employees. We offer competitive remuneration, opportunities for professional development, and a range of wellbeing initiatives to support our team. If you are passionate about making a positive impact in the construction industry, we encourage you to apply for this role.</p><p>Apply now</p><p><br></p>","https://id.jobstreet.com/job/92140255"
"92178865","Server & Network Team Leader","Astra Life Insurance","Jakarta",,"Full time","Information & Communication Technology","Engineering - Network","2026-05-18T09:49:55.000Z","Minimum bachelor degree in Information Technology/ Computer Science/Computer Engineering. Minimum 5 years of experience in Computer servers, Operating System, Network, Computer security, Data backup and recovery, System and Technical Support/Helpdesk. Managed daily monitoring servers and network operations in Data center, Head Office, BCP and DR site. supporting servers, network, intranet, internet for the company, including network infrastructure and wide area connectivity. Work closely with project managers to providing and resources allocation for the servers/network and IT equipment. Support SOC for server and Network security, Proxy, Firewall and IPS Ensure that the company’s IT operations adhere to regulators. Establish user manual, SOP, IT guideline, Policy and procedure related with server operations and Network Ensure maintenance for All services related with server and network are renewed on time Set-up, support Replication and DR testing for Server and network Update regularly for capacity planning related with server, storage and network area Ability to quickly diagnose the problem areas and come up with solutions and/or workarounds related with server, storage and network. Evaluation and recommendation of software products in Server, Storage, Network and cloud environment Support deployment related with server, storage and Network","<ul><li><p>Minimum bachelor degree in Information Technology/ Computer Science/Computer Engineering.</p></li><li><p>Minimum 5 years of experience in Computer servers, Operating System, Network, Computer security, Data backup and recovery, System and Technical Support/Helpdesk.</p></li><li><p>Managed daily monitoring servers and network operations in Data center, Head Office, BCP and DR site.</p></li><li><p>supporting servers, network, intranet, internet for the company, including network infrastructure and wide area connectivity.</p></li><li><p>Work closely with project managers to providing and resources allocation for the servers/network and IT equipment.</p></li><li><p>Support SOC for server and Network security, Proxy, Firewall and IPS</p></li><li><p>Ensure that the company’s IT operations adhere to regulators.</p></li><li><p>Establish user manual, SOP, IT guideline, Policy and procedure related with server operations and Network</p></li><li><p>Ensure maintenance for All services related with server and network are renewed on time</p></li><li><p>Set-up, support Replication and DR testing for Server and network</p></li><li><p>Update regularly for capacity planning related with server, storage and network area</p></li><li><p>Ability to quickly diagnose the problem areas and come up with solutions and/or workarounds related with server, storage and network.</p></li><li><p>Evaluation and recommendation of software products in Server, Storage, Network and cloud environment</p></li><li><p>Support deployment related with server, storage and Network</p></li></ul><p><br></p>","https://id.jobstreet.com/job/92178865"
"92193122","IT Infrastructure Supervisor","Aneka Search Indonesia","Setiabudi, Jakarta",,"Contract/Temp","Information & Communication Technology","Networks & Systems Administration","2026-05-19T03:22:22.000Z","We’re Hiring: IT Infrastructure Supervisor! We’re looking for an IT Infrastructure Supervisor to oversee and maintain the systems behind our daily operations. From data center infrastructure and networking to CCTV, IoT, and cloud systems, you’ll ensure everything runs securely, efficiently, and reliably. What you’ll do · Manage on-premise infrastructure including backup, maintenance, and disaster recovery simulation. · Handle office networking systems such as Mikrotik, firewall, router, VLAN, and wireless access points. · Maintain CCTV and IoT systems including NVR/DVR management, maintenance, and vendor coordination. · Manage Linux servers, patching, hardening, and basic cloud administration. · Support database backup, replication, and server maintenance. · Manage software licensing administration and vendor coordination. What we’re looking for · Minimum 4 years of Experience in IT Infrastructure, Network Engineering, or System Administration. · Strong understanding of networking concepts including OSPF, VLAN, firewall, TCP/IP, DHCP, NAT, VPN, and bandwidth management. · Familiar with pfSense or OPNsense, Linux administration (Ubuntu/Debian/CentOS), and basic Windows Server management. · Experience managing CCTV systems, IoT devices, and database servers. · Experience with virtualization, monitoring tools, backup systems, cloud infrastructure, or Infrastructure as Code is a plus. · Mikrotik, CCNA, or other networking certifications are a bonus. We’d love to hear about the systems you’ve managed and the challenges you’ve solved. Apply now!","<p><strong>We’re Hiring: IT Infrastructure Supervisor!</strong></p><p>We’re looking for an IT Infrastructure Supervisor to oversee and maintain the systems behind our daily operations. From data center infrastructure and networking to CCTV, IoT, and cloud systems, you’ll ensure everything runs securely, efficiently, and reliably.</p><p><strong>What you’ll do</strong></p><p>·&nbsp;&nbsp;&nbsp;&nbsp;&nbsp;&nbsp; Manage on-premise infrastructure including backup, maintenance, and disaster recovery simulation.</p><p>·&nbsp;&nbsp;&nbsp;&nbsp;&nbsp;&nbsp; Handle office networking systems such as Mikrotik, firewall, router, VLAN, and wireless access points.</p><p>·&nbsp;&nbsp;&nbsp;&nbsp;&nbsp;&nbsp; Maintain CCTV and IoT systems including NVR/DVR management, maintenance, and vendor coordination.</p><p>·&nbsp;&nbsp;&nbsp;&nbsp;&nbsp;&nbsp; Manage Linux servers, patching, hardening, and basic cloud administration.</p><p>·&nbsp;&nbsp;&nbsp;&nbsp;&nbsp;&nbsp; Support database backup, replication, and server maintenance.</p><p>·&nbsp;&nbsp;&nbsp;&nbsp;&nbsp;&nbsp; Manage software licensing administration and vendor coordination.</p><p><strong>What we’re looking for</strong></p><p>·&nbsp;&nbsp;&nbsp;&nbsp;&nbsp;&nbsp; Minimum 4 years of Experience in IT Infrastructure, Network Engineering, or System Administration.</p><p>·&nbsp;&nbsp;&nbsp;&nbsp;&nbsp;&nbsp; Strong understanding of networking concepts including OSPF, VLAN, firewall, TCP/IP, DHCP, NAT, VPN, and bandwidth management.</p><p>·&nbsp;&nbsp;&nbsp;&nbsp;&nbsp;&nbsp; Familiar with pfSense or OPNsense, Linux administration (Ubuntu/Debian/CentOS), and basic Windows Server management.</p><p>·&nbsp;&nbsp;&nbsp;&nbsp;&nbsp;&nbsp; Experience managing CCTV systems, IoT devices, and database servers.</p><p>·&nbsp;&nbsp;&nbsp;&nbsp;&nbsp;&nbsp; Experience with virtualization, monitoring tools, backup systems, cloud infrastructure, or Infrastructure as Code is a plus.</p><p>·&nbsp;&nbsp;&nbsp;&nbsp;&nbsp;&nbsp; Mikrotik, CCNA, or other networking certifications are a bonus.</p><p><br></p><p>We’d love to hear about the systems you’ve managed and the challenges you’ve solved.</p><p>Apply now!</p>","https://id.jobstreet.com/job/92193122"
"92255721","IT Support & Asset Administrator","PT Bumi Konawe Minerina","South Jakarta, Jakarta",,"Full time","Information & Communication Technology","Help Desk & IT Support","2026-05-21T07:30:47.000Z","The IT Support & Asset Administrator is responsible for providing daily IT support, managing IT assets, and maintaining accurate asset documentation and lifecycle tracking. This role supports users with hardware, software, network, and business applications while ensuring operational efficiency and reliable IT services across the company. Qualifications: Minimum Diploma (D3) or Bachelor’s Degree (S1) in Information Technology, Information Systems, Computer Engineering, or related field. Minimum 1–3 years of experience in IT Support, Helpdesk, IT Asset Management, or System Support. Strong knowledge of Windows OS, office software, printers, scanners, and office IT equipment troubleshooting. Basic understanding of network troubleshooting, including LAN, WiFi, and IP configuration. Experience with IT asset inventory, asset tagging, tracking, and lifecycle management. Familiar with helpdesk/ticketing systems and finance systems such as Accurate is an advantage. Good documentation, communication, and problem-solving skills. Able to work independently and support users in a fast-paced environment.","<p>The IT Support &amp; Asset Administrator is responsible for providing daily IT support, managing IT assets, and maintaining accurate asset documentation and lifecycle tracking. This role supports users with hardware, software, network, and business applications while ensuring operational efficiency and reliable IT services across the company.<br></p><p><strong>Qualifications:</strong></p><ul><li><p>Minimum Diploma (D3) or Bachelor’s Degree (S1) in Information Technology, Information Systems, Computer Engineering, or related field.</p></li><li><p>Minimum 1–3 years of experience in IT Support, Helpdesk, IT Asset Management, or System Support.</p></li><li><p>Strong knowledge of Windows OS, office software, printers, scanners, and office IT equipment troubleshooting.</p></li><li><p>Basic understanding of network troubleshooting, including LAN, WiFi, and IP configuration.</p></li><li><p>Experience with IT asset inventory, asset tagging, tracking, and lifecycle management.</p></li><li><p>Familiar with helpdesk/ticketing systems and finance systems such as Accurate is an advantage.</p></li><li><p>Good documentation, communication, and problem-solving skills.</p></li><li><p>Able to work independently and support users in a fast-paced environment.<br></p></li></ul><p><br></p>","https://id.jobstreet.com/job/92255721"
"91934482","BIzz App Technical Consultant","Intikom Berlian Mustika","Mampang Prapatan, Jakarta","monthly salary","Full time","Information & Communication Technology","Developers/Programmers","2026-05-06T03:06:19.000Z","We are looking for ERP Developer to develop, customize, and integrate ERP applications. This role works closely with functional consultants and business users to translate requirements into effective technical solutions. Job Description Analyze business requirements and translate them into technical specifications. Customize and enhance ERP modules (forms, workflows, reports, roles & permissions). Develop clean, efficient code following ERP platform standards. Build and maintain APIs or middleware for integrating ERP with external systems (HRIS, e-commerce, CRM, payment gateway). Ensure data consistency, integrity, and security across ERP environments. Design/modify tables, stored procedures, views, and reports. Perform unit testing, integration testing, and support UAT. Troubleshoot issues, perform bug fixing, and provide ERP technical support. Create and maintain technical documentation. Collaborate with functional consultants, infrastructure, DBA, QA, and project teams. Stay updated on ERP best practices and vendor updates. Requirements Bachelor’s Degree in Computer Science, Informatics, Information Systems, Engineering , or related fields. Minimum 1 year software development experience , preferably in ERP. Proficiency in C# / .NET / X++ / Java / Python . Strong SQL skills (SQL Server, MySQL, PostgreSQL, Oracle). Familiarity with ERP platforms (Microsoft Dynamics AX/365, Epicor, Navision) is highly preferred. Understanding of API/REST/SOAP, middleware, and system integration. Knowledge of reporting tools (SSRS, Power BI, Crystal Reports) is a plus. Strong analytical, problem-solving, and communication skills. Ability to work collaboratively and deliver high-quality outputs on deadlines. Willingness to learn and stay updated with ERP technologies.","<p>We are looking for <strong>ERP Developer</strong> to develop, customize, and integrate ERP applications. This role works closely with functional consultants and business users to translate requirements into effective technical solutions.</p><p></p><strong>Job Description</strong><ul><li><p>Analyze business requirements and translate them into technical specifications.</p></li><li><p>Customize and enhance ERP modules (forms, workflows, reports, roles &amp; permissions).</p></li><li><p>Develop clean, efficient code following ERP platform standards.</p></li><li><p>Build and maintain APIs or middleware for integrating ERP with external systems (HRIS, e-commerce, CRM, payment gateway).</p></li><li><p>Ensure data consistency, integrity, and security across ERP environments.</p></li><li><p>Design/modify tables, stored procedures, views, and reports.</p></li><li><p>Perform unit testing, integration testing, and support UAT.</p></li><li><p>Troubleshoot issues, perform bug fixing, and provide ERP technical support.</p></li><li><p>Create and maintain technical documentation.</p></li><li><p>Collaborate with functional consultants, infrastructure, DBA, QA, and project teams.</p></li><li><p>Stay updated on ERP best practices and vendor updates.</p></li></ul><p></p><strong>Requirements</strong><ul><li><p>Bachelor’s Degree in <strong>Computer Science, Informatics, Information Systems, Engineering</strong>, or related fields.</p></li><li><p>Minimum <strong>1 year software development experience</strong>, preferably in ERP.</p></li><li><p>Proficiency in <strong>C# / .NET / X++ / Java / Python</strong>.</p></li><li><p>Strong SQL skills (SQL Server, MySQL, PostgreSQL, Oracle).</p></li><li><p>Familiarity with ERP platforms (Microsoft Dynamics AX/365, Epicor, Navision) is highly preferred.</p></li><li><p>Understanding of API/REST/SOAP, middleware, and system integration.</p></li><li><p>Knowledge of reporting tools (SSRS, Power BI, Crystal Reports) is a plus.</p></li><li><p>Strong analytical, problem-solving, and communication skills.</p></li><li><p>Ability to work collaboratively and deliver high-quality outputs on deadlines.</p></li><li><p>Willingness to learn and stay updated with ERP technologies.</p></li></ul>","https://id.jobstreet.com/job/91934482"
"91944188","Electrical Engineer","International Chemical Industry","West Jakarta, Jakarta",,"Full time","Engineering","Electrical/Electronic Engineering","2026-05-06T07:17:37.000Z","Deskripsi Pekerjaan: Memperbaiki, merawat & memelihara seluruh komponen elektrikal. Menganalisa kerusakan & kekurangan pada mesin produksi serta menerapkan hasil tersebut agar mesin dapat berjalan dengan optimal. Melakukan pendataan instrumen elektrik yang terperinci. Membuat gambar elektrik dalam format 2D atau 3D. Merakit panel kontrol untuk sistem otomatis pada mesin-mesin produksi. Membuat laporan hasil pekerjaan setiap harinya. Kualifikasi: Pendidikan min D3 Teknik Elektro/Mekatronika. Pengalaman minimal 2 tahun dibidang Automasi Elektrik (diutamakan dari perusahaan manufaktur). Menguasai Pemrograman PLC Omron, Mitsubishi, Siemens atau Keyence. Menguasai Pemrograman Motor Servo Delta, Siemens atau LS. Mampu mengoperasikan Software CAD 2D atau 3D. Memiliki basis Teknik Elektro yang kuat. Mampu mengoperasikan genset dan melakukan sinkronisasi. Mampu melaksanakan pekerjaan dengan rapi dan detail (memperhatikan kerapihan kabel, desain panel & interface HMI). Berpengalaman dalam maintenance Trafo & ACB. Bersedia bekerja shift.","<p><strong>Deskripsi Pekerjaan:</strong></p><ul><li><p>Memperbaiki, merawat &amp; memelihara seluruh komponen elektrikal.</p></li><li><p>Menganalisa kerusakan &amp; kekurangan pada mesin produksi serta menerapkan hasil tersebut agar mesin dapat berjalan dengan optimal.</p></li><li><p>Melakukan pendataan instrumen elektrik yang terperinci.</p></li><li><p>Membuat gambar elektrik dalam format 2D atau 3D.</p></li><li><p>Merakit panel kontrol untuk sistem otomatis pada mesin-mesin produksi.</p></li><li><p>Membuat laporan hasil pekerjaan setiap harinya.&nbsp;</p></li></ul><p><br></p><p><strong>Kualifikasi:</strong></p><ul><li><p>Pendidikan min D3 Teknik Elektro/Mekatronika.</p></li><li><p>Pengalaman minimal 2 tahun dibidang Automasi Elektrik (diutamakan dari perusahaan manufaktur).</p></li><li><p>Menguasai Pemrograman PLC Omron, Mitsubishi, Siemens atau Keyence.</p></li><li><p>Menguasai Pemrograman Motor Servo Delta, Siemens atau LS.</p></li><li><p>Mampu mengoperasikan Software CAD 2D atau 3D.</p></li><li><p>Memiliki basis Teknik Elektro yang kuat.</p></li><li><p>Mampu mengoperasikan genset dan melakukan sinkronisasi.</p></li><li><p>Mampu melaksanakan pekerjaan dengan rapi dan detail (memperhatikan kerapihan kabel, desain panel &amp; interface HMI).</p></li><li><p>Berpengalaman dalam maintenance Trafo &amp; ACB.</p></li><li><p>Bersedia bekerja shift.</p></li></ul><p><br></p>","https://id.jobstreet.com/job/91944188"
"92250210","Application Operation Engineer","Private Advertiser","South Tangerang, Banten",,"Contract/Temp","Information & Communication Technology","Engineering - Software","2026-05-21T04:37:34.000Z","Penempatan: Kandidat terpilih akan ditempatkan di PT Artajasa Pembayaran Elektronis yang berlokasi di BSD, Tangerang Selatan. Tentang Artajasa PT Artajasa Pembayaran Elektronis merupakan salah satu penyedia infrastruktur pembayaran terkemuka di Indonesia yang menyediakan layanan transaksi elektronik yang aman, andal, dan memiliki ketersediaan tinggi bagi perbankan dan institusi keuangan. Dengan mengoperasikan sistem mission-critical selama 24/7, Artajasa memastikan stabilitas dan performa aplikasi yang mendukung ekosistem pembayaran digital nasional. Tentang Posisi Kami mencari Application Operation Engineer untuk melakukan pemeliharaan, monitoring, dan operasional aplikasi/software perusahaan. Posisi ini bertanggung jawab untuk memastikan stabilitas aplikasi, penanganan insiden, serta operasional guna menjaga performa sistem tetap optimal. Tanggung Jawab Utama Melakukan monitoring performa aplikasi serta memastikan ketersediaan dan stabilitas sistem. Menangani insiden aplikasi, troubleshooting, serta proses eskalasi permasalahan. Mendukung proses deployment aplikasi, konfigurasi, dan aktivitas pemeliharaan operasional. Menganalisis log aplikasi dan mengidentifikasi akar permasalahan sistem. Berkoordinasi dengan tim development dan infrastruktur untuk penyelesaian masalah. Melakukan pengecekan operasional rutin, pelaporan, serta pembaruan dokumentasi sistem. Mendukung pengembangan dan peningkatan aplikasi untuk meningkatkan keandalan dan efisiensi operasional. Kualifikasi Pendidikan minimal S1 di bidang Teknologi Informasi, Ilmu Komputer, atau bidang terkait. Memiliki pengalaman minimal 2 tahun di bidang application support atau IT operations. Memahami lingkungan server Linux/Windows serta tools monitoring aplikasi. Memiliki pemahaman dasar mengenai database, API, dan konsep integrasi sistem. Memiliki kemampuan analitis dan troubleshooting yang baik. Bersedia bekerja dalam sistem shift untuk mendukung operasional 24/7. Memiliki kemampuan komunikasi yang baik dan mampu bekerja secara kolaboratif dalam tim.","<p><strong>Penempatan:</strong><br>Kandidat terpilih akan ditempatkan di PT Artajasa Pembayaran Elektronis yang berlokasi di BSD, Tangerang Selatan.</p><p><strong>Tentang Artajasa</strong><br>PT Artajasa Pembayaran Elektronis merupakan salah satu penyedia infrastruktur pembayaran terkemuka di Indonesia yang menyediakan layanan transaksi elektronik yang aman, andal, dan memiliki ketersediaan tinggi bagi perbankan dan institusi keuangan. Dengan mengoperasikan sistem mission-critical selama 24/7, Artajasa memastikan stabilitas dan performa aplikasi yang mendukung ekosistem pembayaran digital nasional.</p><p><strong>Tentang Posisi</strong><br>Kami mencari Application Operation Engineer untuk melakukan pemeliharaan, monitoring, dan operasional aplikasi/software perusahaan. Posisi ini bertanggung jawab untuk memastikan stabilitas aplikasi, penanganan insiden, serta operasional guna menjaga performa sistem tetap optimal.</p><p><strong>Tanggung Jawab Utama</strong></p><ul><li><p>Melakukan monitoring performa aplikasi serta memastikan ketersediaan dan stabilitas sistem.</p></li><li><p>Menangani insiden aplikasi, troubleshooting, serta proses eskalasi permasalahan.</p></li><li><p>Mendukung proses deployment aplikasi, konfigurasi, dan aktivitas pemeliharaan operasional.</p></li><li><p>Menganalisis log aplikasi dan mengidentifikasi akar permasalahan sistem.</p></li><li><p>Berkoordinasi dengan tim development dan infrastruktur untuk penyelesaian masalah.</p></li><li><p>Melakukan pengecekan operasional rutin, pelaporan, serta pembaruan dokumentasi sistem.</p></li><li><p>Mendukung pengembangan dan peningkatan aplikasi untuk meningkatkan keandalan dan efisiensi operasional.</p></li></ul><p><strong>Kualifikasi</strong></p><ul><li><p>Pendidikan minimal S1 di bidang Teknologi Informasi, Ilmu Komputer, atau bidang terkait.</p></li><li><p>Memiliki pengalaman minimal 2 tahun di bidang application support atau IT operations.</p></li><li><p>Memahami lingkungan server Linux/Windows serta tools monitoring aplikasi.</p></li><li><p>Memiliki pemahaman dasar mengenai database, API, dan konsep integrasi sistem.</p></li><li><p>Memiliki kemampuan analitis dan troubleshooting yang baik.</p></li><li><p>Bersedia bekerja dalam sistem shift untuk mendukung operasional 24/7.</p></li><li><p>Memiliki kemampuan komunikasi yang baik dan mampu bekerja secara kolaboratif dalam tim.</p></li></ul><p><br></p>","https://id.jobstreet.com/job/92250210"
"92343558","Industrial Engineer","OPPO","Tangerang, Banten","Rp 10,000,000 – Rp 15,000,000 per month","Full time","Engineering","Industrial Engineering","2026-05-26T07:53:07.000Z","RESPONSIBILITY: 提高资源规划的成本效率和准确性 Increase Cost Efficiency 制造单机成本分析（预估与管控）Manufacturing cost analysis (estimation & control) 通过组织内的工厂 KPI 管理运营制造绩效 Managing operational manufacturing performance through factory KPI within the organization 制造单机成本汇报 Manufacturing cost meeting & report 提高资源规划的准确性 Increase accuracy of resource planning 资源计划（治具、设备、人力）Resource planning & order (fixture, equipment, manpower) 提供资源规划和数据分析Provide resource planning and data analysis 提高标准工时，提高NPI改善率 Improve standard manhours & increase NPI improvement rate 新产品准备（SOP制作、标准工时、拉线布局）NPI preparation (SOP making, standard manpower, time study, layout) 爬坡/学习曲线图（培训并审核、拉线平衡率）Ramp up/learning curve (training & validation, line balancing) 现有机型优化（UPH&UPPH）Existing model optimization (UPH & UPPH) 管理、审查和确定项目工作计划的优先级，以保持准时和目标Manages, reviews, and prioritizes the project work plans with objective to stay on time and on target REQUIREMENTS: 学历背景 Education background 本科及以上学历，工业工程、机电一体化与通信、工商管理等相关专业。 Bachelor degree or above, major in industrial engineering, mechatronics and communication, business administration, etc. 工作经验 Work Experience 一年以上大型日资或台资相关工作经验，有手机相关经验者为佳 More than one year of work experience related to large-scale Japanese or Taiwan investment, mobile phone manufacturing related experience is preferred 专业知识 Professional/ Industry Knowledge 数据分析能力Data analysis 财务分析能力Financial analysis 专业知识与技能IE technical knowledge & skills IE 沟通技能Communication 管理项目Management Project 中英双语流利Fluent in Mandarin & English 4. 技能述职 Skills Qualities 能熟练使用AUTOCAD及基本办公软件 (word、excel、PPT)Proficient in using AUTOCAD/SOLIDWORKS and basic office software (word, excel, PPT) 熟悉IE&LEAN手法Familiar with IE & Lean methods； 具有强烈的改善意识和成本意识Have a strong sense of improvement and cost awareness； 具有较强的沟通协调能力、规划组织能力、创新能力Have strong communication and coordination ability, planning and organization ability, and innovation ability","<p><strong>RESPONSIBILITY:</strong></p><ol><li><p>提高资源规划的成本效率和准确性 Increase Cost Efficiency</p></li><li><p>制造单机成本分析（预估与管控）Manufacturing cost analysis (estimation &amp; control)&nbsp;</p></li><li><p>通过组织内的工厂 KPI 管理运营制造绩效 Managing operational manufacturing performance through factory KPI within the organization</p></li><li><p>制造单机成本汇报 Manufacturing cost meeting &amp; report&nbsp;<br>提高资源规划的准确性 Increase accuracy of resource planning</p></li><li><p>资源计划（治具、设备、人力）Resource planning &amp; order (fixture, equipment, manpower)</p></li><li><p>提供资源规划和数据分析Provide resource planning and data analysis<br>提高标准工时，提高NPI改善率 Improve standard manhours &amp; increase NPI improvement rate&nbsp;</p></li><li><p>新产品准备（SOP制作、标准工时、拉线布局）NPI preparation (SOP making, standard manpower, time study, layout)&nbsp;</p></li><li><p>爬坡/学习曲线图（培训并审核、拉线平衡率）Ramp up/learning curve (training &amp; validation, line balancing)</p></li><li><p>现有机型优化（UPH&amp;UPPH）Existing model optimization (UPH &amp; UPPH)</p></li><li><p>管理、审查和确定项目工作计划的优先级，以保持准时和目标Manages, reviews, and prioritizes the project work plans with objective to stay on time and on target</p></li></ol><p><br></p><p><strong>REQUIREMENTS:</strong></p><ol><li><p>学历背景 Education background<br>本科及以上学历，工业工程、机电一体化与通信、工商管理等相关专业。<br>Bachelor degree or above, major in industrial engineering, mechatronics and communication, business administration, etc.</p></li><li><p>工作经验 Work Experience<br>一年以上大型日资或台资相关工作经验，有手机相关经验者为佳<br>More than one year of work experience related to large-scale Japanese or Taiwan investment, mobile phone manufacturing related experience is preferred</p></li><li><p>专业知识 Professional/ Industry Knowledge</p></li></ol><ul><li><p>数据分析能力Data analysis</p></li><li><p>财务分析能力Financial analysis</p></li><li><p>专业知识与技能IE technical knowledge &amp; skills IE</p></li><li><p>沟通技能Communication</p></li><li><p>管理项目Management Project</p></li><li><p>中英双语流利Fluent in Mandarin &amp; English&nbsp;</p></li></ul><p>4.&nbsp;&nbsp;技能述职 Skills Qualities</p><ul><li><p>能熟练使用AUTOCAD及基本办公软件 (word、excel、PPT)Proficient in using AUTOCAD/SOLIDWORKS and basic office software (word, excel, PPT)</p></li><li><p>熟悉IE&amp;LEAN手法Familiar with IE &amp; Lean methods；</p></li><li><p>具有强烈的改善意识和成本意识Have a strong sense of improvement and cost awareness；</p></li><li><p>具有较强的沟通协调能力、规划组织能力、创新能力Have strong communication and coordination ability, planning and organization ability, and innovation ability</p></li></ul><p><br></p>","https://id.jobstreet.com/job/92343558"
"92373401","IT Helpdesk Engineer (Mandarin Speaker)","PT Langit Metal Industry","South Jakarta, Jakarta","Rp 10.000.000 – Rp 15.000.000 per month","Full time","Information & Communication Technology","Help Desk & IT Support","2026-05-28T01:25:24.000Z","IT Helpdesk Engineer Tugas Utama Mendiagnosis dan memperbaiki masalah sistem, aplikasi, atau jaringan seperti reset password, masalah koneksi, atau error software. Bertanggung jawab dalam memberikan bantuan langsung untuk masalah komputer, OS (Windows), perangkat lunak, dan periferal (printer, scanner) di Perkantoran Bertanggung jawab untuk pemantauan harian, inspeksi dan dukungan teknis operasi dan pemeliharaan lainnya dari peralatan IT dan Server Perusahaan Bertanggung jawab atas dukungan teknis dan pemecahan masalah sistem operasi dan peralatan terkait IT di kantor. Persyaratan Memiliki 1-3 tahun pengalaman kerja terkait IT Helpdesk. Wajib Fasih dalam membaca, menulis, dan berkomunikasi dalam Bahasa Mandarin dan Bahasa Inggris Memiliki inisiatif tinggi dan bertanggung jawab terhadap tugas yang diberikan Mampu bekerja di bawah tekanan dan memenuhi target on time Memiliki kemampuan kerja tim yang baik. Siap sedia membantu di luar jam kerja jika ada insiden mendesak.","<p><strong>IT Helpdesk Engineer</strong></p><p><strong>Tugas Utama</strong></p><ul><li><p>Mendiagnosis dan memperbaiki masalah sistem, aplikasi, atau jaringan seperti reset password, masalah koneksi, atau error software.</p></li><li><p>Bertanggung jawab dalam memberikan bantuan langsung untuk masalah komputer, OS (Windows), perangkat lunak, dan periferal (printer, scanner) di Perkantoran</p></li><li><p>Bertanggung jawab untuk pemantauan harian, inspeksi dan dukungan teknis operasi dan pemeliharaan lainnya dari peralatan IT dan Server Perusahaan</p></li><li><p>Bertanggung jawab atas dukungan teknis dan pemecahan masalah sistem operasi dan peralatan terkait IT di kantor.</p></li></ul><p><strong>Persyaratan</strong></p><ul><li><p>Memiliki 1-3 tahun pengalaman kerja terkait IT Helpdesk.</p></li><li><p>Wajib Fasih dalam membaca, menulis, dan berkomunikasi dalam Bahasa Mandarin dan Bahasa Inggris</p></li><li><p>Memiliki inisiatif tinggi dan bertanggung jawab terhadap tugas yang diberikan</p></li><li><p>Mampu bekerja di bawah tekanan dan memenuhi target on time</p></li><li><p>Memiliki kemampuan kerja tim yang baik.</p></li><li><p>Siap sedia membantu di luar jam kerja jika ada insiden mendesak.</p></li></ul><p><br></p>","https://id.jobstreet.com/job/92373401"
"92416234","HVAC Engineer (Check & Lead)","CTCI","Central Jakarta, Jakarta",,"Contract/Temp","Engineering","Mechanical Engineering","2026-05-29T09:48:13.000Z","Position 1: HVAC Check Engineer Duties and Responsibilities: 1. Collaborate with the HVAC Lead Engineer to align the design scope and objectives. 2. Review project requirements, technical specifications, and applicable codes and standards, and participate in design reviews and quality assurance processes to ensure compliance. 3. Support project planning and execution by engaging in relevant meetings, performing necessary quality assurance and design verification activities. 4. Design HVAC systems for commercial buildings and industrial projects, including associated power supply and control systems. 5. Develop and review HVAC engineering documents, including specifications, datasheets, Ducting Instrumentation Diagram (D&ID), calculations, layout drawings, ducting drawings, and other design documents, as part of project design and documentation requirements. 6. Prepare technical requisition, bid evaluation, and Material Take Off (MTO). 7. Perform heating and cooling load analyses using Carrier HAP software. 8. Collaborate with multidisciplinary engineering teams, including process, piping, electrical, instrumentation and control, to achieve fully integrated system design and execution. 9. Contribute to the preparation of technical input during bidding activities and support execution to meet defined timelines and cost targets. 10. Provide technical input and support throughout procurement, construction, and commissioning phases. 11. Assist in testing and commissioning activities, including site visits and surveys, and provide technical support during construction by addressing site queries and reviewing on-site conditions. 12. Proactively identify technical issues and risks and take both corrective and preventive actions to resolve and mitigate them. 13. Contribute to continuous improvement within the discipline and organization, including development of work instructions, design guidelines, and value engineering initiatives. Qualifications, Skills and Competencies: 1. Bachelor’s degree in mechanical or HVAC engineering. 2. Minimum of 6 years of experience in engineering consultant, EPC contractor, or HVAC Vendor. 3. Experience in bidding activities is an advantage. 4. Experience in FEED is an advantage. 5. Good understanding of HVAC engineering fundamentals. 6. Ability to perform HVAC cooling capacity calculations, pressure drop calculations, and duct sizing. 7. Ability to prepare Piping and Instrumentation Diagrams (P&ID), Airflow Diagrams, and Ducting Instrumentation Diagrams (DID). 8. Basic knowledge of pipe sizing, pipe selection, and pipe installation. 9. Familiar with ASHRAE standards and industry practices, including relevant local regulations. 10. Proficient in Carrier HAP design software. 11. Proficient in AutoCAD. 12. Good understanding of construction methods and practices. 13. Excellent problem-solving and analytical skills. 14. Strong interpersonal skills with strong attention to detail. 15. Proficient in English, both written and verbal. 16. Willing to be assigned to the site if project is required. Position 2: HVAC Lead Engineer Duties and Responsibilities: 1. Lead and coordinate HVAC engineering design activities for assigned projects or specific project scopes. 2. Define and maintain clear project scope requirements and coordinate any scope modifications through the established change management process. 3. Review project requirements, technical specifications, and applicable codes and standards, and participate in design reviews and quality assurance processes to ensure compliance. 4. Support project planning and execution by engaging in relevant meetings, preparing progress reports, and performing necessary quality assurance and design verification activities. 5. Design HVAC systems for commercial buildings and industrial projects, including associated power supply and control systems. 6. Develop HVAC engineering deliverables, including design basis, specifications, datasheets, Ducting Instrumentation Diagram (D&ID), calculations, layout drawings, ducting drawings, and other design documents, as part of project design and documentation requirements. 7. Prepare technical requisition, bid evaluation, and Material Take Off (MTO). 8. Perform heating and cooling load analyses using Carrier HAP software. 9. Collaborate with multidisciplinary engineering teams, including process, piping, electrical, instrumentation and control, to achieve fully integrated system design and execution. 10. Lead the preparation of technical input during bidding activities and support execution to meet defined timelines and cost targets. 11. Provide technical input and support throughout procurement, construction, and commissioning phases. 12. Assist in testing and commissioning activities, including site visits and surveys, and provide technical support during construction by addressing site queries and reviewing on-site conditions. 13. Proactively identify technical issues and risks and take both corrective and preventive actions to resolve and mitigate them. 14. Contribute to continuous improvement within the discipline and organization, including development of work instructions, design guidelines, and value engineering initiatives. 15. Provide mentorship, technical guidance, and training to junior and intermediate engineers to build team capability and competencies. Qualifications, Skills and Competencies: 1. Bachelor’s degree in mechanical or HVAC engineering. 2. Minimum of 9 years of experience in engineering consultant, EPC contractor or HVAC vendor. 3. Minimum of 2 years of experience as lead engineers or other project management positions. 4. Experience in bidding and project execution activities. 5. Experience in FEED is an advantage. 6. Good understanding of HVAC engineering fundamentals. 7. Ability to perform HVAC cooling capacity calculations, pressure drop calculations, and duct sizing. 8. Ability to prepare Piping and Instrumentation Diagrams (P&ID), Airflow Diagrams, and Ducting Instrumentation Diagrams (DID). 9. Basic knowledge of pipe sizing, pipe selection, and pipe installation. 10. Familiar with ASHRAE standards and industry practices, including relevant local regulations. 11. Proficient in Carrier HAP design software. 12. Proficient in AutoCAD. 13. Good understanding of construction methods and practices. 14. Strong leadership and mentoring skills. 15. Excellent problem-solving and analytical skills. 16. Strong interpersonal skills with a professional attitude, consistent performance, and strong attention to detail. 17. Proficient in English, both written and verbal. 18. Willing to be assigned to the site if project is required.","<h2><strong>Position 1: HVAC Check Engineer</strong></h2><p><strong>Duties and Responsibilities:</strong></p><p>1.&nbsp;&nbsp;&nbsp; Collaborate with the HVAC Lead Engineer to align the design scope and objectives.</p><p>2.&nbsp;&nbsp;&nbsp; Review project requirements, technical specifications, and applicable codes and standards, and participate in design reviews and quality assurance processes to ensure compliance.</p><p>3.&nbsp;&nbsp;&nbsp; Support project planning and execution by engaging in relevant meetings, performing necessary quality assurance and design verification activities.</p><p>4.&nbsp;&nbsp;&nbsp; Design HVAC systems for commercial buildings and industrial projects, including associated power supply and control systems.</p><p>5.&nbsp;&nbsp;&nbsp; Develop and review HVAC engineering documents, including specifications, datasheets, Ducting Instrumentation Diagram (D&amp;ID), calculations, layout drawings, ducting drawings, and other design documents, as part of project design and documentation requirements.</p><p>6.&nbsp;&nbsp;&nbsp; Prepare technical requisition, bid evaluation, and Material Take Off (MTO).</p><p>7.&nbsp;&nbsp;&nbsp; Perform heating and cooling load analyses using Carrier HAP software.</p><p>8.&nbsp;&nbsp;&nbsp; Collaborate with multidisciplinary engineering teams, including process, piping, electrical, instrumentation and control, to achieve fully integrated system design and execution.</p><p>9.&nbsp;&nbsp;&nbsp; Contribute to the preparation of technical input during bidding activities and support execution to meet defined timelines and cost targets.</p><p>10.&nbsp; Provide technical input and support throughout procurement, construction, and commissioning phases.</p><p>11.&nbsp; Assist in testing and commissioning activities, including site visits and surveys, and provide technical support during construction by addressing site queries and reviewing on-site conditions.</p><p>12.&nbsp; Proactively identify technical issues and risks and take both corrective and preventive actions to resolve and mitigate them.</p><p>13.&nbsp; Contribute to continuous improvement within the discipline and organization, including development of work instructions, design guidelines, and value engineering initiatives.</p><p><strong>&nbsp;</strong></p><p><strong>Qualifications, Skills and Competencies:</strong></p><p>1.&nbsp;&nbsp;&nbsp; Bachelor’s degree in mechanical or HVAC engineering.</p><p>2.&nbsp;&nbsp;&nbsp; Minimum of 6 years of experience in engineering consultant, EPC contractor, or HVAC Vendor.</p><p>3.&nbsp;&nbsp;&nbsp; Experience in bidding activities is an advantage.</p><p>4.&nbsp;&nbsp;&nbsp; Experience in FEED is an advantage.</p><p>5.&nbsp;&nbsp;&nbsp; Good understanding of HVAC engineering fundamentals.</p><p>6.&nbsp;&nbsp;&nbsp; Ability to perform HVAC cooling capacity calculations, pressure drop calculations, and duct sizing.</p><p>7.&nbsp;&nbsp;&nbsp; Ability to prepare Piping and Instrumentation Diagrams (P&amp;ID), Airflow Diagrams, and Ducting Instrumentation Diagrams (DID).</p><p>8.&nbsp;&nbsp;&nbsp; Basic knowledge of pipe sizing, pipe selection, and pipe installation.</p><p>9.&nbsp;&nbsp;&nbsp; Familiar with ASHRAE standards and industry practices, including relevant local regulations.</p><p>10.&nbsp; Proficient in Carrier HAP design software.</p><p>11.&nbsp; Proficient in AutoCAD.</p><p>12.&nbsp; Good understanding of construction methods and practices.</p><p>13.&nbsp; Excellent problem-solving and analytical skills.</p><p>14.&nbsp; Strong interpersonal skills with strong attention to detail.</p><p>15.&nbsp; Proficient in English, both written and verbal.</p><p>16.&nbsp; Willing to be assigned to the site if project is required.</p><p><br></p><h2><strong>Position 2: HVAC Lead Engineer</strong></h2><p><strong>Duties and Responsibilities:</strong></p><p>1.&nbsp;&nbsp;&nbsp; Lead and coordinate HVAC engineering design activities for assigned projects or specific project scopes.</p><p>2.&nbsp;&nbsp;&nbsp; Define and maintain clear project scope requirements and coordinate any scope modifications through the established change management process.</p><p>3.&nbsp;&nbsp;&nbsp; Review project requirements, technical specifications, and applicable codes and standards, and participate in design reviews and quality assurance processes to ensure compliance.</p><p>4.&nbsp;&nbsp;&nbsp; Support project planning and execution by engaging in relevant meetings, preparing progress reports, and performing necessary quality assurance and design verification activities.</p><p>5.&nbsp;&nbsp;&nbsp; Design HVAC systems for commercial buildings and industrial projects, including associated power supply and control systems.</p><p>6.&nbsp;&nbsp;&nbsp; Develop HVAC engineering deliverables, including design basis, specifications, datasheets,&nbsp; Ducting Instrumentation Diagram (D&amp;ID), calculations, layout drawings, ducting drawings, and other design documents, as part of project design and documentation requirements.</p><p>7.&nbsp;&nbsp;&nbsp; Prepare technical requisition, bid evaluation, and Material Take Off (MTO).</p><p>8.&nbsp;&nbsp;&nbsp; Perform heating and cooling load analyses using Carrier HAP software.</p><p>9.&nbsp;&nbsp;&nbsp; Collaborate with multidisciplinary engineering teams, including process, piping, electrical, instrumentation and control, to achieve fully integrated system design and execution.</p><p>10.&nbsp; Lead the preparation of technical input during bidding activities and support execution to meet defined timelines and cost targets.</p><p>11.&nbsp; Provide technical input and support throughout procurement, construction, and commissioning phases.</p><p>12.&nbsp; Assist in testing and commissioning activities, including site visits and surveys, and provide technical support during construction by addressing site queries and reviewing on-site conditions.</p><p>13.&nbsp; Proactively identify technical issues and risks and take both corrective and preventive actions to resolve and mitigate them.</p><p>14.&nbsp; Contribute to continuous improvement within the discipline and organization, including development of work instructions, design guidelines, and value engineering initiatives.</p><p>15.&nbsp; Provide mentorship, technical guidance, and training to junior and intermediate engineers to build team capability and competencies.</p><p>&nbsp;</p><p><strong>Qualifications, Skills and Competencies:</strong></p><p>1.&nbsp;&nbsp;&nbsp; Bachelor’s degree in mechanical or HVAC engineering.</p><p>2.&nbsp;&nbsp;&nbsp; Minimum of 9 years of experience in engineering consultant, EPC contractor or HVAC vendor.</p><p>3.&nbsp;&nbsp;&nbsp; Minimum of 2 years of experience as lead engineers or other project management positions.</p><p>4.&nbsp;&nbsp;&nbsp; Experience in bidding and project execution activities.</p><p>5.&nbsp;&nbsp;&nbsp; Experience in FEED is an advantage.</p><p>6.&nbsp;&nbsp;&nbsp; Good understanding of HVAC engineering fundamentals.</p><p>7.&nbsp;&nbsp;&nbsp; Ability to perform HVAC cooling capacity calculations, pressure drop calculations, and duct sizing.</p><p>8.&nbsp;&nbsp;&nbsp; Ability to prepare Piping and Instrumentation Diagrams (P&amp;ID), Airflow Diagrams, and Ducting Instrumentation Diagrams (DID).</p><p>9.&nbsp;&nbsp;&nbsp; Basic knowledge of pipe sizing, pipe selection, and pipe installation.</p><p>10.&nbsp; Familiar with ASHRAE standards and industry practices, including relevant local regulations.</p><p>11.&nbsp; Proficient in Carrier HAP design software.</p><p>12.&nbsp; Proficient in AutoCAD.</p><p>13.&nbsp; Good understanding of construction methods and practices.</p><p>14.&nbsp; Strong leadership and mentoring skills.</p><p>15.&nbsp; Excellent problem-solving and analytical skills.</p><p>16.&nbsp; Strong interpersonal skills with a professional attitude, consistent performance, and strong attention to detail.</p><p>17.&nbsp; Proficient in English, both written and verbal.</p><p>18.&nbsp; Willing to be assigned to the site if project is required.</p>","https://id.jobstreet.com/job/92416234"
"92174610","Planning & Coordination Manager","Kendal Industrial Area","Central Java",,"Full time","Construction","Planning & Scheduling","2026-05-18T07:30:14.000Z","Develop and implement detailed project plans, including timelines, resource allocation, and budget management Able to render advisory on project management for urban developments (eg. office & residential buildings) Coordinate cross-functional teams to ensure seamless collaboration and efficient project execution Monitor project progress, identify potential issues, and implement appropriate corrective actions Liaise with stakeholders, including clients, subcontractors, and internal teams, to manage expectations and communicate project status Identify and implement process improvements to enhance the overall efficiency and effectiveness of project delivery Provide regular updates and reports to senior management on project performance and key metrics Qualification Minimum 8 years of experience in a similar planning and coordination role; project management experience in urban developments Proven track record of successfully managing complex construction projects, from planning to completion Excellent project management skills, including the ability to develop and execute detailed project plans Strong communication and stakeholder management skills, with the ability to effectively liaise with cross-functional teams Proficient in the use of project management software and tools Ability to work under pressure and meet tight deadlines Bachelor's degree in civil engineering, construction management, or a related field","<ol><li><p>Develop and implement detailed project plans, including timelines, resource allocation, and budget management</p></li><li><p>Able to render advisory on project management for urban developments (eg. office &amp; residential buildings)</p></li><li><p>Coordinate cross-functional teams to ensure seamless collaboration and efficient project execution</p></li><li><p>Monitor project progress, identify potential issues, and implement appropriate corrective actions</p></li><li><p>Liaise with stakeholders, including clients, subcontractors, and internal teams, to manage expectations and communicate project status</p></li><li><p>Identify and implement process improvements to enhance the overall efficiency and effectiveness of project delivery</p></li><li><p>Provide regular updates and reports to senior management on project performance and key metrics</p></li></ol><p><strong>Qualification</strong></p><ol><li><p>Minimum 8 years of experience in a similar planning and coordination role; project management experience in urban developments</p></li><li><p>Proven track record of successfully managing complex construction projects, from planning to completion</p></li><li><p>Excellent project management skills, including the ability to develop and execute detailed project plans</p></li><li><p>Strong communication and stakeholder management skills, with the ability to effectively liaise with cross-functional teams</p></li><li><p>Proficient in the use of project management software and tools</p></li><li><p>Ability to work under pressure and meet tight deadlines</p></li><li><p>Bachelor's degree in civil engineering, construction management, or a related field</p></li></ol><p><br></p>","https://id.jobstreet.com/job/92174610"
"92415859","Electrical Engineer (Check & Lead)","CTCI","Central Jakarta, Jakarta",,"Contract/Temp","Engineering","Electrical/Electronic Engineering","2026-05-29T09:32:01.000Z","Position 1: Electrical Check Engineer Duties and Responsibilities: 1. Collaborate with the Electrical Lead Engineer to align the design scope and objectives. 2. Review project requirements, technical specifications, and applicable codes and standards, and participate in design reviews and quality assurance processes to ensure compliance. 3. Support project planning and execution by engaging in relevant meetings, performing necessary quality assurance and design verification activities. 4. Develop and review electrical engineering documents, including drawings, specifications, calculations, design documents, and schedules. 5. Conduct power system analyses, including load flow studies, short circuit calculations, arc flash assessments, and harmonic analysis. 6. Collaborate with multidisciplinary engineering teams, including process, mechanical, piping, instrumentation and control, to achieve fully integrated system design and execution. 7. Contribute to the preparation of technical input during bidding activities and support execution to meet defined timelines and cost targets. 8. Provide technical input and support throughout procurement, construction, and commissioning phases. 9. Assist in testing and commissioning activities, including site visits and surveys, and provide technical support during construction by addressing site queries and reviewing on-site conditions. 10. Proactively identify technical issues and risks and take both corrective and preventive actions to resolve and mitigate them. 11. Contribute to continuous improvement within the discipline and organization, including development of work instructions, design guidelines, and value engineering initiatives. Qualifications, Skills and Competencies: 1. Bachelor’s degree in electrical engineering. 2. Minimum of 6 years of experience in engineering consultant or EPC contractor. 3. Experience in bidding activities is an advantage. 4. Experience in FEED is an advantage. 5. Good understanding of electrical engineering fundamentals, including circuit design and electronic systems. 6. Familiar with IEC standards and industry practices, including relevant local regulations. 7. Proficient in relevant electrical engineering tools (e.g., ETAP, Dialux Evo, AutoCAD, or other power study simulation software). 8. Good understanding of construction methods and practices. 9. Excellent problem-solving and analytical skills. 10. Strong interpersonal skills with strong attention to detail. 11. Proficient in English, both written and verbal. 12. Certificate of Competence with qualification Associate Expert in Electrical Engineering (optional). 13. Willing to be assigned to the site if project is required. Position 2: Electrical Lead Engineer Duties and Responsibilities: 1. Lead and coordinate electrical engineering design activities for assigned projects or specific project scopes. 2. Define and maintain clear project scope requirements and coordinate any scope modifications through the established change management process. 3. Review project requirements, technical specifications, and applicable codes and standards, and participate in design reviews and quality assurance processes to ensure compliance. 4. Support project planning and execution by engaging in relevant meetings, preparing progress reports, and performing necessary quality assurance and design verification activities. 5. Develop electrical engineering deliverables, including drawings, specifications, calculations, design documents, and schedules, as part of project design and documentation requirements. 6. Conduct power system analyses, including load flow studies, short circuit calculations, arc flash assessments, and harmonic analysis. 7. Collaborate with multidisciplinary engineering teams, including process, mechanical, piping, instrumentation and control, to achieve fully integrated system design and execution. 8. Lead the preparation of technical input during bidding activities and support execution to meet defined timelines and cost targets. 9. Provide technical input and support throughout procurement, construction, and commissioning phases. 10. Assist in testing and commissioning activities, including site visits and surveys, and provide technical support during construction by addressing site queries and reviewing on-site conditions. 11. Proactively identify technical issues and risks and take both corrective and preventive actions to resolve and mitigate them. 12. Contribute to continuous improvement within the discipline and organization, including development of work instructions, design guidelines, and value engineering initiatives. 13. Provide mentorship, technical guidance, and training to junior and intermediate engineers to build team capability and competencies. Qualifications, Skills and Competencies: 1. Bachelor’s degree in electrical engineering. 2. Minimum of 9 years of experience in engineering consultant or EPC contractor. 3. Minimum of 2 years of experience as lead engineers or other project management positions. 4. Experience in bidding and project execution activities. 5. Experience in FEED is an advantage. 6. Good understanding of electrical engineering fundamentals, including circuit design and electronic systems. 7. Familiar with IEC standards and industry practices, including relevant local regulations. 8. Proficient in relevant electrical engineering tools (e.g., ETAP, Dialux Evo, AutoCAD, or other power study simulation software). 9. Good understanding of construction methods and practices. 10. Strong leadership and mentoring skills. 11. Excellent problem-solving and analytical skills. 12. Strong interpersonal skills with a professional attitude, consistent performance, and strong attention to detail. 13. Proficient in English, both written and verbal. 14. Certificate of Competence with qualification Senior Expert in Electrical Engineering (optional). 15. Willing to be assigned to the site if project is required.","<h2><strong>Position 1: Electrical Check Engineer</strong></h2><p><strong>Duties and Responsibilities:</strong></p><p>1.&nbsp;&nbsp;&nbsp; Collaborate with the Electrical Lead Engineer to align the design scope and objectives.</p><p>2.&nbsp;&nbsp;&nbsp; Review project requirements, technical specifications, and applicable codes and standards, and participate in design reviews and quality assurance processes to ensure compliance.</p><p>3.&nbsp;&nbsp;&nbsp; Support project planning and execution by engaging in relevant meetings, performing necessary quality assurance and design verification activities.</p><p>4.&nbsp;&nbsp;&nbsp; Develop and review electrical engineering documents, including drawings, specifications, calculations, design documents, and schedules.</p><p>5.&nbsp;&nbsp;&nbsp; Conduct power system analyses, including load flow studies, short circuit calculations, arc flash assessments, and harmonic analysis.</p><p>6.&nbsp;&nbsp;&nbsp; Collaborate with multidisciplinary engineering teams, including process, mechanical, piping, instrumentation and control, to achieve fully integrated system design and execution.</p><p>7.&nbsp;&nbsp;&nbsp; Contribute to the preparation of technical input during bidding activities and support execution to meet defined timelines and cost targets.</p><p>8.&nbsp;&nbsp;&nbsp; Provide technical input and support throughout procurement, construction, and commissioning phases.</p><p>9.&nbsp;&nbsp;&nbsp; Assist in testing and commissioning activities, including site visits and surveys, and provide technical support during construction by addressing site queries and reviewing on-site conditions.</p><p>10.&nbsp; Proactively identify technical issues and risks and take both corrective and preventive actions to resolve and mitigate them.</p><p>11.&nbsp; Contribute to continuous improvement within the discipline and organization, including development of work instructions, design guidelines, and value engineering initiatives.</p><p><br></p><p><strong>Qualifications, Skills and Competencies:</strong></p><p>1.&nbsp;&nbsp;&nbsp; Bachelor’s degree in electrical engineering.</p><p>2.&nbsp;&nbsp;&nbsp; Minimum of 6 years of experience in engineering consultant or EPC contractor.</p><p>3.&nbsp;&nbsp;&nbsp; Experience in bidding activities is an advantage.</p><p>4.&nbsp;&nbsp;&nbsp; Experience in FEED is an advantage.</p><p>5.&nbsp;&nbsp;&nbsp; Good understanding of electrical engineering fundamentals, including circuit design and electronic systems.</p><p>6.&nbsp;&nbsp;&nbsp; Familiar with IEC standards and industry practices, including relevant local regulations.</p><p>7.&nbsp;&nbsp;&nbsp; Proficient in relevant electrical engineering tools (e.g., ETAP, Dialux Evo, AutoCAD, or other power study simulation software).</p><p>8.&nbsp;&nbsp;&nbsp; Good understanding of construction methods and practices.</p><p>9.&nbsp;&nbsp;&nbsp; Excellent problem-solving and analytical skills.</p><p>10.&nbsp; Strong interpersonal skills with strong attention to detail.</p><p>11.&nbsp; Proficient in English, both written and verbal.</p><p>12.&nbsp; Certificate of Competence with qualification Associate Expert in Electrical Engineering (optional).</p><p>13.&nbsp; Willing to be assigned to the site if project is required.</p><p><br></p><h2><strong>Position 2: Electrical Lead Engineer</strong></h2><p><strong>Duties and Responsibilities:</strong></p><p>1.&nbsp;&nbsp;&nbsp; Lead and coordinate electrical engineering design activities for assigned projects or specific project scopes.</p><p>2.&nbsp;&nbsp;&nbsp; Define and maintain clear project scope requirements and coordinate any scope modifications through the established change management process.</p><p>3.&nbsp;&nbsp;&nbsp; Review project requirements, technical specifications, and applicable codes and standards, and participate in design reviews and quality assurance processes to ensure compliance.</p><p>4.&nbsp;&nbsp;&nbsp; Support project planning and execution by engaging in relevant meetings, preparing progress reports, and performing necessary quality assurance and design verification activities.</p><p>5.&nbsp;&nbsp;&nbsp; Develop electrical engineering deliverables, including drawings, specifications, calculations, design documents, and schedules, as part of project design and documentation requirements.</p><p>6.&nbsp;&nbsp;&nbsp; Conduct power system analyses, including load flow studies, short circuit calculations, arc flash assessments, and harmonic analysis.</p><p>7.&nbsp;&nbsp;&nbsp; Collaborate with multidisciplinary engineering teams, including process, mechanical, piping, instrumentation and control, to achieve fully integrated system design and execution.</p><p>8.&nbsp;&nbsp;&nbsp; Lead the preparation of technical input during bidding activities and support execution to meet defined timelines and cost targets.</p><p>9.&nbsp;&nbsp;&nbsp; Provide technical input and support throughout procurement, construction, and commissioning phases.</p><p>10.&nbsp; Assist in testing and commissioning activities, including site visits and surveys, and provide technical support during construction by addressing site queries and reviewing on-site conditions.</p><p>11.&nbsp; Proactively identify technical issues and risks and take both corrective and preventive actions to resolve and mitigate them.</p><p>12.&nbsp; Contribute to continuous improvement within the discipline and organization, including development of work instructions, design guidelines, and value engineering initiatives.</p><p>13.&nbsp; Provide mentorship, technical guidance, and training to junior and intermediate engineers to build team capability and competencies.</p><p><br></p><p><strong>Qualifications, Skills and Competencies:</strong></p><p>1.&nbsp;&nbsp;&nbsp; Bachelor’s degree in electrical engineering.</p><p>2.&nbsp;&nbsp;&nbsp; Minimum of 9 years of experience in engineering consultant or EPC contractor.</p><p>3.&nbsp;&nbsp;&nbsp; Minimum of 2 years of experience as lead engineers or other project management positions.</p><p>4.&nbsp;&nbsp;&nbsp; Experience in bidding and project execution activities.</p><p>5.&nbsp;&nbsp;&nbsp; Experience in FEED is an advantage.</p><p>6.&nbsp;&nbsp;&nbsp; Good understanding of electrical engineering fundamentals, including circuit design and electronic systems.</p><p>7.&nbsp;&nbsp;&nbsp; Familiar with IEC standards and industry practices, including relevant local regulations.</p><p>8.&nbsp;&nbsp;&nbsp; Proficient in relevant electrical engineering tools (e.g., ETAP, Dialux Evo, AutoCAD, or other power study simulation software).</p><p>9.&nbsp;&nbsp;&nbsp; Good understanding of construction methods and practices.</p><p>10.&nbsp; Strong leadership and mentoring skills.</p><p>11.&nbsp; Excellent problem-solving and analytical skills.</p><p>12.&nbsp; Strong interpersonal skills with a professional attitude, consistent performance, and strong attention to detail.</p><p>13.&nbsp; Proficient in English, both written and verbal.</p><p>14.&nbsp; Certificate of Competence with qualification Senior Expert in Electrical Engineering (optional).</p><p>15.&nbsp; Willing to be assigned to the site if project is required.</p>","https://id.jobstreet.com/job/92415859"
"92284928","Solar Engineer EPC - Serpong - WFO (ID: 695654)","PERSOL","Serpong, Banten","Rp 5.000.000 – Rp 7.500.000 per month","Full time","Engineering","Other","2026-05-22T08:57:33.000Z","Requirements: Bachelor’s Degree in Electrical Engineering / Renewable Energy / related field Has 2-3 years of experience in solar EPC projects Strong experience in solar PV system design (AC/DC, PV layout, protection system) Experience with energy storage (BESS) is highly preferred Proficiency in engineering software (e.g., PVsyst, AutoCAD, ETAP, or equivalent) Good understanding of electrical standards and solar industry codes Strong problem-solving and analytical skills Job Responsibilities: Design PV systems (DC/AC) and integrate storage (BESS if required). Support EPC project lifecycle from engineering to commissioning. Prepare SLDs, drawings, and technical calculations. Conduct site assessment and ensure design compliance with standards. Review vendor/subcontractor proposals and optimize system design. Manage multiple projects with strong ownership and on-time delivery. By sending us your personal data and curriculum vitae (CV), you are deemed to consent to PERSOL Indonesia and its local and overseas subsidiaries and affiliates collecting, using and disclosing your personal data to prospective employers/companies based in any country for purposes of evaluating suitability for employment, conducting reference checks, administering employment related services, complying with Government’s COVID-19 health advisories and such other purposes stated in our privacy policy. Our full privacy policy is available at www.persolindonesia.com. If you wish to withdraw your consent, please drop us an email to let us know. Please feel free to contact us if you have any queries.","<p><strong>Requirements:</strong></p><ul><li><p>Bachelor’s Degree in Electrical Engineering / Renewable Energy / related field</p></li><li><p>Has 2-3 years of experience in solar EPC projects</p></li><li><p>Strong experience in <strong>solar PV system design (AC/DC, PV layout, protection system)</strong></p></li><li><p>Experience with <strong>energy storage (BESS)</strong> is highly preferred</p></li><li><p>Proficiency in engineering software (e.g., PVsyst, AutoCAD, ETAP, or equivalent)</p></li><li><p>Good understanding of electrical standards and solar industry codes</p></li><li><p>Strong problem-solving and analytical skills</p></li></ul><p><br></p><p><strong>Job Responsibilities:</strong></p><ul><li><p>Design PV systems (DC/AC) and integrate storage (BESS if required).</p></li><li><p>Support EPC project lifecycle from engineering to commissioning.</p></li><li><p>Prepare SLDs, drawings, and technical calculations.</p></li><li><p>Conduct site assessment and ensure design compliance with standards.</p></li><li><p>Review vendor/subcontractor proposals and optimize system design.</p></li><li><p>Manage multiple projects with strong ownership and on-time delivery.</p></li></ul><p><br></p><p><br></p><p><strong><em>By sending us your personal data and curriculum vitae (CV), you are deemed to consent to PERSOL Indonesia and its local and overseas subsidiaries and affiliates collecting, using and disclosing your personal data to prospective employers/companies based in any country for purposes of evaluating&nbsp; suitability for employment, conducting reference checks, administering employment related services, complying with Government’s COVID-19 health advisories and such other purposes stated in our privacy policy. Our full privacy policy is available at www.persolindonesia.com.&nbsp; If you wish to withdraw your consent, please drop us an email to let us know. Please feel free to contact us if you have any queries.</em></strong></p>","https://id.jobstreet.com/job/92284928"
"92188622","Electrical Engineer (for Design and Engineering)","Teamworx Indonesia","South Jakarta, Jakarta",,"Contract/Temp","Engineering","Electrical/Electronic Engineering","2026-05-19T01:30:52.000Z","Qualifications: 🔹 Bachelor’s degree in Electrical Engineering 🔹 Minimum 3–5 years of experience in industrial projects 🔹 Strong technical knowledge in electrical design, power distribution, and control systems 🔹 Proficient in AutoCAD or similar design software 🔹 Excellent analytical, coordination, and communication skills Job Description: 🔸 Develop and review electrical system designs, drawings, and specifications 🔸 Ensure designs comply with safety standards and project requirements 🔸 Coordinate with multidisciplinary teams (mechanical, civil, and instrumentation) 🔸 Support site teams during installation and commissioning phases 🔸 Conduct technical evaluations and provide design solutions to improve efficiency","<p><strong>Qualifications:</strong><br>🔹 Bachelor’s degree in Electrical Engineering<br>🔹 Minimum<strong> </strong>3–5 years of experience in industrial projects<br>🔹 Strong technical knowledge in electrical design, power distribution, and control systems<br>🔹 Proficient in AutoCAD or similar design software<br>🔹 Excellent analytical, coordination, and communication skills<br><br><strong>Job Description:</strong><br>🔸 Develop and review electrical system designs, drawings, and specifications<br>🔸 Ensure designs comply with safety standards and project requirements<br>🔸 Coordinate with multidisciplinary teams (mechanical, civil, and instrumentation)<br>🔸 Support site teams during installation and commissioning phases<br>🔸 Conduct technical evaluations and provide design solutions to improve efficiency</p><p><br></p>","https://id.jobstreet.com/job/92188622"
"92456696","Senior Software Engineer / Tech Lead - (Java , React Native) - Full Remote","ATech Solution","Bali",,"Full time","Information & Communication Technology","Engineering - Software","2026-06-02T03:48:00.000Z","Role Overview We’re looking for a seasoned Technical Lead who excels in both hands-on development and team leadership. This hybrid role balances technical execution with managerial responsibilities, contributing to full stack development using React Native and ReactJS while guiding a high-performing engineering team. You’ll help drive digital transformation initiatives, ensuring timely delivery of quality solutions and shaping the technical roadmap. Responsibilities Team Leadership (30%) Provide mentorship and leadership to software engineers, fostering a collaborative and accountable team culture. Manage sprint planning, task distribution, and progress tracking to ensure efficient delivery of software projects. Serve as the main technical liaison for stakeholders, aligning development efforts with business objectives. Conduct code reviews and offer feedback to maintain high engineering standards. Support team growth through coaching, performance evaluations, and skill development. Technical Development (70%) Design and build scalable mobile & Web applications using React Native and ReactJS. Collaborate with analysts and stakeholders to define requirements and translate them into technical solutions. Develop RESTful APIs, integrate with AWS services, and ensure smooth communication between frontend and backend components. Evaluate emerging technologies for potential adoption to enhance team capabilities. Requirements: Bachelor’s degree or higher in Computer Science, Information Technology, or a related field. At least 5 years development experience with strong expertise in either Java or React Native 2 years + experience in both Java & React Native Full stack development would be definitely an advantage Demonstrated success in leading development teams and delivering complex software projects. Deep understanding of RESTful APIs, API Gateway, AWS, and cloud-native development practices. Candidates without management experience will be considered as Senior Fullstack Developer Bonus skills include React Native, .NET framework, and knowledge of financial systems such as Trading, Data Warehousing, Accounting, Reporting, Payment Gateway, and KYC/AML. Strong communication, problem-solving, and organizational abilities. Self-driven and adaptable to fast-paced, dynamic environments.","<p><strong>Role Overview</strong><br>We’re looking for a seasoned Technical Lead who excels in both hands-on development and team leadership. This hybrid role balances technical execution with managerial responsibilities, contributing to full stack development using React Native and ReactJS while guiding a high-performing engineering team. You’ll help drive digital transformation initiatives, ensuring timely delivery of quality solutions and shaping the technical roadmap.</p><p><br></p><p><strong>Responsibilities<br>Team Leadership (30%)</strong></p><ul><li><p>Provide mentorship and leadership to software engineers, fostering a collaborative and accountable team culture.</p></li><li><p>Manage sprint planning, task distribution, and progress tracking to ensure efficient delivery of software projects.</p></li><li><p>Serve as the main technical liaison for stakeholders, aligning development efforts with business objectives.</p></li><li><p>Conduct code reviews and offer feedback to maintain high engineering standards.</p></li><li><p>Support team growth through coaching, performance evaluations, and skill development.</p></li></ul><p><br></p><p><strong>Technical Development (70%)</strong></p><ul><li><p>Design and build scalable mobile &amp; Web applications using React Native and ReactJS.</p></li><li><p>Collaborate with analysts and stakeholders to define requirements and translate them into technical solutions.</p></li><li><p>Develop RESTful APIs, integrate with AWS services, and ensure smooth communication between frontend and backend components.</p></li><li><p>Evaluate emerging technologies for potential adoption to enhance team capabilities.</p></li></ul><p><br></p><p><strong>Requirements:</strong></p><ul><li><p>Bachelor’s degree or higher in Computer Science, Information Technology, or a related field.</p></li><li><p>At least 5 years development experience with strong expertise in either Java or React Native</p></li><li><p>2 years + experience in both Java &amp; React Native Full stack development would be definitely an advantage</p></li><li><p>Demonstrated success in leading development teams and delivering complex software projects.</p></li><li><p>Deep understanding of RESTful APIs, API Gateway, AWS, and cloud-native development practices.</p></li><li><p>Candidates without management experience will be considered as Senior Fullstack Developer</p></li></ul><p><strong>Bonus skills</strong> include React Native, .NET framework, and knowledge of financial systems such as Trading, Data Warehousing, Accounting, Reporting, Payment Gateway, and KYC/AML. Strong communication, problem-solving, and organizational abilities. Self-driven and adaptable to fast-paced, dynamic environments.</p><p><br></p>","https://id.jobstreet.com/job/92456696"
"92088570","Software Engineer, Backend","Transportation Solutions Indonesia","Kebayoran Lama, Jakarta",,"Full time","Information & Communication Technology","Engineering - Software","2026-05-13T07:01:38.000Z","Company Description About Grab and Our Workplace Grab is Southeast Asia's leading superapp. From getting your favourite meals delivered to helping you manage your finances and getting around town hassle-free, we've got your back with everything. In Grab, purpose gives us joy and habits to build excellence, while harnessing the power of Technology and AI to deliver the mission of driving Southeast Asia forward by economically empowering everyone, with heart, hunger, honour, and humility. Job Description Get to know our Team At GrabFin, we empower the people of Southeast Asia, from consumers and drivers to every-day entrepreneurs, by ensuring financial inclusion for the underserved. The team is building solutions by enabling our partners (i.e. drivers and merchants) to get access to financial services (lending and insurance) products for their everyday needs. Get to know the Role You will report to the Engineering Manager, Insurance, based in Indonesia and will develop the complex backend systems powering the many end-to-end user journeys across all Insurance products available in multiple Grab apps. We're looking for candidates that embody ownership, display a hunger for learning and improvement, excel in autonomy, and have the desire to go above and beyond expectations. The Critical Tasks You Will Perform You will develop high-quality and scalable backend applications You will write clean, efficient, and maintainable code to solve challenging problems in the InsurTech domain You will collaborate with diverse teams to design, and ship new features You will participate in code reviews to maintain code quality and share knowledge You will participate in On-Call rotations to ensure the reliability of services Qualifications What Essential Skills You Will Need 2+ Years of relevant experience in software development, with proficiency in one of the major programming languages, e.g., Java (preferred) and Golang, relational databases such as MySQL, PostgreSQL, or Oracle and code versioning systems like Git Computer Science fundamentals in algorithms and data structures, and capability to recognise when to use them Additional Information Life at Grab We care about your well-being at Grab, here are some of the global benefits we offer: We have your back with Term Life Insurance and comprehensive Medical Insurance. With GrabFlex, create a benefits package that suits your needs and aspirations. Celebrate moments that matter in life with loved ones through Parental and Birthday leave, and give back to your communities through Love-all-Serve-all (LASA) volunteering leave We have a confidential Grabber Assistance Programme to guide and uplift you and your loved ones through life's challenges. What We Stand For At Grab We are committed to building an inclusive and equitable workplace that provides equal opportunity for Grabbers to grow and perform at their best. We consider all candidates fairly and equally regardless of nationality, ethnicity, race, religion, age, gender, family commitments, physical and mental impairments or disabilities, and other attributes that make them unique.","<div><p>
<strong>Company Description</strong><br>
</p></div>
<div><div>
<p><strong>About Grab and Our Workplace</strong></p>
<p>Grab is Southeast Asia's leading superapp. From getting your favourite meals delivered to helping you manage your finances and getting around town hassle-free, we've got your back with everything. In Grab, purpose gives us joy and habits to build excellence, while harnessing the power of Technology and AI to deliver the mission of driving Southeast Asia forward by economically empowering everyone, with heart, hunger, honour, and humility.</p>
</div></div>
<div><p>
<strong>Job Description</strong><br>
</p></div>
<div><div>
<p><strong>Get to know our Team</strong></p>
<p>At GrabFin, we empower the people of Southeast Asia, from consumers and drivers to every-day entrepreneurs, by ensuring financial inclusion for the underserved. The team is building solutions by enabling our partners (i.e. drivers and merchants) to get access to financial services (lending and insurance) products for their everyday needs.</p>
<p><strong>Get to know the Role</strong></p>
<p>You will report to the Engineering Manager, Insurance, based in Indonesia and will develop the complex backend systems powering the many end-to-end user journeys across all Insurance products available in multiple Grab apps. We're looking for candidates that embody ownership, display a hunger for learning and improvement, excel in autonomy, and have the desire to go above and beyond expectations.</p>
<p><strong>The Critical Tasks You Will Perform</strong></p>
<ul>
<li>You will develop high-quality and scalable backend applications</li>
<li>You will write clean, efficient, and maintainable code to solve challenging problems in the InsurTech domain</li>
<li>You will collaborate with diverse teams to design, and ship new features</li>
<li>You will participate in code reviews to maintain code quality and share knowledge</li>
<li>You will participate in On-Call rotations to ensure the reliability of services</li>
</ul>
</div></div>
<div><p>
<strong>Qualifications</strong><br>
</p></div>
<div><div>
<p><strong>What Essential Skills You Will Need</strong></p>
<ul>
<li>2+ Years of relevant experience in software development, with proficiency in one of the major programming languages, e.g., Java (preferred) and Golang, relational databases such as MySQL, PostgreSQL, or Oracle and code versioning systems like Git</li>
<li>Computer Science fundamentals in algorithms and data structures, and capability to recognise when to use them</li>
</ul>
</div></div>
<div><p>
<strong>Additional Information</strong><br>
</p></div>
<div><div>
<p><strong>Life at Grab</strong></p>
<p>We care about your well-being at Grab, here are some of the global benefits we offer:</p>
<ul>
<li>We have your back with Term Life Insurance and comprehensive Medical Insurance.</li>
<li>With GrabFlex, create a benefits package that suits your needs and aspirations.</li>
<li>Celebrate moments that matter in life with loved ones through Parental and Birthday leave, and give back to your communities through Love-all-Serve-all (LASA) volunteering leave</li>
<li>We have a confidential Grabber Assistance Programme to guide and uplift you and your loved ones through life's challenges.</li>
</ul>
<p><strong>What We Stand For At Grab</strong></p>
<p>We are committed to building an inclusive and equitable workplace that provides equal opportunity for Grabbers to grow and perform at their best. We consider all candidates fairly and equally regardless of nationality, ethnicity, race, religion, age, gender, family commitments, physical and mental impairments or disabilities, and other attributes that make them unique.</p>
</div></div>","https://id.jobstreet.com/job/92088570"
"92279493","Sales IT Software","Lawencon International","South Jakarta, Jakarta",,"Full time","Sales","New Business Development","2026-05-22T06:17:55.000Z","Job Responsibilities Execute the company’s business plan by actively acquiring new customers to achieve divisional and organizational targets. Identify, develop, and manage sales opportunities through strategic networking, converting prospects into long-term business partnerships. Maintain up-to-date professional and technical knowledge through continuous learning and relationship-building within the industry. Promote the company’s products and services by understanding and addressing client needs and anticipating future requirements. Arrange and conduct business meetings with prospective clients to explore new opportunities. Prepare and deliver compelling presentations to potential clients and internal stakeholders. Negotiate contract terms with clients and coordinate effectively with relevant stakeholders. Maintain accurate sales records and documentation through the Sales Reporting System. Provide reliable feedback and ensure excellent after-sales support to maintain customer satisfaction. Contribute to team success by achieving related results and supporting overall business objectives. Job Requirements Bachelor’s Degree in Information Technology, Engineering, or a related field from a reputable university. Minimum of 1 year of experience in a related field. Proven experience in business development, sales, or a similar role. Prior experience in IT or software sales is preferred. Experience in selling enterprise software solutions, including ERP and HRIS systems is highly desirable Demonstrated track record of achieving sales targets. Strong administrative skills with a customer-focused approach. Solid market knowledge, along with excellent time management and planning skills. Proficient in Microsoft Office applications. Familiarity with CRM tools such as Zoho is an advantage. Proficiency in key competencies: Sales, Marketing, Negotiation, Digital Marketing, CRM systems, Customer Service Orientation, and Client Relationship Management.","<p><strong>Job Responsibilities</strong></p><ul><li><p>Execute the company’s business plan by actively acquiring new customers to achieve divisional and organizational targets.</p></li><li><p>Identify, develop, and manage sales opportunities through strategic networking, converting prospects into long-term business partnerships.</p></li><li><p>Maintain up-to-date professional and technical knowledge through continuous learning and relationship-building within the industry.</p></li><li><p>Promote the company’s products and services by understanding and addressing client needs and anticipating future requirements.</p></li><li><p>Arrange and conduct business meetings with prospective clients to explore new opportunities.</p></li><li><p>Prepare and deliver compelling presentations to potential clients and internal stakeholders.</p></li><li><p>Negotiate contract terms with clients and coordinate effectively with relevant stakeholders.</p></li><li><p>Maintain accurate sales records and documentation through the Sales Reporting System.</p></li><li><p>Provide reliable feedback and ensure excellent after-sales support to maintain customer satisfaction.</p></li><li><p>Contribute to team success by achieving related results and supporting overall business objectives.</p></li></ul><p><br></p><p><strong>Job Requirements</strong></p><ul><li><p>Bachelor’s Degree in Information Technology, Engineering, or a related field from a reputable university.</p></li><li><p>Minimum of 1 year of experience in a related field.</p></li><li><p>Proven experience in business development, sales, or a similar role.</p></li><li><p><strong>Prior experience in IT or software sales is preferred.</strong></p></li><li><p>Experience in selling enterprise software solutions, including ERP and HRIS systems is highly desirable</p></li><li><p>Demonstrated track record of achieving sales targets.</p></li><li><p>Strong administrative skills with a customer-focused approach.</p></li><li><p>Solid market knowledge, along with excellent time management and planning skills.</p></li><li><p>Proficient in Microsoft Office applications.</p></li><li><p>Familiarity with CRM tools such as Zoho is an advantage.</p></li><li><p>Proficiency in key competencies: Sales, Marketing, Negotiation, Digital Marketing, CRM systems, Customer Service Orientation, and Client Relationship Management.</p></li></ul><p><br></p>","https://id.jobstreet.com/job/92279493"
